{
	"credit": "by YSBB Made with Blockbench",
	"render_type": "cutout",
	"texture_size": [64, 64],
	"textures": {
		"1": "block/diorite",
		"particle": "block/diorite"
	},
	"elements": [
		{
			"name": "Head",
			"from": [3.5, 6, 6],
			"to": [11.5, 14, 14],
			"rotation": {"angle": 0, "axis": "z", "origin": [7.5, 10, 9.40742]},
			"faces": {
				"north": {"uv": [2, 2, 4, 4], "texture": "#1"},
				"east": {"uv": [0, 2, 2, 4], "texture": "#1"},
				"south": {"uv": [6, 2, 8, 4], "texture": "#1"},
				"west": {"uv": [4, 2, 6, 4], "texture": "#1"},
				"up": {"uv": [4, 2, 2, 0], "texture": "#1"},
				"down": {"uv": [6, 0, 4, 2], "texture": "#1"}
			}
		},
		{
			"name": "Hat Layer",
			"from": [3.15, 5.65, 5.65],
			"to": [11.85, 14.35, 14.35],
			"rotation": {"angle": 0, "axis": "z", "origin": [7.5, 10, 9.40742]},
			"faces": {
				"north": {"uv": [10, 2, 14, 6], "texture": "#1"},
				"east": {"uv": [8, 2, 12, 6], "texture": "#1"},
				"south": {"uv": [12, 2, 16, 6], "texture": "#1"},
				"west": {"uv": [10, 2, 14, 6], "texture": "#1"},
				"up": {"uv": [14, 4, 10, 0], "texture": "#1"},
				"down": {"uv": [16, 0, 12, 4], "texture": "#1"}
			}
		},
		{
			"name": "Hat Layer",
			"from": [3.15, 5.65, 5.9],
			"to": [11.85, 5.65, 14.1],
			"rotation": {"angle": 0, "axis": "z", "origin": [7.5, 5.65, 10]},
			"faces": {
				"up": {"uv": [14, 0, 12, 2], "rotation": 180, "texture": "#1"}
			}
		},
		{
			"name": "Body",
			"from": [4.5, 0, 7.90742],
			"to": [10.5, 7, 11.90742],
			"rotation": {"angle": 0, "axis": "y", "origin": [7, 7.9125, 8.32871]},
			"faces": {
				"north": {"uv": [6.5, 4.75, 9.5, 8.25], "texture": "#1"},
				"east": {"uv": [7.75, 7, 9.75, 10.5], "texture": "#1"},
				"south": {"uv": [6.5, 7, 9.5, 10.5], "texture": "#1"},
				"west": {"uv": [7.75, 7, 10.75, 10.5], "texture": "#1"},
				"up": {"uv": [2.75, 7, 0, 5], "texture": "#1"},
				"down": {"uv": [8, 10, 5, 8], "texture": "#1"}
			}
		},
		{
			"name": "Right Arm",
			"from": [7.12215, -1.3656, 8.45742],
			"to": [10.12215, 4.6344, 11.45742],
			"rotation": {"angle": 22.5, "axis": "z", "origin": [5.5, 8.1625, 7.57871]},
			"faces": {
				"north": {"uv": [5.25, 5.25, 7, 8.75], "texture": "#1"},
				"east": {"uv": [5.25, 5.25, 7, 8.75], "texture": "#1"},
				"south": {"uv": [5.25, 5.25, 7, 8.75], "texture": "#1"},
				"west": {"uv": [5.25, 5.25, 7, 8.75], "texture": "#1"},
				"up": {"uv": [7, 8.75, 5.25, 7], "texture": "#1"},
				"down": {"uv": [7, 7, 5.25, 8.75], "texture": "#1"}
			}
		},
		{
			"name": "Right Arm",
			"from": [2.63269, 0.32612, 8.45742],
			"to": [5.63269, 6.32612, 11.45742],
			"rotation": {"angle": -22.5, "axis": "z", "origin": [4.13269, 3.32612, 9.95742]},
			"faces": {
				"north": {"uv": [5.25, 5.25, 7, 8.75], "texture": "#1"},
				"east": {"uv": [5.25, 5.25, 7, 8.75], "texture": "#1"},
				"south": {"uv": [5.25, 5.25, 7, 8.75], "texture": "#1"},
				"west": {"uv": [5.25, 5.25, 7, 8.75], "texture": "#1"},
				"up": {"uv": [7, 8.75, 5.25, 7], "texture": "#1"},
				"down": {"uv": [7, 8, 5.25, 9.75], "texture": "#1"}
			}
		},
		{
			"name": "Right Leg",
			"from": [8.25, 0.01, 2],
			"to": [11.25, 3.01, 7],
			"rotation": {"angle": -22.5, "axis": "y", "origin": [6.75, 7.6625, 6.82871]},
			"faces": {
				"north": {"uv": [11, 6, 9.25, 7.75], "texture": "#1"},
				"east": {"uv": [8.25, 5.5, 10, 8.75], "rotation": 270, "texture": "#1"},
				"south": {"uv": [11, 6.25, 9.25, 4.5], "texture": "#1"},
				"west": {"uv": [8.25, 3.5, 10, 6.75], "rotation": 90, "texture": "#1"},
				"up": {"uv": [8.25, 3.5, 10, 6.75], "rotation": 180, "texture": "#1"},
				"down": {"uv": [8.25, 3.5, 10, 6.75], "texture": "#1"}
			}
		},
		{
			"name": "Left Leg",
			"from": [4, 0.01, 2.5],
			"to": [7, 3.01, 7.5],
			"rotation": {"angle": 22.5, "axis": "y", "origin": [7.5, 7.6625, 7.57871]},
			"faces": {
				"north": {"uv": [11, 5, 9.25, 6.75], "rotation": 180, "texture": "#1"},
				"east": {"uv": [8.25, 3.5, 10, 6.75], "rotation": 270, "texture": "#1"},
				"south": {"uv": [13.75, 8.75, 12, 7], "texture": "#1"},
				"west": {"uv": [8.25, 2.5, 10, 6.75], "rotation": 90, "texture": "#1"},
				"up": {"uv": [8.25, 2.5, 10, 6.75], "rotation": 180, "texture": "#1"},
				"down": {"uv": [8.25, 2.5, 10, 6.75], "texture": "#1"}
			}
		}
	],
	"display": {
		"thirdperson_righthand": {
			"rotation": [75, 45, 0],
			"translation": [0, 2.5, 0],
			"scale": [0.375, 0.375, 0.375]
		},
		"thirdperson_lefthand": {
			"rotation": [75, 45, 0],
			"translation": [0, 2.5, 0],
			"scale": [0.375, 0.375, 0.375]
		},
		"firstperson_righthand": {
			"rotation": [-9, 155, -3],
			"translation": [0.5, 4, 0],
			"scale": [0.5, 0.5, 0.5]
		},
		"firstperson_lefthand": {
			"rotation": [162.6, 67.03, -171.79],
			"translation": [0.5, 4, 0],
			"scale": [0.5, 0.5, 0.5]
		},
		"ground": {
			"translation": [0, 2, 0],
			"scale": [0.5, 0.5, 0.5]
		},
		"gui": {
			"rotation": [30, 225, 0],
			"translation": [0, 0.25, 0],
			"scale": [0.84, 0.84, 0.84]
		},
		"head": {
			"translation": [0, 14.5, 0]
		},
		"fixed": {
			"rotation": [2, 0, 0],
			"translation": [0, 0, -2.5]
		}
	},
	"groups": [
		{
			"name": "Head",
			"origin": [8, 24, 8],
			"color": 0,
			"children": [0, 1, 2]
		},
		{
			"name": "Body",
			"origin": [8, 24, 8],
			"color": 0,
			"children": [3]
		},
		{
			"name": "RightArm",
			"origin": [13, 22, 8],
			"color": 0,
			"children": [4, 5]
		},
		{
			"name": "LeftArm",
			"origin": [3, 22, 8],
			"color": 0,
			"children": []
		},
		{
			"name": "RightLeg",
			"origin": [9.9, 12, 8],
			"color": 0,
			"children": [6]
		},
		{
			"name": "LeftLeg",
			"origin": [6.1, 12, 8],
			"color": 0,
			"children": [7]
		}
	]
}