{
    "credit": "by YSBB  2025",
    "texture_size": [
        64,
        64
    ],
    "textures": {
        "0": "kaleidoscope:block/doll/s/_baka_9",
        "1": "kaleidoscope:block/doll/s/_baka_9",
        "2": "kaleidoscope:block/doll/s/_baka_9",
        "3": "kaleidoscope:block/doll/s/_baka_9",
        "particle": "kaleidoscope:block/doll/s/_baka_9"
    },
    "elements": [
        {
            "name": "Head",
            "from": [
                3.5,
                6,
                5.25
            ],
            "to": [
                11.5,
                14,
                13.25
            ],
            "rotation": {
                "angle": 0,
                "axis": "y",
                "origin": [
                    7.5,
                    10,
                    8.65742
                ]
            },
            "faces": {
                "north": {
                    "uv": [
                        2,
                        2,
                        4,
                        4
                    ],
                    "texture": "#1"
                },
                "east": {
                    "uv": [
                        0,
                        2,
                        2,
                        4
                    ],
                    "texture": "#1"
                },
                "south": {
                    "uv": [
                        6,
                        2,
                        8,
                        4
                    ],
                    "texture": "#1"
                },
                "west": {
                    "uv": [
                        4,
                        2,
                        6,
                        4
                    ],
                    "texture": "#1"
                },
                "up": {
                    "uv": [
                        4,
                        2,
                        2,
                        0
                    ],
                    "texture": "#1"
                },
                "down": {
                    "uv": [
                        6,
                        0,
                        4,
                        2
                    ],
                    "texture": "#1"
                }
            }
        },
        {
            "name": "Hat Layer",
            "from": [
                3.2,
                5.7,
                4.95
            ],
            "to": [
                11.8,
                14.3,
                13.55
            ],
            "rotation": {
                "angle": 0,
                "axis": "y",
                "origin": [
                    7.5,
                    10,
                    8.65742
                ]
            },
            "faces": {
                "north": {
                    "uv": [
                        10,
                        2,
                        12,
                        4
                    ],
                    "texture": "#1"
                },
                "east": {
                    "uv": [
                        8,
                        2,
                        10,
                        4
                    ],
                    "texture": "#1"
                },
                "south": {
                    "uv": [
                        14,
                        2,
                        16,
                        4
                    ],
                    "texture": "#1"
                },
                "west": {
                    "uv": [
                        12,
                        2,
                        14,
                        4
                    ],
                    "texture": "#1"
                },
                "up": {
                    "uv": [
                        12,
                        2,
                        10,
                        0
                    ],
                    "texture": "#1"
                },
                "down": {
                    "uv": [
                        14,
                        0,
                        12,
                        2
                    ],
                    "texture": "#1"
                }
            }
        },
        {
            "name": "Body",
            "from": [
                4.5,
                0,
                7.15742
            ],
            "to": [
                10.5,
                7,
                11.15742
            ],
            "rotation": {
                "angle": 0,
                "axis": "y",
                "origin": [
                    7,
                    7.9125,
                    7.57871
                ]
            },
            "faces": {
                "north": {
                    "uv": [
                        5.25,
                        5,
                        6.75,
                        6.75
                    ],
                    "texture": "#1"
                },
                "east": {
                    "uv": [
                        8,
                        5,
                        7,
                        6.75
                    ],
                    "texture": "#1"
                },
                "south": {
                    "uv": [
                        8.25,
                        5,
                        9.75,
                        6.75
                    ],
                    "texture": "#1"
                },
                "west": {
                    "uv": [
                        7,
                        5,
                        8,
                        6.75
                    ],
                    "texture": "#1"
                },
                "down": {
                    "uv": [
                        6.75,
                        7,
                        5.25,
                        8
                    ],
                    "texture": "#1"
                }
            }
        },
        {
            "from": [
                4.75,
                3,
                7.05
            ],
            "to": [
                6.75,
                5,
                7.05
            ],
            "rotation": {
                "angle": 0,
                "axis": "y",
                "origin": [
                    3.75,
                    3,
                    7.05
                ]
            },
            "faces": {
                "north": {
                    "uv": [
                        7.75,
                        8,
                        8.5,
                        8.75
                    ],
                    "texture": "#1"
                }
            }
        },
        {
            "from": [
                6.5,
                1,
                10.25
            ],
            "to": [
                8.5,
                3,
                14.25
            ],
            "rotation": {
                "angle": -22.5,
                "axis": "x",
                "origin": [
                    7.5,
                    2,
                    12.25
                ]
            },
            "faces": {
                "north": {
                    "uv": [
                        12,
                        10,
                        12.5,
                        10.5
                    ],
                    "texture": "#1"
                },
                "east": {
                    "uv": [
                        12,
                        10,
                        12.5,
                        11
                    ],
                    "rotation": 90,
                    "texture": "#1"
                },
                "south": {
                    "uv": [
                        12,
                        10,
                        12.5,
                        10.5
                    ],
                    "texture": "#1"
                },
                "west": {
                    "uv": [
                        12,
                        10,
                        12.5,
                        11
                    ],
                    "rotation": 90,
                    "texture": "#1"
                },
                "up": {
                    "uv": [
                        12,
                        11,
                        12.5,
                        10
                    ],
                    "texture": "#1"
                },
                "down": {
                    "uv": [
                        12,
                        10,
                        12.5,
                        11
                    ],
                    "texture": "#1"
                }
            }
        },
        {
            "from": [
                6.49,
                1.99,
                13.34
            ],
            "to": [
                8.51,
                6.01,
                15.36
            ],
            "rotation": {
                "angle": 22.5,
                "axis": "x",
                "origin": [
                    7.5,
                    4,
                    14.35
                ]
            },
            "faces": {
                "north": {
                    "uv": [
                        12,
                        10,
                        12.5,
                        9
                    ],
                    "rotation": 180,
                    "texture": "#1"
                },
                "east": {
                    "uv": [
                        12.5,
                        10,
                        12,
                        9
                    ],
                    "rotation": 180,
                    "texture": "#1"
                },
                "south": {
                    "uv": [
                        12,
                        9,
                        12.5,
                        10
                    ],
                    "texture": "#1"
                },
                "west": {
                    "uv": [
                        12,
                        9,
                        12.5,
                        10
                    ],
                    "texture": "#1"
                },
                "up": {
                    "uv": [
                        12,
                        9,
                        12.5,
                        9.5
                    ],
                    "texture": "#1"
                },
                "down": {
                    "uv": [
                        12,
                        9.25,
                        12.5,
                        9.75
                    ],
                    "rotation": 180,
                    "texture": "#1"
                }
            }
        },
        {
            "name": "Right Arm",
            "from": [
                7.12215,
                -1.6156,
                7.70742
            ],
            "to": [
                10.12215,
                4.3844,
                10.70742
            ],
            "rotation": {
                "angle": 22.5,
                "axis": "z",
                "origin": [
                    5.5,
                    7.9125,
                    6.82871
                ]
            },
            "faces": {
                "north": {
                    "uv": [
                        1.5,
                        5,
                        2.25,
                        6.5
                    ],
                    "texture": "#1"
                },
                "east": {
                    "uv": [
                        1.5,
                        5,
                        2.25,
                        6.5
                    ],
                    "texture": "#1"
                },
                "south": {
                    "uv": [
                        1.5,
                        5,
                        2.25,
                        6.5
                    ],
                    "texture": "#1"
                },
                "west": {
                    "uv": [
                        1.5,
                        5,
                        2.25,
                        6.5
                    ],
                    "texture": "#1"
                },
                "down": {
                    "uv": [
                        2.25,
                        6.75,
                        1.5,
                        7.5
                    ],
                    "rotation": 90,
                    "texture": "#1"
                }
            }
        },
        {
            "name": "Right Arm",
            "from": [
                7.02215,
                1.2844,
                7.60742
            ],
            "to": [
                10.22215,
                2.4844,
                10.80742
            ],
            "rotation": {
                "angle": 22.5,
                "axis": "z",
                "origin": [
                    5.5,
                    7.9125,
                    6.82871
                ]
            },
            "faces": {
                "north": {
                    "uv": [
                        1.5,
                        4.5,
                        2.25,
                        4.75
                    ],
                    "texture": "#1"
                },
                "east": {
                    "uv": [
                        1.5,
                        4.5,
                        2.25,
                        4.75
                    ],
                    "texture": "#1"
                },
                "south": {
                    "uv": [
                        1.5,
                        4.5,
                        2.25,
                        4.75
                    ],
                    "texture": "#1"
                },
                "west": {
                    "uv": [
                        1.5,
                        4.5,
                        2.25,
                        4.75
                    ],
                    "texture": "#1"
                }
            }
        },
        {
            "name": "Right Arm",
            "from": [
                2.63269,
                0.07612,
                7.70742
            ],
            "to": [
                5.63269,
                6.07612,
                10.70742
            ],
            "rotation": {
                "angle": -22.5,
                "axis": "z",
                "origin": [
                    4.13269,
                    3.07612,
                    9.20742
                ]
            },
            "faces": {
                "north": {
                    "uv": [
                        0.5,
                        5,
                        1.25,
                        6.5
                    ],
                    "texture": "#1"
                },
                "east": {
                    "uv": [
                        0.5,
                        5,
                        1.25,
                        6.5
                    ],
                    "texture": "#1"
                },
                "south": {
                    "uv": [
                        0.5,
                        5,
                        1.25,
                        6.5
                    ],
                    "texture": "#1"
                },
                "west": {
                    "uv": [
                        0.5,
                        5,
                        1.25,
                        6.5
                    ],
                    "texture": "#1"
                },
                "down": {
                    "uv": [
                        0.5,
                        7.5,
                        1.25,
                        6.75
                    ],
                    "rotation": 90,
                    "texture": "#1"
                }
            }
        },
        {
            "name": "Right Arm",
            "from": [
                2.53269,
                2.97612,
                7.60742
            ],
            "to": [
                5.73269,
                4.17612,
                10.80742
            ],
            "rotation": {
                "angle": -22.5,
                "axis": "z",
                "origin": [
                    4.13269,
                    3.07612,
                    9.20742
                ]
            },
            "faces": {
                "north": {
                    "uv": [
                        0.5,
                        4.5,
                        1.25,
                        4.75
                    ],
                    "texture": "#1"
                },
                "east": {
                    "uv": [
                        0.5,
                        4.5,
                        1.25,
                        4.75
                    ],
                    "texture": "#1"
                },
                "south": {
                    "uv": [
                        0.5,
                        4.5,
                        1.25,
                        4.75
                    ],
                    "texture": "#1"
                },
                "west": {
                    "uv": [
                        0.5,
                        4.5,
                        1.25,
                        4.75
                    ],
                    "texture": "#1"
                }
            }
        },
        {
            "name": "Right Leg",
            "from": [
                8.25,
                0.02,
                1.6
            ],
            "to": [
                11.25,
                3.02,
                6.6
            ],
            "rotation": {
                "angle": -22.5,
                "axis": "y",
                "origin": [
                    6.75,
                    7.6625,
                    6.42871
                ]
            },
            "faces": {
                "north": {
                    "uv": [
                        2.5,
                        6.75,
                        3.25,
                        7.5
                    ],
                    "texture": "#1"
                },
                "east": {
                    "uv": [
                        3.25,
                        5.25,
                        2.5,
                        6.5
                    ],
                    "rotation": 270,
                    "texture": "#1"
                },
                "west": {
                    "uv": [
                        3.25,
                        5.25,
                        2.5,
                        6.5
                    ],
                    "rotation": 90,
                    "texture": "#1"
                },
                "up": {
                    "uv": [
                        2.5,
                        5.25,
                        3.25,
                        6.5
                    ],
                    "rotation": 180,
                    "texture": "#1"
                },
                "down": {
                    "uv": [
                        2.5,
                        5.25,
                        3.25,
                        6.5
                    ],
                    "texture": "#1"
                }
            }
        },
        {
            "name": "Left Leg",
            "from": [
                4,
                0.02,
                2
            ],
            "to": [
                7,
                3.02,
                7
            ],
            "rotation": {
                "angle": 22.5,
                "axis": "y",
                "origin": [
                    7.5,
                    7.6625,
                    7.07871
                ]
            },
            "faces": {
                "north": {
                    "uv": [
                        3.5,
                        6.75,
                        4.25,
                        7.5
                    ],
                    "texture": "#1"
                },
                "east": {
                    "uv": [
                        4.25,
                        5.25,
                        3.5,
                        6.5
                    ],
                    "rotation": 270,
                    "texture": "#1"
                },
                "west": {
                    "uv": [
                        4.25,
                        5.25,
                        3.5,
                        6.5
                    ],
                    "rotation": 90,
                    "texture": "#1"
                },
                "up": {
                    "uv": [
                        3.5,
                        5.25,
                        4.25,
                        6.5
                    ],
                    "rotation": 180,
                    "texture": "#1"
                },
                "down": {
                    "uv": [
                        3.5,
                        5.25,
                        4.25,
                        6.5
                    ],
                    "texture": "#1"
                }
            }
        }
    ],
    "display": {
        "thirdperson_righthand": {
            "rotation": [
                75,
                45,
                0
            ],
            "translation": [
                0,
                2.5,
                0
            ],
            "scale": [
                0.375,
                0.375,
                0.375
            ]
        },
        "thirdperson_lefthand": {
            "rotation": [
                75,
                45,
                0
            ],
            "translation": [
                0,
                2.5,
                0
            ],
            "scale": [
                0.375,
                0.375,
                0.375
            ]
        },
        "firstperson_righthand": {
            "rotation": [
                -9,
                155,
                -3
            ],
            "translation": [
                0.5,
                4,
                0
            ],
            "scale": [
                0.5,
                0.5,
                0.5
            ]
        },
        "firstperson_lefthand": {
            "rotation": [
                162.6,
                67.03,
                -171.79
            ],
            "translation": [
                0.5,
                4,
                0
            ],
            "scale": [
                0.5,
                0.5,
                0.5
            ]
        },
        "ground": {
            "translation": [
                0,
                2,
                0
            ],
            "scale": [
                0.5,
                0.5,
                0.5
            ]
        },
        "gui": {
            "rotation": [
                30,
                225,
                0
            ],
            "translation": [
                0,
                0.25,
                0
            ],
            "scale": [
                0.84,
                0.84,
                0.84
            ]
        },
        "head": {
            "translation": [
                0,
                14.5,
                0
            ]
        },
        "fixed": {
            "rotation": [
                2,
                0,
                0
            ],
            "translation": [
                0,
                0,
                -2.5
            ]
        }
    },
    "groups": [
        {
            "name": "Head",
            "origin": [
                8,
                24,
                8
            ],
            "color": 0,
            "children": [
                0,
                1
            ]
        },
        {
            "name": "Body",
            "origin": [
                8,
                24,
                8
            ],
            "color": 0,
            "children": [
                2,
                3,
                4,
                5
            ]
        },
        {
            "name": "RightArm",
            "origin": [
                13,
                22,
                8
            ],
            "color": 0,
            "children": [
                6,
                7,
                8,
                9
            ]
        },
        {
            "name": "LeftArm",
            "origin": [
                3,
                22,
                8
            ],
            "color": 0,
            "children": []
        },
        {
            "name": "RightLeg",
            "origin": [
                9.9,
                12,
                8
            ],
            "color": 0,
            "children": [
                10
            ]
        },
        {
            "name": "LeftLeg",
            "origin": [
                6.1,
                12,
                8
            ],
            "color": 0,
            "children": [
                11
            ]
        }
    ]
}