{
	"texture_size": [64, 64],
	"textures": {
		"3": "kaleidoscope:block/doll/s/artek",
		"particle": "kaleidoscope:block/doll/s/artek"
	},
	"elements": [
		{
			"name": "Head",
			"from": [3.99231, 6, 4.08734],
			"to": [11.99231, 14, 12.08734],
			"rotation": {"angle": 0, "axis": "y", "origin": [8, 5.75, 6]},
			"faces": {
				"north": {"uv": [2, 2, 4, 4], "texture": "#3"},
				"east": {"uv": [0, 2, 2, 4], "texture": "#3"},
				"south": {"uv": [6, 2, 8, 4], "texture": "#3"},
				"west": {"uv": [4, 2, 6, 4], "texture": "#3"},
				"up": {"uv": [4, 2, 2, 0], "texture": "#3"},
				"down": {"uv": [8, 0, 6, 2], "texture": "#3"}
			}
		},
		{
			"name": "Head",
			"from": [4.74231, 9, 3.98734],
			"to": [7.24231, 9.7, 4.23734],
			"rotation": {"angle": 0, "axis": "y", "origin": [5.99231, 9.35, 4.11234]},
			"faces": {
				"north": {"uv": [2.25, 4.5, 2.75, 4.75], "texture": "#3"},
				"east": {"uv": [0.5, 4.5, 0.75, 4.75], "texture": "#3"},
				"south": {"uv": [2.75, 4.5, 3.25, 4.75], "texture": "#3"},
				"west": {"uv": [3.25, 4.5, 3.5, 4.75], "texture": "#3"},
				"up": {"uv": [3.5, 5, 3, 4.75], "texture": "#3"},
				"down": {"uv": [6.5, 4, 6, 4.25], "texture": "#3"}
			}
		},
		{
			"name": "Head",
			"from": [4.24231, 8, 3.98734],
			"to": [4.99231, 9, 4.23734],
			"rotation": {"angle": 0, "axis": "y", "origin": [7.75, 3.75, 5.9]},
			"faces": {
				"north": {"uv": [2.25, 4.5, 2.75, 4.75], "texture": "#3"},
				"east": {"uv": [0.5, 4.5, 0.75, 4.75], "texture": "#3"},
				"south": {"uv": [2.75, 4.5, 3.25, 4.75], "texture": "#3"},
				"west": {"uv": [3.25, 4.5, 3.5, 4.75], "texture": "#3"},
				"up": {"uv": [3.5, 5, 3, 4.75], "texture": "#3"},
				"down": {"uv": [6.5, 4, 6, 4.25], "texture": "#3"}
			}
		},
		{
			"name": "Head",
			"from": [8.75769, 9, 3.98734],
			"to": [11.25769, 9.7, 4.23734],
			"rotation": {"angle": 0, "axis": "y", "origin": [7.75, 4.75, 5.9]},
			"faces": {
				"north": {"uv": [2.75, 4.5, 2.25, 4.75], "texture": "#3"},
				"east": {"uv": [3.5, 4.5, 3.25, 4.75], "texture": "#3"},
				"south": {"uv": [3.25, 4.5, 2.75, 4.75], "texture": "#3"},
				"west": {"uv": [0.75, 4.5, 0.5, 4.75], "texture": "#3"},
				"up": {"uv": [3, 5, 3.5, 4.75], "texture": "#3"},
				"down": {"uv": [6, 4, 6.5, 4.25], "texture": "#3"}
			}
		},
		{
			"name": "Head",
			"from": [11.00769, 8, 3.98734],
			"to": [11.75769, 9, 4.23734],
			"rotation": {"angle": 0, "axis": "y", "origin": [8.25, 3.75, 5.9]},
			"faces": {
				"north": {"uv": [2.75, 4.5, 2.25, 4.75], "texture": "#3"},
				"east": {"uv": [3.5, 4.5, 3.25, 4.75], "texture": "#3"},
				"south": {"uv": [3.25, 4.5, 2.75, 4.75], "texture": "#3"},
				"west": {"uv": [0.75, 4.5, 0.5, 4.75], "texture": "#3"},
				"up": {"uv": [3, 5, 3.5, 4.75], "texture": "#3"},
				"down": {"uv": [6, 4, 6.5, 4.25], "texture": "#3"}
			}
		},
		{
			"name": "Head",
			"from": [5.94231, 5.975, 4.03734],
			"to": [6.19231, 6.825, 4.13734],
			"rotation": {"angle": -22.5, "axis": "z", "origin": [6.06731, 8.475, 4.13734]},
			"faces": {
				"north": {"uv": [4.25, 6.75, 4.5, 7.75], "texture": "#3"},
				"east": {"uv": [4.5, 6.75, 4.75, 7.75], "texture": "#3"},
				"south": {"uv": [4.75, 6.75, 5, 7.75], "texture": "#3"},
				"west": {"uv": [5, 6.75, 5.25, 7.75], "texture": "#3"},
				"up": {"uv": [0.25, 4.75, 0, 4.5], "texture": "#3"},
				"down": {"uv": [0.5, 4.5, 0.25, 4.75], "texture": "#3"}
			}
		},
		{
			"name": "Head",
			"from": [5.30137, 6.90276, 4.03734],
			"to": [5.55137, 7.00276, 4.13734],
			"rotation": {"angle": 0, "axis": "y", "origin": [5.42637, 7.32776, 4.08734]},
			"faces": {
				"north": {"uv": [4.25, 6.75, 4.5, 7.75], "texture": "#3"},
				"east": {"uv": [4.5, 6.75, 4.75, 7.75], "texture": "#3"},
				"south": {"uv": [4.75, 6.75, 5, 7.75], "texture": "#3"},
				"west": {"uv": [5, 6.75, 5.25, 7.75], "texture": "#3"},
				"up": {"uv": [0.25, 4.75, 0, 4.5], "texture": "#3"},
				"down": {"uv": [0.5, 4.5, 0.25, 4.75], "texture": "#3"}
			}
		},
		{
			"name": "Head",
			"from": [5.94231, 9.35, 4.03734],
			"to": [6.19231, 10.45, 4.13734],
			"rotation": {"angle": -22.5, "axis": "z", "origin": [6.06731, 8.75, 4.13734]},
			"faces": {
				"north": {"uv": [4.25, 6.75, 4.5, 7.75], "texture": "#3"},
				"east": {"uv": [4.5, 6.75, 4.75, 7.75], "texture": "#3"},
				"south": {"uv": [4.75, 6.75, 5, 7.75], "texture": "#3"},
				"west": {"uv": [5, 6.75, 5.25, 7.75], "texture": "#3"},
				"up": {"uv": [0.25, 4.75, 0, 4.5], "texture": "#3"},
				"down": {"uv": [0.5, 4.5, 0.25, 4.75], "texture": "#3"}
			}
		},
		{
			"name": "Head",
			"from": [1.88477, 10.18526, 7.28734],
			"to": [6.88477, 14.18526, 9.28734],
			"rotation": {"angle": 22.5, "axis": "z", "origin": [4.42872, 14.67594, 7.60092]},
			"faces": {
				"north": {"uv": [0, 0, 1.25, 1], "texture": "#3"},
				"east": {"uv": [3.5, 4, 4, 5], "texture": "#3"},
				"south": {"uv": [0, 1, 1.25, 2], "texture": "#3"},
				"west": {"uv": [5.5, 4, 6, 5], "texture": "#3"},
				"up": {"uv": [3.5, 4.5, 2.25, 4], "texture": "#3"},
				"down": {"uv": [4.25, 7.25, 3, 7.75], "texture": "#3"}
			}
		},
		{
			"name": "Head",
			"from": [2.27619, 13.25909, 7.29734],
			"to": [4.75619, 19.23909, 9.27734],
			"rotation": {"angle": 0, "axis": "y", "origin": [4.42872, 14.67594, 7.60092]},
			"faces": {
				"north": {"uv": [1.25, 0, 2, 1.5], "texture": "#3"},
				"east": {"uv": [7, 9.5, 7.5, 11], "texture": "#3"},
				"south": {"uv": [3, 9.5, 3.75, 11], "texture": "#3"},
				"west": {"uv": [7.5, 9.5, 8, 11], "texture": "#3"},
				"up": {"uv": [2, 2, 1.25, 1.5], "texture": "#3"},
				"down": {"uv": [0.75, 4, 0, 4.5], "texture": "#3"}
			}
		},
		{
			"name": "Head",
			"from": [4.38477, 14.18526, 7.28734],
			"to": [6.88477, 19.18526, 9.28734],
			"rotation": {"angle": 22.5, "axis": "z", "origin": [4.42872, 14.67594, 7.60092]},
			"faces": {
				"north": {"uv": [3.75, 9.5, 4.5, 10.75], "texture": "#3"},
				"east": {"uv": [3.75, 10.75, 4.25, 12], "texture": "#3"},
				"south": {"uv": [6.25, 9.5, 7, 10.75], "texture": "#3"},
				"west": {"uv": [6.25, 10.75, 6.75, 12], "texture": "#3"},
				"up": {"uv": [0.75, 6.75, 0, 6.25], "texture": "#3"},
				"down": {"uv": [3, 6.25, 2.25, 6.75], "texture": "#3"}
			}
		},
		{
			"name": "Head",
			"from": [9.11523, 10.18526, 7.28734],
			"to": [14.11523, 14.18526, 9.28734],
			"rotation": {"angle": -22.5, "axis": "z", "origin": [11.57128, 14.67594, 7.60092]},
			"faces": {
				"north": {"uv": [1.25, 0, 0, 1], "texture": "#3"},
				"east": {"uv": [6, 4, 5.5, 5], "texture": "#3"},
				"south": {"uv": [1.25, 1, 0, 2], "texture": "#3"},
				"west": {"uv": [4, 4, 3.5, 5], "texture": "#3"},
				"up": {"uv": [2.25, 4.5, 3.5, 4], "texture": "#3"},
				"down": {"uv": [3, 7.25, 4.25, 7.75], "texture": "#3"}
			}
		},
		{
			"name": "Head",
			"from": [11.24381, 13.25909, 7.29734],
			"to": [13.72381, 19.23909, 9.27734],
			"rotation": {"angle": 0, "axis": "y", "origin": [11.57128, 14.67594, 7.60092]},
			"faces": {
				"north": {"uv": [2, 0, 1.25, 1.5], "texture": "#3"},
				"east": {"uv": [8, 9.5, 7.5, 11], "texture": "#3"},
				"south": {"uv": [3.75, 9.5, 3, 11], "texture": "#3"},
				"west": {"uv": [7.5, 9.5, 7, 11], "texture": "#3"},
				"up": {"uv": [1.25, 2, 2, 1.5], "texture": "#3"},
				"down": {"uv": [0, 4, 0.75, 4.5], "texture": "#3"}
			}
		},
		{
			"name": "Head",
			"from": [9.11523, 14.18526, 7.28734],
			"to": [11.61523, 19.18526, 9.28734],
			"rotation": {"angle": -22.5, "axis": "z", "origin": [11.57128, 14.67594, 7.60092]},
			"faces": {
				"north": {"uv": [4.5, 9.5, 3.75, 10.75], "texture": "#3"},
				"east": {"uv": [6.75, 10.75, 6.25, 12], "texture": "#3"},
				"south": {"uv": [7, 9.5, 6.25, 10.75], "texture": "#3"},
				"west": {"uv": [4.25, 10.75, 3.75, 12], "texture": "#3"},
				"up": {"uv": [0, 6.75, 0.75, 6.25], "texture": "#3"},
				"down": {"uv": [2.25, 6.25, 3, 6.75], "texture": "#3"}
			}
		},
		{
			"name": "Head",
			"from": [5.75, 4.34686, 12.46234],
			"to": [10.25, 9.84686, 12.46234],
			"rotation": {"angle": 0, "axis": "y", "origin": [8, 7.09686, 12.46234]},
			"faces": {
				"south": {"uv": [6.75, 11, 8, 12.5], "texture": "#3"}
			}
		},
		{
			"name": "Head",
			"from": [8.25559, 4.34686, 12.43734],
			"to": [12.75559, 9.84686, 12.43734],
			"rotation": {"angle": 22.5, "axis": "z", "origin": [10.50559, 7.09686, 12.43734]},
			"faces": {
				"south": {"uv": [4.25, 11, 5.5, 12.5], "texture": "#3"}
			}
		},
		{
			"name": "Head",
			"from": [3.24441, 4.34686, 12.43734],
			"to": [7.74441, 9.84686, 12.43734],
			"rotation": {"angle": -22.5, "axis": "z", "origin": [5.49441, 7.09686, 12.43734]},
			"faces": {
				"south": {"uv": [4.5, 9.5, 5.75, 11], "texture": "#3"}
			}
		},
		{
			"name": "Head",
			"from": [2.90769, 8.1, 3.78734],
			"to": [6.40769, 12.6, 3.78734],
			"rotation": {"angle": -22.5, "axis": "z", "origin": [4.65769, 9.35, 3.78734]},
			"faces": {
				"north": {"uv": [12, 0, 13, 1.25], "texture": "#3"}
			}
		},
		{
			"name": "Head",
			"from": [6.24231, 6.525, 3.73734],
			"to": [9.74231, 13.025, 3.73734],
			"rotation": {"angle": 0, "axis": "y", "origin": [8, 4.525, 5.9]},
			"faces": {
				"north": {"uv": [11, 7, 12, 8.75], "texture": "#3"}
			}
		},
		{
			"name": "Head",
			"from": [9.84231, 8, 3.78734],
			"to": [13.34231, 12.5, 3.78734],
			"rotation": {"angle": 22.5, "axis": "z", "origin": [11.59231, 9.25, 3.78734]},
			"faces": {
				"north": {"uv": [11, 10.5, 12, 11.75], "texture": "#3"}
			}
		},
		{
			"name": "Head",
			"from": [2.03269, 7.15, 6.73734],
			"to": [5.53269, 11.65, 6.73734],
			"rotation": {"angle": -22.5, "axis": "z", "origin": [3.78269, 8.4, 6.73734]},
			"faces": {
				"north": {"uv": [5.5, 12, 6.5, 13.25], "texture": "#3"}
			}
		},
		{
			"name": "Head",
			"from": [10.36731, 7.075, 6.73734],
			"to": [13.86731, 11.575, 6.73734],
			"rotation": {"angle": 22.5, "axis": "z", "origin": [12.11731, 8.325, 6.73734]},
			"faces": {
				"north": {"uv": [12, 8.25, 13, 9.5], "texture": "#3"}
			}
		},
		{
			"name": "Head",
			"from": [3.74231, 5.75, 3.83734],
			"to": [12.24231, 14.25, 12.33734],
			"rotation": {"angle": 0, "axis": "y", "origin": [8, 5.75, 6]},
			"faces": {
				"north": {"uv": [10, 2, 12, 4], "texture": "#3"},
				"east": {"uv": [8, 2, 10, 4], "texture": "#3"},
				"south": {"uv": [14, 2, 16, 4], "texture": "#3"},
				"west": {"uv": [12, 2, 14, 4], "texture": "#3"},
				"up": {"uv": [12, 2, 10, 0], "texture": "#3"},
				"down": {"uv": [16, 0, 14, 2], "texture": "#3"}
			}
		},
		{
			"name": "eyes",
			"from": [4.00231, 6.26, 4.49734],
			"to": [11.98231, 10.24, 4.07734],
			"rotation": {"angle": 0, "axis": "y", "origin": [8, 5, 8]},
			"faces": {
				"north": {"uv": [4, 1, 6, 2], "texture": "#3"},
				"east": {"uv": [4, 1, 4.25, 2], "texture": "#3"},
				"west": {"uv": [5.75, 1, 6, 2], "texture": "#3"}
			}
		},
		{
			"name": "eyes up",
			"from": [3.99231, 10.25, 4.08734],
			"to": [11.99231, 10.35, 4.48734],
			"rotation": {"angle": 0, "axis": "y", "origin": [8, 5, 8]},
			"faces": {
				"down": {"uv": [4, 1, 6, 1.25], "texture": "#3"}
			}
		},
		{
			"name": "eyes down",
			"from": [3.99231, 6.25, 4.08734],
			"to": [11.99231, 6.25, 4.48734],
			"rotation": {"angle": 0, "axis": "y", "origin": [8, 5, 8]},
			"faces": {
				"up": {"uv": [4, 1.75, 6, 2], "texture": "#3"}
			}
		},
		{
			"name": "L eyes",
			"from": [4.84231, 8.55, 4.28734],
			"to": [5.84231, 9.05, 4.28734],
			"rotation": {"angle": 0, "axis": "y", "origin": [5.85, 7.4, 7.9]},
			"faces": {
				"north": {"uv": [4, 0, 4.25, 0.25], "texture": "#3"}
			}
		},
		{
			"name": "L eyes",
			"from": [5.61731, 7.525, 4.33734],
			"to": [6.46731, 8.775, 4.33734],
			"rotation": {"angle": 0, "axis": "y", "origin": [6.225, 6.875, 7.95]},
			"faces": {
				"north": {"uv": [4, 0.25, 4.25, 0.5], "texture": "#3"}
			}
		},
		{
			"name": "L eyes",
			"from": [6.34231, 7.3, 4.28734],
			"to": [6.84231, 7.55, 4.28734],
			"rotation": {"angle": 0, "axis": "y", "origin": [6.85, 6.15, 7.9]},
			"faces": {
				"north": {"uv": [4, 0, 4.25, 0.25], "texture": "#3"}
			}
		},
		{
			"name": "L eyes",
			"from": [4.54231, 6.15, 4.38734],
			"to": [7.54231, 10.15, 4.38734],
			"rotation": {"angle": 0, "axis": "y", "origin": [7.55, 5, 8]},
			"faces": {
				"north": {"uv": [5, 0, 6, 1], "texture": "#3"}
			}
		},
		{
			"name": "L eyes",
			"from": [8.75769, 8.55, 4.28734],
			"to": [9.75769, 9.05, 4.28734],
			"rotation": {"angle": 0, "axis": "y", "origin": [8.75, 7.4, 7.9]},
			"faces": {
				"north": {"uv": [4.25, 0, 4, 0.25], "texture": "#3"}
			}
		},
		{
			"name": "L eyes",
			"from": [9.53269, 7.525, 4.33734],
			"to": [10.38269, 8.775, 4.33734],
			"rotation": {"angle": 0, "axis": "y", "origin": [9.775, 6.875, 7.95]},
			"faces": {
				"north": {"uv": [4.25, 0.25, 4, 0.5], "texture": "#3"}
			}
		},
		{
			"name": "L eyes",
			"from": [10.25769, 7.3, 4.28734],
			"to": [10.75769, 7.55, 4.28734],
			"rotation": {"angle": 0, "axis": "y", "origin": [10.25, 6.15, 7.9]},
			"faces": {
				"north": {"uv": [4.25, 0, 4, 0.25], "texture": "#3"}
			}
		},
		{
			"name": "L eyes",
			"from": [8.45769, 6.15, 4.38734],
			"to": [11.45769, 10.15, 4.38734],
			"rotation": {"angle": 0, "axis": "y", "origin": [8.45, 5, 8]},
			"faces": {
				"north": {"uv": [6, 0, 5, 1], "texture": "#3"}
			}
		},
		{
			"name": "Body",
			"from": [4.99231, 0, 5.99476],
			"to": [10.99231, 7, 9.99476],
			"rotation": {"angle": 0, "axis": "y", "origin": [8, 5.75, 6]},
			"faces": {
				"north": {"uv": [4, 5, 5.5, 6.75], "texture": "#3"},
				"east": {"uv": [6.5, 5, 5.5, 6.75], "texture": "#3"},
				"south": {"uv": [6.5, 5, 8, 6.75], "texture": "#3"},
				"west": {"uv": [4, 5, 3, 6.75], "texture": "#3"},
				"up": {"uv": [5.5, 5, 4, 4], "texture": "#3"},
				"down": {"uv": [8, 4, 6.5, 5], "texture": "#3"}
			}
		},
		{
			"name": "Body",
			"from": [4.99231, 0, 5.99476],
			"to": [10.99231, 7, 9.99476],
			"rotation": {"angle": 0, "axis": "y", "origin": [8, 5.75, 6]},
			"faces": {
				"north": {"uv": [4, 5, 5.5, 6.75], "texture": "#3"},
				"east": {"uv": [6.5, 5, 5.5, 6.75], "texture": "#3"},
				"south": {"uv": [6.5, 5, 8, 6.75], "texture": "#3"},
				"west": {"uv": [4, 5, 3, 6.75], "texture": "#3"},
				"up": {"uv": [5.5, 5, 4, 4], "texture": "#3"},
				"down": {"uv": [8, 4, 6.5, 5], "texture": "#3"}
			}
		},
		{
			"name": "Body",
			"from": [5.01231, 3.645, 5.93976],
			"to": [10.97231, 6.605, 7.89976],
			"rotation": {"angle": 22.5, "axis": "x", "origin": [8, 5.375, 5.925]},
			"faces": {
				"north": {"uv": [10.75, 6.25, 12.25, 7], "texture": "#3"},
				"east": {"uv": [8, 0, 8.5, 0.75], "texture": "#3"},
				"south": {"uv": [11, 9.5, 12.5, 10.25], "texture": "#3"},
				"west": {"uv": [8, 0.75, 8.5, 1.5], "texture": "#3"},
				"up": {"uv": [13.5, 7.5, 12, 7], "texture": "#3"},
				"down": {"uv": [13.5, 7.5, 12, 8], "texture": "#3"}
			}
		},
		{
			"name": "Body",
			"from": [7.26731, -0.1, 8.41976],
			"to": [9.26731, 2.9, 11.41976],
			"rotation": {"angle": 22.5, "axis": "y", "origin": [8.47122, 1.025, 10.13942]},
			"faces": {
				"north": {"uv": [1.75, 8, 2.25, 8.75], "texture": "#3"},
				"east": {"uv": [0, 7.75, 0.75, 8.5], "texture": "#3"},
				"south": {"uv": [1.75, 10.25, 2.25, 11], "texture": "#3"},
				"west": {"uv": [11, 8.75, 11.75, 9.5], "texture": "#3"},
				"up": {"uv": [12.25, 4.75, 11.75, 4], "texture": "#3"},
				"down": {"uv": [12.25, 4.75, 11.75, 5.5], "texture": "#3"}
			}
		},
		{
			"name": "Body",
			"from": [6.88421, -0.1, 9.50733],
			"to": [9.88421, 3.4, 13.50733],
			"rotation": {"angle": 45, "axis": "y", "origin": [8.47122, 1.025, 10.26442]},
			"faces": {
				"north": {"uv": [0, 4.75, 0.75, 5.75], "texture": "#3"},
				"east": {"uv": [0.75, 9, 1.75, 10], "texture": "#3"},
				"south": {"uv": [0, 6.75, 0.75, 7.75], "texture": "#3"},
				"west": {"uv": [1.75, 9.25, 2.75, 10.25], "texture": "#3"},
				"up": {"uv": [0.75, 10.25, 0, 9.25], "texture": "#3"},
				"down": {"uv": [0.75, 11.25, 0, 12.25], "texture": "#3"}
			}
		},
		{
			"name": "Body",
			"from": [8.84816, -0.1, 9.51179],
			"to": [12.84816, 4.4, 14.51179],
			"rotation": {"angle": -22.5, "axis": "y", "origin": [10.04816, 1.15, 11.01179]},
			"faces": {
				"north": {"uv": [2, 4.75, 3, 6], "texture": "#3"},
				"east": {"uv": [0.75, 4, 2, 5.25], "texture": "#3"},
				"south": {"uv": [0.75, 6.5, 1.75, 7.75], "texture": "#3"},
				"west": {"uv": [0.75, 5.25, 2, 6.5], "texture": "#3"},
				"up": {"uv": [2.75, 8, 1.75, 6.75], "texture": "#3"},
				"down": {"uv": [1.75, 7.75, 0.75, 9], "texture": "#3"}
			}
		},
		{
			"name": "Body",
			"from": [11.22189, -0.1, 10.25754],
			"to": [15.22189, 3.9, 14.25754],
			"rotation": {"angle": 22.5, "axis": "y", "origin": [13.22189, 1.4, 12.53254]},
			"faces": {
				"north": {"uv": [0.75, 10, 1.75, 11], "texture": "#3"},
				"east": {"uv": [0.75, 11, 1.75, 12], "texture": "#3"},
				"south": {"uv": [1.75, 11, 2.75, 12], "texture": "#3"},
				"west": {"uv": [11, 11.75, 12, 12.75], "texture": "#3"},
				"up": {"uv": [4, 13, 3, 12], "texture": "#3"},
				"down": {"uv": [5, 12.5, 4, 13.5], "texture": "#3"}
			}
		},
		{
			"name": "Body",
			"from": [14.97189, -0.1, 11.18254],
			"to": [17.97189, 3.15, 14.18254],
			"rotation": {"angle": 45, "axis": "y", "origin": [13.72189, 1.15, 13.03254]},
			"faces": {
				"north": {"uv": [11.25, 5.5, 12, 6.25], "texture": "#3"},
				"east": {"uv": [6.5, 12.5, 7.25, 13.25], "texture": "#3"},
				"south": {"uv": [7.25, 12.5, 8, 13.25], "texture": "#3"},
				"west": {"uv": [8, 12.5, 8.75, 13.25], "texture": "#3"},
				"up": {"uv": [9.5, 13.25, 8.75, 12.5], "texture": "#3"},
				"down": {"uv": [10.25, 12.5, 9.5, 13.25], "texture": "#3"}
			}
		},
		{
			"name": "Body",
			"from": [15.45209, -0.1, 7.88812],
			"to": [17.95209, 2.65, 10.88812],
			"rotation": {"angle": -22.5, "axis": "y", "origin": [16.57709, 0.775, 8.81312]},
			"faces": {
				"north": {"uv": [5, 12.5, 5.5, 13.25], "texture": "#3"},
				"east": {"uv": [12.5, 9.5, 13.25, 10.25], "texture": "#3"},
				"south": {"uv": [11, 12.75, 11.5, 13.5], "texture": "#3"},
				"west": {"uv": [10.25, 12.5, 11, 13.25], "texture": "#3"},
				"up": {"uv": [12, 13.5, 11.5, 12.75], "texture": "#3"},
				"down": {"uv": [12.5, 12.75, 12, 13.5], "texture": "#3"}
			}
		},
		{
			"name": "Body",
			"from": [16.05209, -0.1, 6.61312],
			"to": [18.05209, 1.9, 8.61312],
			"rotation": {"angle": 0, "axis": "y", "origin": [16.17709, 0.775, 6.53812]},
			"faces": {
				"north": {"uv": [4, 0.5, 4.5, 1], "texture": "#3"},
				"east": {"uv": [4.25, 0, 4.75, 0.5], "texture": "#3"},
				"south": {"uv": [4.5, 0.5, 5, 1], "texture": "#3"},
				"west": {"uv": [0, 5.75, 0.5, 6.25], "texture": "#3"},
				"up": {"uv": [6.5, 4.75, 6, 4.25], "texture": "#3"},
				"down": {"uv": [3.25, 6.75, 2.75, 7.25], "texture": "#3"}
			}
		},
		{
			"name": "Body",
			"from": [4.89231, 3.1, 5.84476],
			"to": [11.09231, 7.3, 10.04476],
			"rotation": {"angle": 0, "axis": "y", "origin": [8, 5.75, 6]},
			"faces": {
				"north": {"uv": [4, 7.75, 5.5, 8.75], "texture": "#3"},
				"east": {"uv": [6.5, 7.75, 5.5, 8.75], "texture": "#3"},
				"south": {"uv": [6.5, 7.75, 8, 8.75], "texture": "#3"},
				"west": {"uv": [4, 7.75, 3, 8.75], "texture": "#3"}
			}
		},
		{
			"name": "Body",
			"from": [4.89231, -0.1, 5.84476],
			"to": [11.09231, 3.1, 10.04476],
			"rotation": {"angle": 0, "axis": "y", "origin": [8, 5.75, 6]},
			"faces": {
				"north": {"uv": [4, 8.75, 5.5, 9.5], "texture": "#3"},
				"east": {"uv": [6.5, 8.75, 5.5, 9.5], "texture": "#3"},
				"south": {"uv": [6.5, 8.75, 8, 9.5], "texture": "#3"},
				"west": {"uv": [4, 8.75, 3, 9.5], "texture": "#3"},
				"down": {"uv": [8, 6.75, 6.5, 7.75], "texture": "#3"}
			}
		},
		{
			"name": "LeftArm",
			"from": [2.50964, 1.17836, 6.29476],
			"to": [3.75964, 4.17836, 9.79476],
			"rotation": {"angle": 22.5, "axis": "z", "origin": [3.75964, 2.67836, 8.04476]},
			"faces": {
				"north": {"uv": [6.25, 6.75, 6.5, 7.5], "texture": "#3"},
				"east": {"uv": [8.5, 0, 9.25, 0.75], "texture": "#3"},
				"south": {"uv": [0.5, 10.5, 0.75, 11.25], "texture": "#3"},
				"west": {"uv": [8.5, 0.75, 9.25, 1.5], "texture": "#3"},
				"up": {"uv": [3, 11.25, 2.75, 10.5], "texture": "#3"},
				"down": {"uv": [8.75, 10.5, 8.5, 11.25], "texture": "#3"}
			}
		},
		{
			"name": "LeftArm",
			"from": [3.95964, 3.67836, 6.29476],
			"to": [4.95964, 6.67836, 9.79476],
			"rotation": {"angle": 45, "axis": "z", "origin": [4.95964, 5.17836, 8.04476]},
			"faces": {
				"north": {"uv": [10.75, 8.5, 11, 9.25], "texture": "#3"},
				"east": {"uv": [11, 4, 11.75, 4.75], "texture": "#3"},
				"south": {"uv": [10.75, 10.5, 11, 11.25], "texture": "#3"},
				"west": {"uv": [11, 4.75, 11.75, 5.5], "texture": "#3"},
				"up": {"uv": [3.75, 11.75, 3.5, 11], "texture": "#3"},
				"down": {"uv": [11.25, 5.5, 11, 6.25], "texture": "#3"}
			}
		},
		{
			"name": "LeftArm",
			"from": [4.40516, -1.0119, 6.54476],
			"to": [7.40516, 4.9881, 9.54476],
			"rotation": {"angle": -22.5, "axis": "z", "origin": [8, 5.75, 6]},
			"faces": {
				"north": {"uv": [8.75, 4.75, 9.5, 6.25], "texture": "#3"},
				"east": {"uv": [8, 4.75, 8.75, 6.25], "texture": "#3"},
				"south": {"uv": [10.25, 4.75, 11, 6.25], "texture": "#3"},
				"west": {"uv": [9.5, 4.75, 10.25, 6.25], "texture": "#3"},
				"up": {"uv": [9.5, 4.75, 8.75, 4], "texture": "#3"},
				"down": {"uv": [10.25, 4, 9.5, 4.75], "texture": "#3"}
			}
		},
		{
			"name": "LeftArm",
			"from": [4.20516, -1.2119, 6.34476],
			"to": [7.60516, 5.1881, 9.74476],
			"rotation": {"angle": -22.5, "axis": "z", "origin": [8, 5.75, 6]},
			"faces": {
				"north": {"uv": [8.75, 7, 9.5, 8.5], "texture": "#3"},
				"east": {"uv": [8, 7, 8.75, 8.5], "texture": "#3"},
				"south": {"uv": [10.25, 7, 11, 8.5], "texture": "#3"},
				"west": {"uv": [9.5, 7, 10.25, 8.5], "texture": "#3"},
				"up": {"uv": [9.5, 7, 8.75, 6.25], "texture": "#3"},
				"down": {"uv": [10.25, 6.25, 9.5, 7], "texture": "#3"}
			}
		},
		{
			"name": "RightArm",
			"from": [12.24036, 1.17836, 6.29476],
			"to": [13.49036, 4.17836, 9.79476],
			"rotation": {"angle": -22.5, "axis": "z", "origin": [12.24036, 2.67836, 8.04476]},
			"faces": {
				"north": {"uv": [6.5, 6.75, 6.25, 7.5], "texture": "#3"},
				"east": {"uv": [9.25, 0.75, 8.5, 1.5], "texture": "#3"},
				"south": {"uv": [0.75, 10.5, 0.5, 11.25], "texture": "#3"},
				"west": {"uv": [9.25, 0, 8.5, 0.75], "texture": "#3"},
				"up": {"uv": [2.75, 11.25, 3, 10.5], "texture": "#3"},
				"down": {"uv": [8.5, 10.5, 8.75, 11.25], "texture": "#3"}
			}
		},
		{
			"name": "RightArm",
			"from": [11.04036, 3.67836, 6.29476],
			"to": [12.04036, 6.67836, 9.79476],
			"rotation": {"angle": -45, "axis": "z", "origin": [11.04036, 5.17836, 8.04476]},
			"faces": {
				"north": {"uv": [11, 8.5, 10.75, 9.25], "texture": "#3"},
				"east": {"uv": [11.75, 4.75, 11, 5.5], "texture": "#3"},
				"south": {"uv": [11, 10.5, 10.75, 11.25], "texture": "#3"},
				"west": {"uv": [11.75, 4, 11, 4.75], "texture": "#3"},
				"up": {"uv": [3.5, 11.75, 3.75, 11], "texture": "#3"},
				"down": {"uv": [11, 5.5, 11.25, 6.25], "texture": "#3"}
			}
		},
		{
			"name": "RightArm",
			"from": [8.59484, -1.0119, 6.54476],
			"to": [11.59484, 4.9881, 9.54476],
			"rotation": {"angle": 22.5, "axis": "z", "origin": [8, 5.75, 6]},
			"faces": {
				"north": {"uv": [9.5, 4.75, 8.75, 6.25], "texture": "#3"},
				"east": {"uv": [10.25, 4.75, 9.5, 6.25], "texture": "#3"},
				"south": {"uv": [11, 4.75, 10.25, 6.25], "texture": "#3"},
				"west": {"uv": [8.75, 4.75, 8, 6.25], "texture": "#3"},
				"up": {"uv": [8.75, 4.75, 9.5, 4], "texture": "#3"},
				"down": {"uv": [9.5, 4, 10.25, 4.75], "texture": "#3"}
			}
		},
		{
			"name": "RightArm",
			"from": [8.39484, -1.2119, 6.34476],
			"to": [11.79484, 5.1881, 9.74476],
			"rotation": {"angle": 22.5, "axis": "z", "origin": [8, 5.75, 6]},
			"faces": {
				"north": {"uv": [9.5, 7, 8.75, 8.5], "texture": "#3"},
				"east": {"uv": [10.25, 7, 9.5, 8.5], "texture": "#3"},
				"south": {"uv": [11, 7, 10.25, 8.5], "texture": "#3"},
				"west": {"uv": [8.75, 7, 8, 8.5], "texture": "#3"},
				"up": {"uv": [8.75, 7, 9.5, 6.25], "texture": "#3"},
				"down": {"uv": [9.5, 6.25, 10.25, 7], "texture": "#3"}
			}
		},
		{
			"name": "Left Leg",
			"from": [4.62069, 0.02, 0.60982],
			"to": [7.62069, 3.02, 5.60982],
			"rotation": {"angle": 22.5, "axis": "y", "origin": [8, 5.75, 8]},
			"faces": {
				"north": {"uv": [9.5, 10.5, 10.25, 11.25], "texture": "#3"},
				"east": {"uv": [8, 11.25, 8.75, 12.5], "rotation": 270, "texture": "#3"},
				"south": {"uv": [9.5, 11.25, 8.75, 10.5], "texture": "#3"},
				"west": {"uv": [9.5, 11.25, 10.25, 12.5], "rotation": 90, "texture": "#3"},
				"up": {"uv": [8.75, 11.25, 9.5, 12.5], "rotation": 180, "texture": "#3"},
				"down": {"uv": [10.25, 11.25, 11, 12.5], "texture": "#3"}
			}
		},
		{
			"name": "Left Leg",
			"from": [4.42069, -0.18, 0.40982],
			"to": [7.82069, 3.22, 5.80982],
			"rotation": {"angle": 22.5, "axis": "y", "origin": [8, 5.75, 8]},
			"faces": {
				"north": {"uv": [9.5, 8.5, 10.25, 9.25], "texture": "#3"},
				"east": {"uv": [8, 9.25, 8.75, 10.5], "rotation": 270, "texture": "#3"},
				"south": {"uv": [9.5, 9.25, 8.75, 8.5], "texture": "#3"},
				"west": {"uv": [9.5, 9.25, 10.25, 10.5], "rotation": 90, "texture": "#3"},
				"up": {"uv": [8.75, 9.25, 9.5, 10.5], "rotation": 180, "texture": "#3"},
				"down": {"uv": [10.25, 9.25, 11, 10.5], "texture": "#3"}
			}
		},
		{
			"name": "RightLeg",
			"from": [8.37931, 0.02, 0.60982],
			"to": [11.37931, 3.02, 5.60982],
			"rotation": {"angle": -22.5, "axis": "y", "origin": [8, 5.75, 8]},
			"faces": {
				"north": {"uv": [10.25, 10.5, 9.5, 11.25], "texture": "#3"},
				"east": {"uv": [9.5, 12.5, 10.25, 11.25], "rotation": 90, "texture": "#3"},
				"south": {"uv": [8.75, 11.25, 9.5, 10.5], "texture": "#3"},
				"west": {"uv": [8, 12.5, 8.75, 11.25], "rotation": 270, "texture": "#3"},
				"up": {"uv": [9.5, 11.25, 8.75, 12.5], "rotation": 180, "texture": "#3"},
				"down": {"uv": [11, 11.25, 10.25, 12.5], "texture": "#3"}
			}
		},
		{
			"name": "RightLeg",
			"from": [8.17931, -0.18, 0.40982],
			"to": [11.57931, 3.22, 5.80982],
			"rotation": {"angle": -22.5, "axis": "y", "origin": [8, 5.75, 8]},
			"faces": {
				"north": {"uv": [10.25, 8.5, 9.5, 9.25], "texture": "#3"},
				"east": {"uv": [9.5, 10.5, 10.25, 9.25], "rotation": 90, "texture": "#3"},
				"south": {"uv": [8.75, 9.25, 9.5, 8.5], "texture": "#3"},
				"west": {"uv": [8, 10.5, 8.75, 9.25], "rotation": 270, "texture": "#3"},
				"up": {"uv": [9.5, 9.25, 8.75, 10.5], "rotation": 180, "texture": "#3"},
				"down": {"uv": [11, 9.25, 10.25, 10.5], "texture": "#3"}
			}
		}
	],
	"display": {
		"thirdperson_righthand": {
			"rotation": [75, 45, 0],
			"translation": [0, 2.5, 0],
			"scale": [0.375, 0.375, 0.375]
		},
		"thirdperson_lefthand": {
			"rotation": [75, 45, 0],
			"translation": [0, 2.5, 0],
			"scale": [0.375, 0.375, 0.375]
		},
		"firstperson_righthand": {
			"rotation": [-9, 155, -3],
			"translation": [0.5, 4, 0],
			"scale": [0.5, 0.5, 0.5]
		},
		"firstperson_lefthand": {
			"rotation": [162.6, 67.03, -171.79],
			"translation": [0.5, 4, 0],
			"scale": [0.5, 0.5, 0.5]
		},
		"ground": {
			"translation": [0, 2, 0],
			"scale": [0.5, 0.5, 0.5]
		},
		"gui": {
			"rotation": [30, 225, 0],
			"translation": [0, 0.25, 0],
			"scale": [0.84, 0.84, 0.84]
		},
		"head": {
			"translation": [0, 14.5, 0]
		},
		"fixed": {
			"rotation": [2, 0, 0],
			"translation": [0, 0, -2.5]
		}
	},
	"groups": [
		{
			"name": "Head",
			"origin": [8.09231, 24, 8.08734],
			"color": 0,
			"children": [
				0,
				1,
				2,
				3,
				4,
				5,
				6,
				7,
				{
					"name": "group",
					"origin": [5.70769, 15.2, 11.78734],
					"color": 0,
					"children": [8, 9, 10, 11, 12, 13]
				},
				{
					"name": "group",
					"origin": [12.99231, 9.5, 8.73734],
					"color": 0,
					"children": [
						{
							"name": "group",
							"origin": [5.49441, 7.09686, 14.43734],
							"color": 0,
							"children": [14, 15, 16]
						},
						{
							"name": "group",
							"origin": [11.34231, 9.25, 5.78734],
							"color": 0,
							"children": [17, 18, 19]
						},
						20,
						21,
						22
					]
				}
			]
		},
		{
			"name": "eyes",
			"origin": [7.59231, 8, 6.68734],
			"color": 0,
			"children": [
				{
					"name": "eyes",
					"origin": [8, 5.75, 8],
					"color": 0,
					"children": [23, 24, 25]
				},
				26,
				27,
				28,
				29,
				30,
				31,
				32,
				33
			]
		},
		{
			"name": "Body",
			"origin": [8.09231, 24, 8.08734],
			"color": 0,
			"children": [
				34,
				35,
				36,
				{
					"name": "Tali",
					"origin": [16.77709, 0.775, 11.81312],
					"color": 0,
					"children": [37, 38, 39, 40, 41, 42, 43]
				},
				{
					"name": "Body",
					"origin": [8.09231, 24, 8.08734],
					"color": 0,
					"children": [44, 45]
				}
			]
		},
		{
			"name": "LeftArm",
			"origin": [3.09231, 22, 8.08734],
			"color": 0,
			"children": [46, 47, 48, 49]
		},
		{
			"name": "RightArm",
			"origin": [3.09231, 22, 8.08734],
			"color": 0,
			"children": [50, 51, 52, 53]
		},
		{
			"name": "LeftLeg",
			"origin": [6.19231, 12, 8.08734],
			"color": 0,
			"children": [54, 55]
		},
		{
			"name": "RightLeg",
			"origin": [6.19231, 12, 8.08734],
			"color": 0,
			"children": [56, 57]
		}
	]
}