{
	"format_version": "1.21.6",
	"texture_size": [64, 64],
	"textures": {
		"1": "kaleidoscope:block/doll/s/benpao216",
		"particle": "kaleidoscope:block/doll/s/benpao216"
	},
	"elements": [
		{
			"name": "Head",
			"from": [3.5, 6, 6],
			"to": [11.5, 14, 14],
			"rotation": {"angle": 0, "axis": "y", "origin": [7.5, 10, 9.40742]},
			"faces": {
				"north": {"uv": [2, 2, 4, 4], "texture": "#1"},
				"east": {"uv": [0, 2, 2, 4], "texture": "#1"},
				"south": {"uv": [6, 2, 8, 4], "texture": "#1"},
				"west": {"uv": [4, 2, 6, 4], "texture": "#1"},
				"up": {"uv": [4, 2, 2, 0], "texture": "#1"},
				"down": {"uv": [6, 0, 4, 2], "texture": "#1"}
			}
		},
		{
			"name": "Hat Layer",
			"from": [3.2, 5.7, 5.7],
			"to": [11.8, 14.3, 14.3],
			"rotation": {"angle": 0, "axis": "y", "origin": [7.5, 10, 9.40742]},
			"faces": {
				"north": {"uv": [10, 2, 12, 4], "texture": "#1"},
				"east": {"uv": [8, 2, 10, 4], "texture": "#1"},
				"south": {"uv": [14, 2, 16, 4], "texture": "#1"},
				"west": {"uv": [12, 2, 14, 4], "texture": "#1"},
				"up": {"uv": [12, 2, 10, 0], "texture": "#1"},
				"down": {"uv": [14, 0, 12, 2], "texture": "#1"}
			}
		},
		{
			"name": "Body",
			"from": [4.5, 0, 7.90742],
			"to": [10.5, 7, 11.90742],
			"rotation": {"angle": 0, "axis": "y", "origin": [7, 7.9125, 8.32871]},
			"faces": {
				"north": {"uv": [5.25, 5, 6.75, 6.75], "texture": "#1"},
				"east": {"uv": [8, 5, 7, 6.75], "texture": "#1"},
				"south": {"uv": [8.25, 5, 9.75, 6.75], "texture": "#1"},
				"west": {"uv": [7, 5, 8, 6.75], "texture": "#1"},
				"down": {"uv": [6.75, 8, 5.25, 7], "texture": "#1"}
			}
		},
		{
			"name": "Body",
			"from": [4.5, 0, 12.00742],
			"to": [10.5, 7, 12.00742],
			"rotation": {"angle": 0, "axis": "y", "origin": [7, 7.9125, 8.32871]},
			"faces": {
				"east": {"uv": [8, 5, 7, 6.75], "texture": "#1"},
				"south": {"uv": [8.5, 8.875, 10, 10.625], "texture": "#1"},
				"west": {"uv": [7, 5, 8, 6.75], "texture": "#1"},
				"down": {"uv": [6.75, 7, 5.25, 8], "texture": "#1"}
			}
		},
		{
			"name": "Body",
			"from": [5, 0, 12.25742],
			"to": [10, 6, 12.25742],
			"rotation": {"angle": 0, "axis": "y", "origin": [7, 7.9125, 8.32871]},
			"faces": {
				"east": {"uv": [8, 5, 7, 6.75], "texture": "#1"},
				"south": {"uv": [12.25, 8.5, 14, 10.75], "texture": "#1"},
				"west": {"uv": [7, 5, 8, 6.75], "texture": "#1"},
				"down": {"uv": [6.75, 7, 5.25, 8], "texture": "#1"}
			}
		},
		{
			"name": "Body",
			"from": [4.5, 0, 12.00742],
			"to": [10.5, 7, 12.00742],
			"rotation": {"angle": 0, "axis": "y", "origin": [7, 7.9125, 8.32871]},
			"faces": {
				"east": {"uv": [8, 5, 7, 6.75], "texture": "#1"},
				"south": {"uv": [8.5, 8.875, 10, 10.625], "texture": "#1"},
				"west": {"uv": [7, 5, 8, 6.75], "texture": "#1"},
				"down": {"uv": [6.75, 7, 5.25, 8], "texture": "#1"}
			}
		},
		{
			"name": "Body",
			"from": [5, 0.75, 7.65742],
			"to": [10, 7, 7.65742],
			"rotation": {"angle": 0, "axis": "y", "origin": [7, 7.9125, 8.32871]},
			"faces": {
				"north": {"uv": [7, 8.75, 8.5, 10.5], "texture": "#1"},
				"east": {"uv": [8, 5, 7, 6.75], "texture": "#1"},
				"south": {"uv": [8.5, 8.75, 10, 10.5], "texture": "#1"},
				"west": {"uv": [7, 5, 8, 6.75], "texture": "#1"},
				"down": {"uv": [6.75, 7, 5.25, 8], "texture": "#1"}
			}
		},
		{
			"name": "Right Arm",
			"from": [7.12215, -1.6156, 8.45742],
			"to": [10.12215, 4.3844, 11.45742],
			"rotation": {"angle": 22.5, "axis": "z", "origin": [5.5, 7.9125, 7.57871]},
			"faces": {
				"north": {"uv": [3.25, 7.75, 2.5, 9.25], "texture": "#1"},
				"east": {"uv": [0.5, 7.75, 1.25, 9.25], "texture": "#1"},
				"south": {"uv": [2.5, 7.75, 3.25, 9.25], "texture": "#1"},
				"west": {"uv": [3.5, 7.75, 4.25, 9.25], "texture": "#1"},
				"down": {"uv": [1.5, 9.25, 2.25, 8.5], "rotation": 270, "texture": "#1"}
			}
		},
		{
			"name": "Right Arm",
			"from": [7.02215, 1.2844, 8.35742],
			"to": [10.22215, 2.4844, 11.55742],
			"rotation": {"angle": 22.5, "axis": "z", "origin": [5.5, 7.9125, 7.57871]},
			"faces": {
				"north": {"uv": [0.5, 4.5, 1.25, 4.75], "texture": "#1"},
				"east": {"uv": [0.5, 4.5, 1.25, 4.75], "texture": "#1"},
				"south": {"uv": [0.5, 4.5, 1.25, 4.75], "texture": "#1"},
				"west": {"uv": [0.5, 4.5, 1.25, 4.75], "texture": "#1"}
			}
		},
		{
			"name": "Right Arm",
			"from": [7.02215, -0.7156, 8.35742],
			"to": [10.22215, 0.4844, 11.55742],
			"rotation": {"angle": 22.5, "axis": "z", "origin": [5.5, 7.9125, 7.57871]},
			"faces": {
				"north": {"uv": [0.5, 4.5, 1.25, 4.75], "texture": "#1"},
				"east": {"uv": [0.5, 4.5, 1.25, 4.75], "texture": "#1"},
				"south": {"uv": [0.5, 4.5, 1.25, 4.75], "texture": "#1"},
				"west": {"uv": [0.5, 4.5, 1.25, 4.75], "texture": "#1"}
			}
		},
		{
			"name": "Right Arm",
			"from": [2.63269, 0.07612, 8.45742],
			"to": [5.63269, 6.07612, 11.45742],
			"rotation": {"angle": -22.5, "axis": "z", "origin": [4.13269, 3.07612, 9.95742]},
			"faces": {
				"north": {"uv": [3.5, 7.75, 4.25, 9.25], "texture": "#1"},
				"east": {"uv": [3.5, 7.75, 4.25, 9.25], "texture": "#1"},
				"south": {"uv": [3.5, 7.75, 4.25, 9.25], "texture": "#1"},
				"west": {"uv": [3.5, 7.75, 4.25, 9.25], "texture": "#1"},
				"down": {"uv": [2.25, 6.75, 1.5, 7.5], "texture": "#1"}
			}
		},
		{
			"name": "Right Arm",
			"from": [2.53269, 2.97612, 8.35742],
			"to": [5.73269, 5.17612, 11.55742],
			"rotation": {"angle": -22.5, "axis": "z", "origin": [4.13269, 3.07612, 9.95742]},
			"faces": {
				"north": {"uv": [1.5, 4.25, 2.25, 4.75], "texture": "#1"},
				"east": {"uv": [1.5, 4.25, 2.25, 4.75], "texture": "#1"},
				"south": {"uv": [1.5, 4.25, 2.25, 4.75], "texture": "#1"},
				"west": {"uv": [1.5, 4.25, 2.25, 4.75], "texture": "#1"}
			}
		},
		{
			"name": "Right Arm",
			"from": [2.53269, 0.47612, 8.35742],
			"to": [5.73269, 1.67612, 11.55742],
			"rotation": {"angle": -22.5, "axis": "z", "origin": [4.13269, 3.07612, 9.95742]},
			"faces": {
				"north": {"uv": [1.5, 4.25, 2.25, 4.5], "texture": "#1"},
				"east": {"uv": [1.5, 4.25, 2.25, 4.5], "texture": "#1"},
				"south": {"uv": [1.5, 4.25, 2.25, 4.5], "texture": "#1"},
				"west": {"uv": [1.5, 4.25, 2.25, 4.5], "texture": "#1"}
			}
		},
		{
			"name": "Right Leg",
			"from": [8.25, 0.02, 2.35],
			"to": [11.25, 3.02, 7.35],
			"rotation": {"angle": -22.5, "axis": "y", "origin": [6.75, 7.6625, 7.17871]},
			"faces": {
				"north": {"uv": [2.5, 6.75, 3.25, 7.5], "texture": "#1"},
				"east": {"uv": [3.25, 5.25, 2.5, 6.5], "rotation": 270, "texture": "#1"},
				"west": {"uv": [2.5, 5.25, 3.25, 6.5], "rotation": 90, "texture": "#1"},
				"up": {"uv": [2.5, 5.25, 3.25, 6.5], "rotation": 180, "texture": "#1"},
				"down": {"uv": [2.5, 5.25, 3.25, 6.5], "texture": "#1"}
			}
		},
		{
			"name": "Right Leg",
			"from": [8.15, -0.08, 2.75],
			"to": [11.35, 3.12, 3.95],
			"rotation": {"angle": -22.5, "axis": "y", "origin": [6.75, 7.6625, 7.17871]},
			"faces": {
				"east": {"uv": [3.25, 4.5, 2.5, 4.75], "rotation": 270, "texture": "#1"},
				"west": {"uv": [2.5, 4.5, 3.25, 4.75], "rotation": 90, "texture": "#1"},
				"up": {"uv": [2.5, 4.5, 3.25, 4.75], "rotation": 180, "texture": "#1"},
				"down": {"uv": [2.5, 4.5, 3.25, 4.75], "texture": "#1"}
			}
		},
		{
			"name": "Left Leg",
			"from": [3.9, -0.08, 3.15],
			"to": [7.1, 3.12, 4.35],
			"rotation": {"angle": 22.5, "axis": "y", "origin": [7.5, 7.6625, 7.82871]},
			"faces": {
				"east": {"uv": [3.5, 4.5, 4.25, 4.75], "rotation": 270, "texture": "#1"},
				"west": {"uv": [4.25, 4.5, 3.5, 4.75], "rotation": 90, "texture": "#1"},
				"up": {"uv": [3.5, 4.5, 4.25, 4.75], "rotation": 180, "texture": "#1"},
				"down": {"uv": [3.5, 4.5, 4.25, 4.75], "texture": "#1"}
			}
		},
		{
			"name": "Left Leg",
			"from": [4, 0.02, 2.75],
			"to": [7, 3.02, 7.75],
			"rotation": {"angle": 22.5, "axis": "y", "origin": [7.5, 7.6625, 7.82871]},
			"faces": {
				"north": {"uv": [3.5, 6.75, 4.25, 7.5], "texture": "#1"},
				"east": {"uv": [3.5, 5.25, 4.25, 6.5], "rotation": 270, "texture": "#1"},
				"west": {"uv": [4.25, 5.25, 3.5, 6.5], "rotation": 90, "texture": "#1"},
				"up": {"uv": [2.5, 5.25, 3.25, 6.5], "rotation": 180, "texture": "#1"},
				"down": {"uv": [3.5, 5.25, 4.25, 6.5], "texture": "#1"}
			}
		}
	],
	"display": {
		"thirdperson_righthand": {
			"rotation": [75, 45, 0],
			"translation": [0, 2.5, 0],
			"scale": [0.375, 0.375, 0.375]
		},
		"thirdperson_lefthand": {
			"rotation": [75, 45, 0],
			"translation": [0, 2.5, 0],
			"scale": [0.375, 0.375, 0.375]
		},
		"firstperson_righthand": {
			"rotation": [-9, 155, -3],
			"translation": [0.5, 4, 0],
			"scale": [0.5, 0.5, 0.5]
		},
		"firstperson_lefthand": {
			"rotation": [162.6, 67.03, -171.79],
			"translation": [0.5, 4, 0],
			"scale": [0.5, 0.5, 0.5]
		},
		"ground": {
			"translation": [0, 2, 0],
			"scale": [0.5, 0.5, 0.5]
		},
		"gui": {
			"rotation": [30, -135, 0],
			"translation": [0, 0.25, 0],
			"scale": [0.84, 0.84, 0.84]
		},
		"head": {
			"translation": [0, 14.5, 0]
		},
		"fixed": {
			"rotation": [2, 0, 0],
			"translation": [0, 0, -2.5]
		}
	},
	"groups": [
		{
			"name": "Head",
			"origin": [8, 24, 8],
			"color": 0,
			"children": [0, 1]
		},
		{
			"name": "Body",
			"origin": [8, 24, 8],
			"color": 0,
			"children": [2, 3, 4, 5, 6]
		},
		{
			"name": "RightArm",
			"origin": [13, 22, 8],
			"color": 0,
			"children": [7, 8, 9, 10, 11, 12]
		},
		{
			"name": "LeftArm",
			"origin": [3, 22, 8],
			"color": 0,
			"children": []
		},
		{
			"name": "RightLeg",
			"origin": [9.9, 12, 8],
			"color": 0,
			"children": [13, 14]
		},
		{
			"name": "LeftLeg",
			"origin": [6.1, 12, 8],
			"color": 0,
			"children": [15, 16]
		}
	]
}