{
    "credit": "by YSBB  2025",
    "texture_size": [
        64,
        64
    ],
    "textures": {
        "0": "kaleidoscope:block/doll/s/blackannin",
        "1": "kaleidoscope:block/doll/s/blackannin",
        "2": "kaleidoscope:block/doll/s/blackannin",
        "particle": "kaleidoscope:block/doll/s/blackannin"
    },
    "elements": [
        {
            "name": "Head",
            "from": [
                4,
                6,
                5.5
            ],
            "to": [
                12,
                14,
                13.5
            ],
            "rotation": {
                "angle": 0,
                "axis": "y",
                "origin": [
                    8,
                    10,
                    8.90742
                ]
            },
            "faces": {
                "north": {
                    "uv": [
                        0,
                        2,
                        2,
                        4
                    ],
                    "texture": "#2"
                },
                "east": {
                    "uv": [
                        6,
                        0,
                        8,
                        2
                    ],
                    "texture": "#2"
                },
                "south": {
                    "uv": [
                        4,
                        0,
                        6,
                        2
                    ],
                    "texture": "#2"
                },
                "west": {
                    "uv": [
                        2,
                        0,
                        4,
                        2
                    ],
                    "texture": "#2"
                },
                "up": {
                    "uv": [
                        2,
                        2,
                        0,
                        0
                    ],
                    "texture": "#2"
                },
                "down": {
                    "uv": [
                        4,
                        2,
                        2,
                        4
                    ],
                    "texture": "#2"
                }
            }
        },
        {
            "name": "Hair Layer",
            "from": [
                3.8,
                5.8,
                5.3
            ],
            "to": [
                12.2,
                14.2,
                13.7
            ],
            "rotation": {
                "angle": 0,
                "axis": "y",
                "origin": [
                    8,
                    10,
                    8.9074
                ]
            },
            "faces": {
                "north": {
                    "uv": [
                        0,
                        4,
                        2,
                        6
                    ],
                    "texture": "#2"
                },
                "east": {
                    "uv": [
                        6,
                        4,
                        8,
                        6
                    ],
                    "texture": "#2"
                },
                "south": {
                    "uv": [
                        4,
                        4,
                        6,
                        6
                    ],
                    "texture": "#2"
                },
                "west": {
                    "uv": [
                        2,
                        4,
                        4,
                        6
                    ],
                    "texture": "#2"
                },
                "up": {
                    "uv": [
                        6,
                        4,
                        4,
                        2
                    ],
                    "texture": "#2"
                },
                "down": {
                    "uv": [
                        8,
                        2,
                        6,
                        4
                    ],
                    "texture": "#2"
                }
            }
        },
        {
            "name": "Body",
            "from": [
                5,
                0,
                7.40742
            ],
            "to": [
                11,
                7,
                11.40742
            ],
            "rotation": {
                "angle": 0,
                "axis": "y",
                "origin": [
                    7.5,
                    7.9125,
                    7.82871
                ]
            },
            "faces": {
                "north": {
                    "uv": [
                        10,
                        1,
                        11.5,
                        2.75
                    ],
                    "texture": "#2"
                },
                "east": {
                    "uv": [
                        14,
                        1,
                        15,
                        2.75
                    ],
                    "texture": "#2"
                },
                "south": {
                    "uv": [
                        14,
                        1,
                        12.5,
                        2.75
                    ],
                    "texture": "#2"
                },
                "west": {
                    "uv": [
                        11.5,
                        1,
                        12.5,
                        2.75
                    ],
                    "texture": "#2"
                },
                "up": {
                    "uv": [
                        11.5,
                        1,
                        10,
                        0
                    ],
                    "texture": "#2"
                },
                "down": {
                    "uv": [
                        14,
                        2.75,
                        12.5,
                        3.75
                    ],
                    "texture": "#2"
                }
            }
        },
        {
            "name": "Body Layer",
            "from": [
                4.8,
                -0.2,
                7.20742
            ],
            "to": [
                11.2,
                7.2,
                11.60742
            ],
            "rotation": {
                "angle": 0,
                "axis": "y",
                "origin": [
                    7.5,
                    7.9125,
                    7.82871
                ]
            },
            "faces": {
                "north": {
                    "uv": [
                        10,
                        3.75,
                        11.5,
                        5.5
                    ],
                    "texture": "#2"
                },
                "east": {
                    "uv": [
                        14,
                        3.75,
                        15,
                        5.5
                    ],
                    "texture": "#2"
                },
                "south": {
                    "uv": [
                        14,
                        3.75,
                        12.5,
                        5.5
                    ],
                    "texture": "#2"
                },
                "west": {
                    "uv": [
                        11.5,
                        3.75,
                        12.5,
                        5.5
                    ],
                    "texture": "#2"
                },
                "up": {
                    "uv": [
                        11.5,
                        3.75,
                        10,
                        2.75
                    ],
                    "texture": "#2"
                },
                "down": {
                    "uv": [
                        14,
                        5.5,
                        12.5,
                        6.5
                    ],
                    "texture": "#2"
                }
            }
        },
        {
            "name": "Right Arm",
            "from": [
                7.62215,
                -1.3656,
                7.95742
            ],
            "to": [
                10.62215,
                4.6344,
                10.95742
            ],
            "rotation": {
                "angle": 22.5,
                "axis": "z",
                "origin": [
                    6,
                    8.1625,
                    7.07871
                ]
            },
            "faces": {
                "north": {
                    "uv": [
                        0.75,
                        8.75,
                        1.5,
                        10.25
                    ],
                    "texture": "#2"
                },
                "east": {
                    "uv": [
                        0,
                        8.75,
                        0.75,
                        10.25
                    ],
                    "texture": "#2"
                },
                "south": {
                    "uv": [
                        2.25,
                        8.75,
                        3,
                        10.25
                    ],
                    "texture": "#2"
                },
                "west": {
                    "uv": [
                        1.5,
                        8.75,
                        2.25,
                        10.25
                    ],
                    "texture": "#2"
                },
                "up": {
                    "uv": [
                        0.75,
                        8,
                        1.5,
                        8.75
                    ],
                    "texture": "#2"
                },
                "down": {
                    "uv": [
                        0.75,
                        10.25,
                        1.5,
                        11
                    ],
                    "texture": "#2"
                }
            }
        },
        {
            "name": "Right Arm Layer",
            "from": [
                7.42215,
                -1.5656,
                7.75742
            ],
            "to": [
                10.82215,
                4.8344,
                11.15742
            ],
            "rotation": {
                "angle": 22.5,
                "axis": "z",
                "origin": [
                    6,
                    8.1625,
                    7.07871
                ]
            },
            "faces": {
                "north": {
                    "uv": [
                        0.75,
                        11,
                        1.5,
                        12.5
                    ],
                    "texture": "#2"
                },
                "east": {
                    "uv": [
                        0,
                        11,
                        0.75,
                        12.5
                    ],
                    "texture": "#2"
                },
                "south": {
                    "uv": [
                        2.25,
                        11,
                        3,
                        12.5
                    ],
                    "texture": "#2"
                },
                "west": {
                    "uv": [
                        1.5,
                        11,
                        2.25,
                        12.5
                    ],
                    "texture": "#2"
                },
                "up": {
                    "uv": [
                        1.5,
                        10.25,
                        2.25,
                        11
                    ],
                    "texture": "#2"
                },
                "down": {
                    "uv": [
                        1.5,
                        12.5,
                        2.25,
                        13.25
                    ],
                    "texture": "#2"
                }
            }
        },
        {
            "name": "Left Arm",
            "from": [
                5.37785,
                -1.3656,
                7.95742
            ],
            "to": [
                8.37785,
                4.6344,
                10.95742
            ],
            "rotation": {
                "angle": -22.5,
                "axis": "z",
                "origin": [
                    10,
                    8.1625,
                    7.07871
                ]
            },
            "faces": {
                "north": {
                    "uv": [
                        4.5,
                        8.75,
                        3.75,
                        10.25
                    ],
                    "texture": "#2"
                },
                "east": {
                    "uv": [
                        3.75,
                        8.75,
                        3,
                        10.25
                    ],
                    "texture": "#2"
                },
                "south": {
                    "uv": [
                        6,
                        8.75,
                        5.25,
                        10.25
                    ],
                    "texture": "#2"
                },
                "west": {
                    "uv": [
                        5.25,
                        8.75,
                        4.5,
                        10.25
                    ],
                    "texture": "#2"
                },
                "up": {
                    "uv": [
                        3.75,
                        8.75,
                        4.5,
                        8
                    ],
                    "texture": "#2"
                },
                "down": {
                    "uv": [
                        4.5,
                        10.25,
                        5.25,
                        11
                    ],
                    "texture": "#2"
                }
            }
        },
        {
            "name": "Left Arm Layer",
            "from": [
                5.17785,
                -1.5656,
                6.75742
            ],
            "to": [
                8.57785,
                4.8344,
                11.15742
            ],
            "rotation": {
                "angle": -22.5,
                "axis": "z",
                "origin": [
                    10,
                    8.1625,
                    7.07871
                ]
            },
            "faces": {
                "north": {
                    "uv": [
                        4.5,
                        11,
                        3.75,
                        12.5
                    ],
                    "texture": "#2"
                },
                "east": {
                    "uv": [
                        3,
                        11,
                        3.75,
                        12.5
                    ],
                    "texture": "#2"
                },
                "south": {
                    "uv": [
                        6,
                        11,
                        5.25,
                        12.5
                    ],
                    "texture": "#2"
                },
                "west": {
                    "uv": [
                        5.25,
                        11,
                        4.5,
                        12.5
                    ],
                    "texture": "#2"
                },
                "up": {
                    "uv": [
                        3.75,
                        10.25,
                        4.5,
                        11
                    ],
                    "texture": "#2"
                },
                "down": {
                    "uv": [
                        4.5,
                        12.5,
                        5.25,
                        13.25
                    ],
                    "texture": "#2"
                }
            }
        },
        {
            "name": "Right Leg",
            "from": [
                8.75,
                0.1,
                1.75
            ],
            "to": [
                11.75,
                3.1,
                6.75
            ],
            "rotation": {
                "angle": -22.5,
                "axis": "y",
                "origin": [
                    7.25,
                    7.7625,
                    6.57871
                ]
            },
            "faces": {
                "north": {
                    "uv": [
                        8.75,
                        5.5,
                        8,
                        6.25
                    ],
                    "texture": "#2"
                },
                "east": {
                    "uv": [
                        10.75,
                        5.5,
                        12,
                        6.25
                    ],
                    "texture": "#2"
                },
                "south": {
                    "uv": [
                        10,
                        5.5,
                        10.75,
                        6.25
                    ],
                    "texture": "#2"
                },
                "west": {
                    "uv": [
                        10,
                        5.5,
                        8.75,
                        6.25
                    ],
                    "texture": "#2"
                },
                "up": {
                    "uv": [
                        8.75,
                        5.5,
                        8,
                        4.25
                    ],
                    "texture": "#2"
                },
                "down": {
                    "uv": [
                        10.75,
                        6.25,
                        10,
                        7.5
                    ],
                    "texture": "#2"
                }
            }
        },
        {
            "name": "Right Leg Layer",
            "from": [
                8.55,
                -0.1,
                1.55
            ],
            "to": [
                11.95,
                3.3,
                6.95
            ],
            "rotation": {
                "angle": -22.5,
                "axis": "y",
                "origin": [
                    7.25,
                    7.7625,
                    6.57871
                ]
            },
            "faces": {
                "north": {
                    "uv": [
                        8,
                        7.5,
                        8.75,
                        8.25
                    ],
                    "texture": "#2"
                },
                "east": {
                    "uv": [
                        10.75,
                        7.5,
                        12,
                        8.25
                    ],
                    "texture": "#2"
                },
                "south": {
                    "uv": [
                        10,
                        7.5,
                        10.75,
                        8.25
                    ],
                    "texture": "#2"
                },
                "west": {
                    "uv": [
                        10,
                        7.5,
                        8.75,
                        8.25
                    ],
                    "texture": "#2"
                },
                "up": {
                    "uv": [
                        8.75,
                        7.5,
                        8,
                        6.25
                    ],
                    "texture": "#2"
                },
                "down": {
                    "uv": [
                        10.75,
                        8.25,
                        10,
                        9.5
                    ],
                    "texture": "#2"
                }
            }
        },
        {
            "name": "Left Leg",
            "from": [
                4.25,
                0.1,
                1.75
            ],
            "to": [
                7.25,
                3.1,
                6.75
            ],
            "rotation": {
                "angle": 22.5,
                "axis": "y",
                "origin": [
                    8.75,
                    7.7625,
                    6.57871
                ]
            },
            "faces": {
                "north": {
                    "uv": [
                        12.75,
                        7.75,
                        12,
                        8.5
                    ],
                    "texture": "#2"
                },
                "east": {
                    "uv": [
                        14.75,
                        7.75,
                        16,
                        8.5
                    ],
                    "texture": "#2"
                },
                "south": {
                    "uv": [
                        14.75,
                        7.75,
                        14,
                        8.5
                    ],
                    "texture": "#2"
                },
                "west": {
                    "uv": [
                        14,
                        7.75,
                        12.75,
                        8.5
                    ],
                    "texture": "#2"
                },
                "up": {
                    "uv": [
                        12,
                        7.75,
                        12.75,
                        6.5
                    ],
                    "texture": "#2"
                },
                "down": {
                    "uv": [
                        14,
                        8.5,
                        14.75,
                        9.75
                    ],
                    "texture": "#2"
                }
            }
        },
        {
            "name": "Left Leg Layer",
            "from": [
                4.05,
                -0.1,
                1.55
            ],
            "to": [
                7.45,
                3.3,
                6.95
            ],
            "rotation": {
                "angle": 22.5,
                "axis": "y",
                "origin": [
                    8.75,
                    7.7625,
                    6.57871
                ]
            },
            "faces": {
                "north": {
                    "uv": [
                        12.75,
                        9.75,
                        12,
                        10.5
                    ],
                    "texture": "#2"
                },
                "east": {
                    "uv": [
                        14.75,
                        9.75,
                        16,
                        10.5
                    ],
                    "texture": "#2"
                },
                "south": {
                    "uv": [
                        14.75,
                        9.75,
                        14,
                        10.5
                    ],
                    "texture": "#2"
                },
                "west": {
                    "uv": [
                        14,
                        9.75,
                        12.75,
                        10.5
                    ],
                    "texture": "#2"
                },
                "up": {
                    "uv": [
                        12,
                        9.75,
                        12.75,
                        8.5
                    ],
                    "texture": "#2"
                },
                "down": {
                    "uv": [
                        14,
                        10.5,
                        14.75,
                        11.75
                    ],
                    "texture": "#2"
                }
            }
        },
        {
            "from": [
                4.25,
                13,
                7
            ],
            "to": [
                7.25,
                15,
                8
            ],
            "rotation": {
                "angle": 0,
                "axis": "y",
                "origin": [
                    5.25,
                    13,
                    7
                ]
            },
            "faces": {
                "north": {
                    "uv": [
                        12,
                        14.75,
                        12.75,
                        15.25
                    ],
                    "texture": "#2"
                },
                "east": {
                    "uv": [
                        12,
                        14.75,
                        12.25,
                        15.25
                    ],
                    "texture": "#2"
                },
                "south": {
                    "uv": [
                        12,
                        14.75,
                        12.75,
                        15.25
                    ],
                    "texture": "#2"
                },
                "west": {
                    "uv": [
                        12,
                        14.75,
                        12.25,
                        15.25
                    ],
                    "texture": "#2"
                },
                "up": {
                    "uv": [
                        12,
                        14.75,
                        12.75,
                        15
                    ],
                    "texture": "#2"
                },
                "down": {
                    "uv": [
                        12,
                        14.75,
                        12.75,
                        15
                    ],
                    "texture": "#2"
                }
            }
        },
        {
            "from": [
                5.25,
                15,
                7
            ],
            "to": [
                7.25,
                16,
                8
            ],
            "rotation": {
                "angle": 0,
                "axis": "y",
                "origin": [
                    4.25,
                    15,
                    7
                ]
            },
            "faces": {
                "north": {
                    "uv": [
                        12.25,
                        14.5,
                        12.5,
                        14.75
                    ],
                    "texture": "#2"
                },
                "east": {
                    "uv": [
                        12.25,
                        14.5,
                        12.5,
                        14.75
                    ],
                    "texture": "#2"
                },
                "south": {
                    "uv": [
                        12.25,
                        14.5,
                        12.5,
                        14.75
                    ],
                    "texture": "#2"
                },
                "west": {
                    "uv": [
                        12,
                        14.75,
                        12.25,
                        15.25
                    ],
                    "texture": "#2"
                },
                "up": {
                    "uv": [
                        12.25,
                        14.5,
                        12.5,
                        14.75
                    ],
                    "texture": "#2"
                },
                "down": {
                    "uv": [
                        12.25,
                        14.5,
                        12.5,
                        14.75
                    ],
                    "texture": "#2"
                }
            }
        },
        {
            "from": [
                8.75,
                15,
                7
            ],
            "to": [
                10.75,
                16,
                8
            ],
            "rotation": {
                "angle": 0,
                "axis": "y",
                "origin": [
                    7.75,
                    15,
                    7
                ]
            },
            "faces": {
                "north": {
                    "uv": [
                        12.25,
                        14.5,
                        12.5,
                        14.75
                    ],
                    "texture": "#2"
                },
                "east": {
                    "uv": [
                        12.25,
                        14.5,
                        12.5,
                        14.75
                    ],
                    "texture": "#2"
                },
                "south": {
                    "uv": [
                        12.25,
                        14.5,
                        12.5,
                        14.75
                    ],
                    "texture": "#2"
                },
                "west": {
                    "uv": [
                        12,
                        14.75,
                        12.25,
                        15.25
                    ],
                    "texture": "#2"
                },
                "up": {
                    "uv": [
                        12.25,
                        14.5,
                        12.5,
                        14.75
                    ],
                    "texture": "#2"
                },
                "down": {
                    "uv": [
                        12.25,
                        14.5,
                        12.5,
                        14.75
                    ],
                    "texture": "#2"
                }
            }
        },
        {
            "from": [
                8.75,
                13,
                7
            ],
            "to": [
                11.75,
                15,
                8
            ],
            "rotation": {
                "angle": 0,
                "axis": "y",
                "origin": [
                    9.75,
                    13,
                    7
                ]
            },
            "faces": {
                "north": {
                    "uv": [
                        12,
                        14.75,
                        12.75,
                        15.25
                    ],
                    "texture": "#2"
                },
                "east": {
                    "uv": [
                        12,
                        14.75,
                        12.25,
                        15.25
                    ],
                    "texture": "#2"
                },
                "south": {
                    "uv": [
                        12,
                        14.75,
                        12.75,
                        15.25
                    ],
                    "texture": "#2"
                },
                "west": {
                    "uv": [
                        12,
                        14.75,
                        12.25,
                        15.25
                    ],
                    "texture": "#2"
                },
                "up": {
                    "uv": [
                        12,
                        14.75,
                        12.75,
                        15
                    ],
                    "texture": "#2"
                },
                "down": {
                    "uv": [
                        12,
                        14.75,
                        12.75,
                        15
                    ],
                    "texture": "#2"
                }
            }
        },
        {
            "from": [
                12,
                5,
                8
            ],
            "to": [
                14,
                12,
                11
            ],
            "rotation": {
                "angle": 0,
                "axis": "y",
                "origin": [
                    12,
                    10,
                    8
                ]
            },
            "faces": {
                "north": {
                    "uv": [
                        8.5,
                        13.25,
                        9,
                        15
                    ],
                    "texture": "#2"
                },
                "east": {
                    "uv": [
                        8.25,
                        13.25,
                        9,
                        15
                    ],
                    "texture": "#2"
                },
                "south": {
                    "uv": [
                        9,
                        13.25,
                        8.5,
                        15
                    ],
                    "texture": "#2"
                },
                "west": {
                    "uv": [
                        8.25,
                        13.25,
                        9,
                        15
                    ],
                    "texture": "#2"
                },
                "up": {
                    "uv": [
                        8.5,
                        13.25,
                        9,
                        14
                    ],
                    "texture": "#2"
                }
            }
        },
        {
            "from": [
                2,
                5,
                8
            ],
            "to": [
                4,
                12,
                11
            ],
            "rotation": {
                "angle": 0,
                "axis": "z",
                "origin": [
                    3,
                    7.5,
                    9.5
                ]
            },
            "faces": {
                "north": {
                    "uv": [
                        9,
                        13.25,
                        8.5,
                        15
                    ],
                    "texture": "#2"
                },
                "east": {
                    "uv": [
                        8.5,
                        13.25,
                        9.25,
                        15
                    ],
                    "texture": "#2"
                },
                "south": {
                    "uv": [
                        8.5,
                        13.25,
                        9,
                        15
                    ],
                    "texture": "#2"
                },
                "west": {
                    "uv": [
                        8.25,
                        13.25,
                        9,
                        15
                    ],
                    "texture": "#2"
                },
                "up": {
                    "uv": [
                        8.5,
                        13.25,
                        9,
                        14
                    ],
                    "texture": "#2"
                }
            }
        },
        {
            "from": [
                7,
                0,
                11
            ],
            "to": [
                9,
                2,
                15
            ],
            "rotation": {
                "angle": 0,
                "axis": "y",
                "origin": [
                    7,
                    0,
                    11
                ]
            },
            "faces": {
                "north": {
                    "uv": [
                        0,
                        0,
                        0.5,
                        0.5
                    ],
                    "texture": "#2"
                },
                "east": {
                    "uv": [
                        0,
                        0,
                        1,
                        0.5
                    ],
                    "texture": "#2"
                },
                "south": {
                    "uv": [
                        0,
                        0,
                        0.5,
                        0.5
                    ],
                    "texture": "#2"
                },
                "west": {
                    "uv": [
                        0,
                        0,
                        1,
                        0.5
                    ],
                    "texture": "#2"
                },
                "up": {
                    "uv": [
                        0,
                        0,
                        0.5,
                        1
                    ],
                    "texture": "#2"
                },
                "down": {
                    "uv": [
                        0,
                        0,
                        0.5,
                        1
                    ],
                    "texture": "#2"
                }
            }
        },
        {
            "from": [
                6.9,
                -0.1,
                13.15
            ],
            "to": [
                9.1,
                2.1,
                14.1
            ],
            "rotation": {
                "angle": 0,
                "axis": "y",
                "origin": [
                    7,
                    0,
                    10.25
                ]
            },
            "faces": {
                "north": {
                    "uv": [
                        13,
                        1.75,
                        13.5,
                        2.25
                    ],
                    "texture": "#2"
                },
                "east": {
                    "uv": [
                        13,
                        1.75,
                        13.25,
                        2.25
                    ],
                    "texture": "#2"
                },
                "south": {
                    "uv": [
                        13,
                        1.75,
                        13.5,
                        2.25
                    ],
                    "texture": "#2"
                },
                "west": {
                    "uv": [
                        13,
                        1.75,
                        13.25,
                        2.25
                    ],
                    "texture": "#2"
                },
                "up": {
                    "uv": [
                        13,
                        1.75,
                        13.5,
                        2
                    ],
                    "texture": "#2"
                },
                "down": {
                    "uv": [
                        13,
                        1.75,
                        13.5,
                        2
                    ],
                    "texture": "#2"
                }
            }
        }
    ],
    "display": {
        "thirdperson_righthand": {
            "rotation": [
                75,
                45,
                0
            ],
            "translation": [
                0,
                2.5,
                0
            ],
            "scale": [
                0.375,
                0.375,
                0.375
            ]
        },
        "thirdperson_lefthand": {
            "rotation": [
                75,
                45,
                0
            ],
            "translation": [
                0,
                2.5,
                0
            ],
            "scale": [
                0.375,
                0.375,
                0.375
            ]
        },
        "firstperson_righthand": {
            "rotation": [
                -9,
                155,
                -3
            ],
            "translation": [
                0.5,
                4,
                0
            ],
            "scale": [
                0.5,
                0.5,
                0.5
            ]
        },
        "firstperson_lefthand": {
            "rotation": [
                162.6,
                67.03,
                -171.79
            ],
            "translation": [
                0.5,
                4,
                0
            ],
            "scale": [
                0.5,
                0.5,
                0.5
            ]
        },
        "ground": {
            "translation": [
                0,
                2,
                0
            ],
            "scale": [
                0.5,
                0.5,
                0.5
            ]
        },
        "gui": {
            "rotation": [
                30,
                225,
                0
            ],
            "translation": [
                0,
                0.25,
                0
            ],
            "scale": [
                0.84,
                0.84,
                0.84
            ]
        },
        "head": {
            "translation": [
                0,
                14.5,
                0
            ]
        },
        "fixed": {
            "rotation": [
                2,
                0,
                0
            ],
            "translation": [
                0,
                0,
                -2.5
            ]
        }
    },
    "groups": [
        {
            "name": "hair",
            "origin": [
                7.9,
                3.625,
                8.68242
            ],
            "color": 0,
            "children": []
        },
        {
            "name": "Head",
            "origin": [
                7.9,
                3.625,
                8.68242
            ],
            "color": 0,
            "children": [
                0,
                1
            ]
        },
        {
            "name": "Body",
            "origin": [
                7.5,
                7.9125,
                7.82871
            ],
            "color": 0,
            "children": [
                2,
                3
            ]
        },
        {
            "name": "Right Arm",
            "origin": [
                6,
                8.1625,
                7.07871
            ],
            "color": 0,
            "children": [
                4,
                5
            ]
        },
        {
            "name": "Left Arm",
            "origin": [
                10,
                8.1625,
                7.07871
            ],
            "color": 0,
            "children": [
                6,
                7
            ]
        },
        {
            "name": "Right Leg",
            "origin": [
                7.25,
                7.7625,
                6.57871
            ],
            "color": 0,
            "children": [
                8,
                9
            ]
        },
        {
            "name": "Left Leg",
            "origin": [
                8.75,
                7.7625,
                6.57871
            ],
            "color": 0,
            "children": [
                10,
                11
            ]
        },
        {
            "name": "bone",
            "origin": [
                0,
                0,
                0
            ],
            "color": 0,
            "children": [
                12,
                13,
                14,
                15
            ]
        },
        16,
        17,
        18,
        19
    ]
}