{
    "credit": "by YSBB  2025",
    "texture_size": [
        64,
        64
    ],
    "textures": {
        "0": "kaleidoscope:block/doll/s/bluesunshinecat",
        "1": "kaleidoscope:block/doll/s/bluesunshinecat",
        "2": "kaleidoscope:block/doll/s/bluesunshinecat",
        "3": "kaleidoscope:block/doll/s/bluesunshinecat",
        "particle": "kaleidoscope:block/doll/s/bluesunshinecat"
    },
    "elements": [
        {
            "from": [
                8.25,
                4.02,
                2.35
            ],
            "to": [
                11.25,
                7.02,
                7.35
            ],
            "rotation": {
                "angle": -22.5,
                "axis": "y",
                "origin": [
                    6.75,
                    11.6625,
                    7.17871
                ]
            },
            "faces": {
                "north": {
                    "uv": [
                        2.5,
                        6.75,
                        3.25,
                        7.5
                    ],
                    "texture": "#1"
                },
                "east": {
                    "uv": [
                        3.25,
                        5.25,
                        2.5,
                        6.5
                    ],
                    "rotation": 270,
                    "texture": "#1"
                },
                "west": {
                    "uv": [
                        2.5,
                        5.25,
                        3.25,
                        6.5
                    ],
                    "rotation": 90,
                    "texture": "#1"
                },
                "up": {
                    "uv": [
                        2.5,
                        5.25,
                        3.25,
                        6.5
                    ],
                    "rotation": 180,
                    "texture": "#1"
                },
                "down": {
                    "uv": [
                        2.5,
                        5.25,
                        3.25,
                        6.5
                    ],
                    "texture": "#1"
                }
            }
        },
        {
            "from": [
                8.15,
                3.92,
                3.25
            ],
            "to": [
                11.35,
                7.12,
                5.95
            ],
            "rotation": {
                "angle": -22.5,
                "axis": "y",
                "origin": [
                    6.75,
                    11.6625,
                    7.17871
                ]
            },
            "faces": {
                "east": {
                    "uv": [
                        3.25,
                        4.5,
                        2.5,
                        5.25
                    ],
                    "rotation": 270,
                    "texture": "#1"
                },
                "west": {
                    "uv": [
                        2.5,
                        4.5,
                        3.25,
                        5.25
                    ],
                    "rotation": 90,
                    "texture": "#1"
                },
                "up": {
                    "uv": [
                        2.5,
                        4.5,
                        3.25,
                        5.25
                    ],
                    "rotation": 180,
                    "texture": "#1"
                },
                "down": {
                    "uv": [
                        2.5,
                        4.5,
                        3.25,
                        5.25
                    ],
                    "texture": "#1"
                }
            }
        },
        {
            "from": [
                3.9,
                3.92,
                3.65
            ],
            "to": [
                7.1,
                7.12,
                6.35
            ],
            "rotation": {
                "angle": 22.5,
                "axis": "y",
                "origin": [
                    7.5,
                    11.6625,
                    7.82871
                ]
            },
            "faces": {
                "east": {
                    "uv": [
                        3.5,
                        4.5,
                        4.25,
                        5.25
                    ],
                    "rotation": 270,
                    "texture": "#1"
                },
                "west": {
                    "uv": [
                        4.25,
                        4.5,
                        3.5,
                        5.25
                    ],
                    "rotation": 90,
                    "texture": "#1"
                },
                "up": {
                    "uv": [
                        3.5,
                        4.5,
                        4.25,
                        5.25
                    ],
                    "rotation": 180,
                    "texture": "#1"
                },
                "down": {
                    "uv": [
                        3.5,
                        4.5,
                        4.25,
                        5.25
                    ],
                    "texture": "#1"
                }
            }
        },
        {
            "from": [
                4,
                4.02,
                2.75
            ],
            "to": [
                7,
                7.02,
                7.75
            ],
            "rotation": {
                "angle": 22.5,
                "axis": "y",
                "origin": [
                    7.5,
                    11.6625,
                    7.82871
                ]
            },
            "faces": {
                "north": {
                    "uv": [
                        3.5,
                        6.75,
                        4.25,
                        7.5
                    ],
                    "texture": "#1"
                },
                "east": {
                    "uv": [
                        3.5,
                        5.25,
                        4.25,
                        6.5
                    ],
                    "rotation": 270,
                    "texture": "#1"
                },
                "west": {
                    "uv": [
                        4.25,
                        5.25,
                        3.5,
                        6.5
                    ],
                    "rotation": 90,
                    "texture": "#1"
                },
                "up": {
                    "uv": [
                        2.5,
                        5.25,
                        3.25,
                        6.5
                    ],
                    "rotation": 180,
                    "texture": "#1"
                },
                "down": {
                    "uv": [
                        3.5,
                        5.25,
                        4.25,
                        6.5
                    ],
                    "texture": "#1"
                }
            }
        },
        {
            "from": [
                3.5,
                10,
                6
            ],
            "to": [
                11.5,
                18,
                14
            ],
            "rotation": {
                "angle": 0,
                "axis": "y",
                "origin": [
                    7.5,
                    14,
                    9.40742
                ]
            },
            "faces": {
                "north": {
                    "uv": [
                        2,
                        2,
                        4,
                        4
                    ],
                    "texture": "#1"
                },
                "east": {
                    "uv": [
                        0,
                        2,
                        2,
                        4
                    ],
                    "texture": "#1"
                },
                "south": {
                    "uv": [
                        6,
                        2,
                        8,
                        4
                    ],
                    "texture": "#1"
                },
                "west": {
                    "uv": [
                        4,
                        2,
                        6,
                        4
                    ],
                    "texture": "#1"
                },
                "up": {
                    "uv": [
                        4,
                        2,
                        2,
                        0
                    ],
                    "texture": "#1"
                },
                "down": {
                    "uv": [
                        6,
                        0,
                        4,
                        2
                    ],
                    "texture": "#1"
                }
            }
        },
        {
            "from": [
                3.2,
                9.7,
                5.7
            ],
            "to": [
                11.8,
                18.3,
                14.3
            ],
            "rotation": {
                "angle": 0,
                "axis": "y",
                "origin": [
                    7.5,
                    14,
                    9.40742
                ]
            },
            "faces": {
                "north": {
                    "uv": [
                        10,
                        2,
                        12,
                        4
                    ],
                    "texture": "#1"
                },
                "east": {
                    "uv": [
                        8,
                        2,
                        10,
                        4
                    ],
                    "texture": "#1"
                },
                "south": {
                    "uv": [
                        14,
                        2,
                        16,
                        4
                    ],
                    "texture": "#1"
                },
                "west": {
                    "uv": [
                        12,
                        2,
                        14,
                        4
                    ],
                    "texture": "#1"
                },
                "up": {
                    "uv": [
                        12,
                        2,
                        10,
                        0
                    ],
                    "texture": "#1"
                },
                "down": {
                    "uv": [
                        14,
                        0,
                        12,
                        2
                    ],
                    "texture": "#1"
                }
            }
        },
        {
            "from": [
                4.5,
                4,
                7.90742
            ],
            "to": [
                10.5,
                11,
                11.90742
            ],
            "rotation": {
                "angle": 0,
                "axis": "y",
                "origin": [
                    7,
                    11.9125,
                    8.32871
                ]
            },
            "faces": {
                "north": {
                    "uv": [
                        5.25,
                        5,
                        6.75,
                        6.75
                    ],
                    "texture": "#1"
                },
                "east": {
                    "uv": [
                        8,
                        5,
                        7,
                        6.75
                    ],
                    "texture": "#1"
                },
                "south": {
                    "uv": [
                        8.25,
                        5,
                        9.75,
                        6.75
                    ],
                    "texture": "#1"
                },
                "west": {
                    "uv": [
                        7,
                        5,
                        8,
                        6.75
                    ],
                    "texture": "#1"
                },
                "down": {
                    "uv": [
                        6.75,
                        7,
                        5.25,
                        8
                    ],
                    "texture": "#1"
                }
            }
        },
        {
            "from": [
                4,
                6,
                7.5
            ],
            "to": [
                11,
                10,
                7.5
            ],
            "rotation": {
                "angle": 0,
                "axis": "y",
                "origin": [
                    5,
                    8,
                    7.5
                ]
            },
            "faces": {
                "north": {
                    "uv": [
                        1,
                        8.75,
                        2.75,
                        9.75
                    ],
                    "texture": "#1"
                },
                "east": {
                    "uv": [
                        0.5,
                        8.5,
                        1,
                        9.5
                    ],
                    "texture": "#1"
                },
                "south": {
                    "uv": [
                        0.5,
                        8.5,
                        2.25,
                        9.5
                    ],
                    "texture": "#1"
                },
                "west": {
                    "uv": [
                        0.5,
                        8.5,
                        1,
                        9.5
                    ],
                    "texture": "#1"
                },
                "up": {
                    "uv": [
                        0.5,
                        8.5,
                        2.25,
                        9
                    ],
                    "texture": "#1"
                },
                "down": {
                    "uv": [
                        0.5,
                        8.5,
                        2.25,
                        9
                    ],
                    "texture": "#1"
                }
            }
        },
        {
            "from": [
                8.43423,
                7.25276,
                4.69429
            ],
            "to": [
                11.43423,
                10.25276,
                10.69429
            ],
            "rotation": {
                "angle": -22.5,
                "axis": "y",
                "origin": [
                    9.93423,
                    8.75276,
                    7.34429
                ]
            },
            "faces": {
                "north": {
                    "uv": [
                        2.25,
                        6.75,
                        1.5,
                        7.5
                    ],
                    "rotation": 270,
                    "texture": "#1"
                },
                "east": {
                    "uv": [
                        1.5,
                        5,
                        2.25,
                        6.5
                    ],
                    "rotation": 270,
                    "texture": "#1"
                },
                "west": {
                    "uv": [
                        1.5,
                        5,
                        2.25,
                        6.5
                    ],
                    "rotation": 90,
                    "texture": "#1"
                },
                "up": {
                    "uv": [
                        1.5,
                        5,
                        2.25,
                        6.5
                    ],
                    "rotation": 180,
                    "texture": "#1"
                },
                "down": {
                    "uv": [
                        1.5,
                        5,
                        2.25,
                        6.5
                    ],
                    "texture": "#1"
                }
            }
        },
        {
            "from": [
                8.33423,
                7.15276,
                5.39429
            ],
            "to": [
                11.53423,
                10.35276,
                8.59429
            ],
            "rotation": {
                "angle": -22.5,
                "axis": "y",
                "origin": [
                    9.93423,
                    8.75276,
                    7.34429
                ]
            },
            "faces": {
                "east": {
                    "uv": [
                        1.5,
                        4,
                        2.25,
                        4.75
                    ],
                    "rotation": 270,
                    "texture": "#1"
                },
                "west": {
                    "uv": [
                        1.5,
                        4,
                        2.25,
                        4.75
                    ],
                    "rotation": 90,
                    "texture": "#1"
                },
                "up": {
                    "uv": [
                        1.5,
                        4,
                        2.25,
                        4.75
                    ],
                    "rotation": 180,
                    "texture": "#1"
                },
                "down": {
                    "uv": [
                        1.5,
                        4,
                        2.25,
                        4.75
                    ],
                    "texture": "#1"
                }
            }
        },
        {
            "from": [
                3.79164,
                7.25276,
                5.1861
            ],
            "to": [
                6.79164,
                10.25276,
                11.1861
            ],
            "rotation": {
                "angle": 22.5,
                "axis": "y",
                "origin": [
                    3.29164,
                    8.75276,
                    7.8361
                ]
            },
            "faces": {
                "north": {
                    "uv": [
                        1.25,
                        6.75,
                        0.5,
                        7.5
                    ],
                    "rotation": 90,
                    "texture": "#1"
                },
                "east": {
                    "uv": [
                        0.5,
                        5,
                        1.25,
                        6.5
                    ],
                    "rotation": 270,
                    "texture": "#1"
                },
                "west": {
                    "uv": [
                        0.5,
                        5,
                        1.25,
                        6.5
                    ],
                    "rotation": 90,
                    "texture": "#1"
                },
                "up": {
                    "uv": [
                        0.5,
                        5,
                        1.25,
                        6.5
                    ],
                    "rotation": 180,
                    "texture": "#1"
                },
                "down": {
                    "uv": [
                        0.5,
                        5,
                        1.25,
                        6.5
                    ],
                    "texture": "#1"
                }
            }
        },
        {
            "from": [
                3.69164,
                7.15276,
                5.8861
            ],
            "to": [
                6.89164,
                10.35276,
                9.0861
            ],
            "rotation": {
                "angle": 22.5,
                "axis": "y",
                "origin": [
                    3.29164,
                    8.75276,
                    7.8361
                ]
            },
            "faces": {
                "east": {
                    "uv": [
                        0.5,
                        4,
                        1.25,
                        4.75
                    ],
                    "rotation": 270,
                    "texture": "#1"
                },
                "west": {
                    "uv": [
                        0.5,
                        4,
                        1.25,
                        4.75
                    ],
                    "rotation": 90,
                    "texture": "#1"
                },
                "up": {
                    "uv": [
                        0.5,
                        4,
                        1.25,
                        4.75
                    ],
                    "rotation": 180,
                    "texture": "#1"
                },
                "down": {
                    "uv": [
                        0.5,
                        4,
                        1.25,
                        4.75
                    ],
                    "texture": "#1"
                }
            }
        },
        {
            "from": [
                6.5,
                4,
                11.75
            ],
            "to": [
                8.5,
                6,
                15.75
            ],
            "rotation": {
                "angle": 0,
                "axis": "y",
                "origin": [
                    0,
                    4,
                    0
                ]
            },
            "faces": {
                "north": {
                    "uv": [
                        11.25,
                        7.5,
                        11.75,
                        8
                    ],
                    "texture": "#1"
                },
                "east": {
                    "uv": [
                        11.25,
                        7.5,
                        12.25,
                        8
                    ],
                    "texture": "#1"
                },
                "south": {
                    "uv": [
                        11.25,
                        7.5,
                        11.75,
                        8
                    ],
                    "texture": "#1"
                },
                "west": {
                    "uv": [
                        11.25,
                        7.5,
                        12.25,
                        8
                    ],
                    "texture": "#1"
                },
                "up": {
                    "uv": [
                        11.25,
                        7.5,
                        11.75,
                        8.5
                    ],
                    "texture": "#1"
                },
                "down": {
                    "uv": [
                        11.25,
                        7.5,
                        11.75,
                        8.5
                    ],
                    "texture": "#1"
                }
            }
        },
        {
            "from": [
                8.05729,
                15.67843,
                8.1
            ],
            "to": [
                11.15729,
                18.67843,
                9.1
            ],
            "rotation": {
                "angle": -22.5,
                "axis": "z",
                "origin": [
                    9.62374,
                    17.95,
                    8.5
                ]
            },
            "faces": {
                "north": {
                    "uv": [
                        10.75,
                        7,
                        11.5,
                        7.75
                    ],
                    "rotation": 90,
                    "texture": "#1"
                },
                "east": {
                    "uv": [
                        10.75,
                        7,
                        11.5,
                        7.25
                    ],
                    "rotation": 270,
                    "texture": "#1"
                },
                "south": {
                    "uv": [
                        10.75,
                        7,
                        11.5,
                        7.75
                    ],
                    "rotation": 270,
                    "texture": "#1"
                },
                "west": {
                    "uv": [
                        10.75,
                        7,
                        11.5,
                        7.25
                    ],
                    "rotation": 270,
                    "texture": "#1"
                },
                "up": {
                    "uv": [
                        10.75,
                        7,
                        11,
                        7.75
                    ],
                    "rotation": 270,
                    "texture": "#1"
                },
                "down": {
                    "uv": [
                        10.75,
                        7,
                        11,
                        7.75
                    ],
                    "rotation": 270,
                    "texture": "#1"
                }
            }
        },
        {
            "from": [
                9.07061,
                17.4443,
                8
            ],
            "to": [
                11.22061,
                19.5943,
                9.1
            ],
            "rotation": {
                "angle": 22.5,
                "axis": "z",
                "origin": [
                    9.62374,
                    17.95,
                    8.5
                ]
            },
            "faces": {
                "north": {
                    "uv": [
                        10.75,
                        7,
                        11.5,
                        7.75
                    ],
                    "rotation": 90,
                    "texture": "#1"
                },
                "east": {
                    "uv": [
                        10.75,
                        7,
                        11.5,
                        7.25
                    ],
                    "rotation": 270,
                    "texture": "#1"
                },
                "south": {
                    "uv": [
                        11.25,
                        7.5,
                        12,
                        8.25
                    ],
                    "rotation": 270,
                    "texture": "#1"
                },
                "west": {
                    "uv": [
                        10.75,
                        7,
                        11.5,
                        7.25
                    ],
                    "rotation": 270,
                    "texture": "#1"
                },
                "up": {
                    "uv": [
                        10.75,
                        7,
                        11,
                        7.75
                    ],
                    "rotation": 270,
                    "texture": "#1"
                },
                "down": {
                    "uv": [
                        10.75,
                        7,
                        11,
                        7.75
                    ],
                    "rotation": 270,
                    "texture": "#1"
                }
            }
        },
        {
            "from": [
                3.22944,
                17.39686,
                8
            ],
            "to": [
                5.37944,
                19.54686,
                9.1
            ],
            "rotation": {
                "angle": -22.5,
                "axis": "z",
                "origin": [
                    4.87374,
                    17.95,
                    8.5
                ]
            },
            "faces": {
                "north": {
                    "uv": [
                        10.75,
                        7,
                        11.5,
                        7.75
                    ],
                    "rotation": 180,
                    "texture": "#1"
                },
                "east": {
                    "uv": [
                        10.75,
                        7,
                        11,
                        7.75
                    ],
                    "rotation": 180,
                    "texture": "#1"
                },
                "south": {
                    "uv": [
                        11.25,
                        7.5,
                        12,
                        8.25
                    ],
                    "rotation": 180,
                    "texture": "#1"
                },
                "west": {
                    "uv": [
                        10.75,
                        7,
                        11,
                        7.75
                    ],
                    "rotation": 180,
                    "texture": "#1"
                },
                "up": {
                    "uv": [
                        10.75,
                        7,
                        11.5,
                        7.25
                    ],
                    "rotation": 180,
                    "texture": "#1"
                },
                "down": {
                    "uv": [
                        10.75,
                        7,
                        11.5,
                        7.25
                    ],
                    "rotation": 180,
                    "texture": "#1"
                }
            }
        },
        {
            "from": [
                3.40729,
                15.67843,
                8.1
            ],
            "to": [
                6.40729,
                18.67843,
                9.1
            ],
            "rotation": {
                "angle": 22.5,
                "axis": "z",
                "origin": [
                    4.87374,
                    17.95,
                    8.5
                ]
            },
            "faces": {
                "north": {
                    "uv": [
                        10.75,
                        7,
                        11.5,
                        7.75
                    ],
                    "rotation": 90,
                    "texture": "#1"
                },
                "east": {
                    "uv": [
                        10.75,
                        7,
                        11.5,
                        7.25
                    ],
                    "rotation": 270,
                    "texture": "#1"
                },
                "south": {
                    "uv": [
                        10.75,
                        7,
                        11.5,
                        7.75
                    ],
                    "rotation": 270,
                    "texture": "#1"
                },
                "west": {
                    "uv": [
                        10.75,
                        7,
                        11.5,
                        7.25
                    ],
                    "rotation": 270,
                    "texture": "#1"
                },
                "up": {
                    "uv": [
                        10.75,
                        7,
                        11,
                        7.75
                    ],
                    "rotation": 270,
                    "texture": "#1"
                },
                "down": {
                    "uv": [
                        10.75,
                        7,
                        11,
                        7.75
                    ],
                    "rotation": 270,
                    "texture": "#1"
                }
            }
        },
        {
            "from": [
                3,
                2,
                5
            ],
            "to": [
                12,
                4,
                12
            ],
            "faces": {
                "north": {
                    "uv": [
                        12,
                        13.75,
                        12.5,
                        16
                    ],
                    "rotation": 90,
                    "texture": "#1"
                },
                "east": {
                    "uv": [
                        12,
                        14.25,
                        12.5,
                        16
                    ],
                    "rotation": 90,
                    "texture": "#1"
                },
                "south": {
                    "uv": [
                        12,
                        13.75,
                        12.5,
                        16
                    ],
                    "rotation": 90,
                    "texture": "#1"
                },
                "west": {
                    "uv": [
                        12,
                        14.25,
                        12.5,
                        16
                    ],
                    "rotation": 90,
                    "texture": "#1"
                },
                "up": {
                    "uv": [
                        13.75,
                        14.25,
                        16,
                        16
                    ],
                    "texture": "#1"
                },
                "down": {
                    "uv": [
                        13.75,
                        14.25,
                        16,
                        16
                    ],
                    "texture": "#1"
                }
            }
        },
        {
            "from": [
                3,
                0,
                10
            ],
            "to": [
                5,
                2,
                12
            ],
            "faces": {
                "north": {
                    "uv": [
                        13.75,
                        14.25,
                        14.25,
                        14.75
                    ],
                    "texture": "#1"
                },
                "east": {
                    "uv": [
                        13.75,
                        14.25,
                        14.25,
                        14.75
                    ],
                    "texture": "#1"
                },
                "south": {
                    "uv": [
                        13.75,
                        14.25,
                        14.25,
                        14.75
                    ],
                    "texture": "#1"
                },
                "west": {
                    "uv": [
                        13.75,
                        14.25,
                        14.25,
                        14.75
                    ],
                    "texture": "#1"
                },
                "up": {
                    "uv": [
                        13.75,
                        14.25,
                        14.25,
                        14.75
                    ],
                    "texture": "#1"
                },
                "down": {
                    "uv": [
                        13.75,
                        14.25,
                        14.25,
                        14.75
                    ],
                    "texture": "#1"
                }
            }
        },
        {
            "from": [
                10,
                0,
                10
            ],
            "to": [
                12,
                2,
                12
            ],
            "faces": {
                "north": {
                    "uv": [
                        13.75,
                        14.25,
                        14.25,
                        14.75
                    ],
                    "texture": "#1"
                },
                "east": {
                    "uv": [
                        13.75,
                        14.25,
                        14.25,
                        14.75
                    ],
                    "texture": "#1"
                },
                "south": {
                    "uv": [
                        13.75,
                        14.25,
                        14.25,
                        14.75
                    ],
                    "texture": "#1"
                },
                "west": {
                    "uv": [
                        13.75,
                        14.25,
                        14.25,
                        14.75
                    ],
                    "texture": "#1"
                },
                "up": {
                    "uv": [
                        13.75,
                        14.25,
                        14.25,
                        14.75
                    ],
                    "texture": "#1"
                },
                "down": {
                    "uv": [
                        13.75,
                        14.25,
                        14.25,
                        14.75
                    ],
                    "texture": "#1"
                }
            }
        },
        {
            "from": [
                3,
                0,
                5
            ],
            "to": [
                5,
                2,
                7
            ],
            "faces": {
                "north": {
                    "uv": [
                        13.75,
                        14.25,
                        14.25,
                        14.75
                    ],
                    "texture": "#1"
                },
                "east": {
                    "uv": [
                        13.75,
                        14.25,
                        14.25,
                        14.75
                    ],
                    "texture": "#1"
                },
                "south": {
                    "uv": [
                        13.75,
                        14.25,
                        14.25,
                        14.75
                    ],
                    "texture": "#1"
                },
                "west": {
                    "uv": [
                        13.75,
                        14.25,
                        14.25,
                        14.75
                    ],
                    "texture": "#1"
                },
                "up": {
                    "uv": [
                        13.75,
                        14.25,
                        14.25,
                        14.75
                    ],
                    "texture": "#1"
                },
                "down": {
                    "uv": [
                        13.75,
                        14.25,
                        14.25,
                        14.75
                    ],
                    "texture": "#1"
                }
            }
        },
        {
            "from": [
                10,
                0,
                5
            ],
            "to": [
                12,
                2,
                7
            ],
            "faces": {
                "north": {
                    "uv": [
                        13.75,
                        14.25,
                        14.25,
                        14.75
                    ],
                    "texture": "#1"
                },
                "east": {
                    "uv": [
                        13.75,
                        14.25,
                        14.25,
                        14.75
                    ],
                    "texture": "#1"
                },
                "south": {
                    "uv": [
                        13.75,
                        14.25,
                        14.25,
                        14.75
                    ],
                    "texture": "#1"
                },
                "west": {
                    "uv": [
                        13.75,
                        14.25,
                        14.25,
                        14.75
                    ],
                    "texture": "#1"
                },
                "up": {
                    "uv": [
                        13.75,
                        14.25,
                        14.25,
                        14.75
                    ],
                    "texture": "#1"
                },
                "down": {
                    "uv": [
                        13.75,
                        14.25,
                        14.25,
                        14.75
                    ],
                    "texture": "#1"
                }
            }
        },
        {
            "from": [
                5,
                8,
                3
            ],
            "to": [
                10,
                12,
                6
            ],
            "faces": {
                "north": {
                    "uv": [
                        8.75,
                        11.25,
                        10,
                        12.25
                    ],
                    "texture": "#1"
                },
                "east": {
                    "uv": [
                        11,
                        11.25,
                        10.25,
                        12.25
                    ],
                    "texture": "#1"
                },
                "south": {
                    "uv": [
                        8.75,
                        11.25,
                        10,
                        12.25
                    ],
                    "texture": "#1"
                },
                "west": {
                    "uv": [
                        10.25,
                        11.25,
                        11,
                        12.25
                    ],
                    "texture": "#1"
                },
                "up": {
                    "uv": [
                        10.5,
                        11.25,
                        11.5,
                        12
                    ],
                    "texture": "#1"
                },
                "down": {
                    "uv": [
                        8.75,
                        11.25,
                        10,
                        12
                    ],
                    "texture": "#1"
                }
            }
        },
        {
            "from": [
                9,
                12,
                4
            ],
            "to": [
                10,
                13,
                5
            ],
            "faces": {
                "north": {
                    "uv": [
                        11.75,
                        9.75,
                        12.25,
                        10
                    ],
                    "texture": "#1"
                },
                "east": {
                    "uv": [
                        11.75,
                        9.75,
                        12.25,
                        10
                    ],
                    "texture": "#1"
                },
                "south": {
                    "uv": [
                        11.75,
                        9.75,
                        12.25,
                        10
                    ],
                    "texture": "#1"
                },
                "west": {
                    "uv": [
                        11.75,
                        9.75,
                        12.25,
                        10
                    ],
                    "texture": "#1"
                },
                "up": {
                    "uv": [
                        11.75,
                        9.75,
                        12.25,
                        10
                    ],
                    "texture": "#1"
                },
                "down": {
                    "uv": [
                        11.75,
                        9.75,
                        12.25,
                        10
                    ],
                    "texture": "#1"
                }
            }
        },
        {
            "from": [
                5,
                12,
                4
            ],
            "to": [
                6,
                13,
                5
            ],
            "faces": {
                "north": {
                    "uv": [
                        11.75,
                        9.75,
                        12.25,
                        10
                    ],
                    "texture": "#1"
                },
                "east": {
                    "uv": [
                        11.75,
                        9.75,
                        12.25,
                        10
                    ],
                    "texture": "#1"
                },
                "south": {
                    "uv": [
                        11.75,
                        9.75,
                        12.25,
                        10
                    ],
                    "texture": "#1"
                },
                "west": {
                    "uv": [
                        11.75,
                        9.75,
                        12.25,
                        10
                    ],
                    "texture": "#1"
                },
                "up": {
                    "uv": [
                        11.75,
                        9.75,
                        12.25,
                        10
                    ],
                    "texture": "#1"
                },
                "down": {
                    "uv": [
                        11.75,
                        9.75,
                        12.25,
                        10
                    ],
                    "texture": "#1"
                }
            }
        },
        {
            "from": [
                6,
                4,
                3
            ],
            "to": [
                9,
                8,
                6
            ],
            "faces": {
                "north": {
                    "uv": [
                        10.25,
                        10,
                        11.25,
                        11
                    ],
                    "texture": "#1"
                },
                "east": {
                    "uv": [
                        11,
                        10,
                        11.75,
                        11
                    ],
                    "texture": "#1"
                },
                "south": {
                    "uv": [
                        10.5,
                        10,
                        11.25,
                        11
                    ],
                    "texture": "#1"
                },
                "west": {
                    "uv": [
                        11,
                        10,
                        11.75,
                        11
                    ],
                    "texture": "#1"
                },
                "up": {
                    "uv": [
                        10.5,
                        10,
                        11.25,
                        10.75
                    ],
                    "texture": "#1"
                },
                "down": {
                    "uv": [
                        10.25,
                        10,
                        11.25,
                        10.75
                    ],
                    "texture": "#1"
                }
            }
        },
        {
            "from": [
                8,
                6.25,
                1.5
            ],
            "to": [
                9.5,
                7.5,
                4.5
            ],
            "rotation": {
                "angle": -22.5,
                "axis": "x",
                "origin": [
                    5.5,
                    7.5,
                    3
                ]
            },
            "faces": {
                "north": {
                    "uv": [
                        11.5625,
                        9.25,
                        11.9375,
                        9.3125
                    ],
                    "texture": "#1"
                },
                "east": {
                    "uv": [
                        11.5625,
                        9.25,
                        11.875,
                        10
                    ],
                    "rotation": 90,
                    "texture": "#1"
                },
                "south": {
                    "uv": [
                        11.5625,
                        9.25,
                        11.9375,
                        9.5625
                    ],
                    "texture": "#1"
                },
                "west": {
                    "uv": [
                        11.5625,
                        10,
                        11.875,
                        9.25
                    ],
                    "rotation": 90,
                    "texture": "#1"
                },
                "up": {
                    "uv": [
                        11.5625,
                        9.25,
                        11.9375,
                        10
                    ],
                    "texture": "#1"
                },
                "down": {
                    "uv": [
                        11.5625,
                        10,
                        11.9375,
                        9.25
                    ],
                    "texture": "#1"
                }
            }
        },
        {
            "from": [
                5.5,
                6.25,
                1.5
            ],
            "to": [
                7,
                7.5,
                4.5
            ],
            "rotation": {
                "angle": -22.5,
                "axis": "x",
                "origin": [
                    5.5,
                    7.5,
                    3
                ]
            },
            "faces": {
                "north": {
                    "uv": [
                        11.5625,
                        9.25,
                        11.9375,
                        9.3125
                    ],
                    "texture": "#1"
                },
                "east": {
                    "uv": [
                        11.5625,
                        9.25,
                        11.875,
                        10
                    ],
                    "rotation": 90,
                    "texture": "#1"
                },
                "south": {
                    "uv": [
                        11.5625,
                        9.25,
                        11.9375,
                        9.5625
                    ],
                    "texture": "#1"
                },
                "west": {
                    "uv": [
                        11.5625,
                        10,
                        11.875,
                        9.25
                    ],
                    "rotation": 90,
                    "texture": "#1"
                },
                "up": {
                    "uv": [
                        11.5625,
                        9.25,
                        11.9375,
                        10
                    ],
                    "texture": "#1"
                },
                "down": {
                    "uv": [
                        11.5625,
                        10,
                        11.9375,
                        9.25
                    ],
                    "texture": "#1"
                }
            }
        },
        {
            "from": [
                8,
                3.42258,
                4.61418
            ],
            "to": [
                9.5,
                6.42258,
                5.86418
            ],
            "rotation": {
                "angle": 45,
                "axis": "x",
                "origin": [
                    7.5,
                    6.92258,
                    3.23918
                ]
            },
            "faces": {
                "north": {
                    "uv": [
                        11.5625,
                        9.25,
                        11.9375,
                        10
                    ],
                    "rotation": 180,
                    "texture": "#1"
                },
                "east": {
                    "uv": [
                        11.5625,
                        9.25,
                        11.875,
                        10
                    ],
                    "rotation": 180,
                    "texture": "#1"
                },
                "south": {
                    "uv": [
                        11.5625,
                        10,
                        11.9375,
                        9.25
                    ],
                    "texture": "#1"
                },
                "west": {
                    "uv": [
                        11.5625,
                        10,
                        11.875,
                        9.25
                    ],
                    "texture": "#1"
                },
                "up": {
                    "uv": [
                        11.5625,
                        9.25,
                        11.9375,
                        9.5625
                    ],
                    "texture": "#1"
                },
                "down": {
                    "uv": [
                        11.5625,
                        9.25,
                        11.9375,
                        9.3125
                    ],
                    "rotation": 180,
                    "texture": "#1"
                }
            }
        },
        {
            "from": [
                5.5,
                3.42258,
                4.61418
            ],
            "to": [
                7,
                6.42258,
                5.86418
            ],
            "rotation": {
                "angle": 45,
                "axis": "x",
                "origin": [
                    7.5,
                    6.92258,
                    3.23918
                ]
            },
            "faces": {
                "north": {
                    "uv": [
                        11.5625,
                        9.25,
                        11.9375,
                        10
                    ],
                    "rotation": 180,
                    "texture": "#1"
                },
                "east": {
                    "uv": [
                        11.5625,
                        9.25,
                        11.875,
                        10
                    ],
                    "rotation": 180,
                    "texture": "#1"
                },
                "south": {
                    "uv": [
                        11.5625,
                        10,
                        11.9375,
                        9.25
                    ],
                    "texture": "#1"
                },
                "west": {
                    "uv": [
                        11.5625,
                        10,
                        11.875,
                        9.25
                    ],
                    "texture": "#1"
                },
                "up": {
                    "uv": [
                        11.5625,
                        9.25,
                        11.9375,
                        9.5625
                    ],
                    "texture": "#1"
                },
                "down": {
                    "uv": [
                        11.5625,
                        9.25,
                        11.9375,
                        9.3125
                    ],
                    "rotation": 180,
                    "texture": "#1"
                }
            }
        }
    ],
    "display": {
        "thirdperson_righthand": {
            "rotation": [
                75,
                45,
                0
            ],
            "translation": [
                0,
                2.5,
                0
            ],
            "scale": [
                0.375,
                0.375,
                0.375
            ]
        },
        "thirdperson_lefthand": {
            "rotation": [
                75,
                45,
                0
            ],
            "translation": [
                0,
                2.5,
                0
            ],
            "scale": [
                0.375,
                0.375,
                0.375
            ]
        },
        "firstperson_righthand": {
            "rotation": [
                -9,
                155,
                -3
            ],
            "translation": [
                0.5,
                4,
                0
            ],
            "scale": [
                0.5,
                0.5,
                0.5
            ]
        },
        "firstperson_lefthand": {
            "rotation": [
                162.6,
                67.03,
                -171.79
            ],
            "translation": [
                0.5,
                4,
                0
            ],
            "scale": [
                0.5,
                0.5,
                0.5
            ]
        },
        "ground": {
            "translation": [
                0,
                2,
                0
            ],
            "scale": [
                0.5,
                0.5,
                0.5
            ]
        },
        "gui": {
            "rotation": [
                30,
                225,
                0
            ],
            "translation": [
                0,
                0.25,
                0
            ],
            "scale": [
                0.84,
                0.84,
                0.84
            ]
        },
        "head": {
            "translation": [
                0,
                14.5,
                0
            ]
        },
        "fixed": {
            "rotation": [
                2,
                0,
                0
            ],
            "translation": [
                0,
                0,
                -2.5
            ]
        }
    }
}