{
    "credit": "by YSBB  2025",
    "texture_size": [
        64,
        64
    ],
    "textures": {
        "0": "kaleidoscope:block/doll/s/bnndxg",
        "1": "kaleidoscope:block/doll/s/bnndxg",
        "2": "kaleidoscope:block/doll/s/bnndxg",
        "3": "kaleidoscope:block/doll/s/bnndxg",
        "particle": "kaleidoscope:block/doll/s/bnndxg"
    },
    "elements": [
        {
            "from": [
                8.25,
                0.02,
                2.35
            ],
            "to": [
                11.25,
                3.02,
                7.35
            ],
            "rotation": {
                "angle": -22.5,
                "axis": "y",
                "origin": [
                    6.75,
                    7.6625,
                    7.17871
                ]
            },
            "faces": {
                "north": {
                    "uv": [
                        2.5,
                        6.75,
                        3.25,
                        7.5
                    ],
                    "texture": "#1"
                },
                "east": {
                    "uv": [
                        3.25,
                        5.25,
                        2.5,
                        6.5
                    ],
                    "rotation": 270,
                    "texture": "#1"
                },
                "west": {
                    "uv": [
                        3.5,
                        5.25,
                        4.25,
                        6.5
                    ],
                    "rotation": 90,
                    "texture": "#1"
                },
                "up": {
                    "uv": [
                        2.5,
                        5.25,
                        3.25,
                        6.5
                    ],
                    "rotation": 180,
                    "texture": "#1"
                },
                "down": {
                    "uv": [
                        3.5,
                        5.25,
                        4.25,
                        6.5
                    ],
                    "texture": "#1"
                }
            }
        },
        {
            "from": [
                8.15,
                -0.08,
                2.75
            ],
            "to": [
                11.35,
                3.12,
                5.95
            ],
            "rotation": {
                "angle": -22.5,
                "axis": "y",
                "origin": [
                    6.75,
                    7.6625,
                    7.17871
                ]
            },
            "faces": {
                "east": {
                    "uv": [
                        3.25,
                        4,
                        2.5,
                        5.25
                    ],
                    "rotation": 270,
                    "texture": "#1"
                },
                "west": {
                    "uv": [
                        2.5,
                        4,
                        3.25,
                        5.25
                    ],
                    "rotation": 90,
                    "texture": "#1"
                },
                "up": {
                    "uv": [
                        2.5,
                        4,
                        3.25,
                        5.25
                    ],
                    "rotation": 180,
                    "texture": "#1"
                },
                "down": {
                    "uv": [
                        2.5,
                        4,
                        3.25,
                        5.25
                    ],
                    "texture": "#1"
                }
            }
        },
        {
            "from": [
                11.35,
                -0.08,
                2.75
            ],
            "to": [
                11.35,
                3.12,
                5.95
            ],
            "rotation": {
                "angle": -22.5,
                "axis": "y",
                "origin": [
                    6.75,
                    7.6625,
                    7.17871
                ]
            },
            "faces": {
                "east": {
                    "uv": [
                        13.3,
                        6.25,
                        12.5,
                        7.05
                    ],
                    "rotation": 270,
                    "texture": "#1"
                },
                "west": {
                    "uv": [
                        2.5,
                        4,
                        3.25,
                        5.25
                    ],
                    "rotation": 90,
                    "texture": "#1"
                },
                "up": {
                    "uv": [
                        2.5,
                        4,
                        3.25,
                        5.25
                    ],
                    "rotation": 180,
                    "texture": "#1"
                },
                "down": {
                    "uv": [
                        2.5,
                        4,
                        3.25,
                        5.25
                    ],
                    "texture": "#1"
                }
            }
        },
        {
            "from": [
                3.9,
                -0.08,
                3.15
            ],
            "to": [
                7.1,
                3.12,
                6.35
            ],
            "rotation": {
                "angle": 22.5,
                "axis": "y",
                "origin": [
                    7.5,
                    7.6625,
                    7.82871
                ]
            },
            "faces": {
                "east": {
                    "uv": [
                        3.5,
                        4,
                        4.25,
                        5.25
                    ],
                    "rotation": 270,
                    "texture": "#1"
                },
                "west": {
                    "uv": [
                        4.25,
                        4,
                        3.5,
                        5.25
                    ],
                    "rotation": 90,
                    "texture": "#1"
                },
                "up": {
                    "uv": [
                        3.5,
                        4,
                        4.25,
                        5.25
                    ],
                    "rotation": 180,
                    "texture": "#1"
                },
                "down": {
                    "uv": [
                        3.5,
                        4,
                        4.25,
                        5.25
                    ],
                    "texture": "#1"
                }
            }
        },
        {
            "from": [
                3.9,
                -0.08,
                3.15
            ],
            "to": [
                3.9,
                3.12,
                6.35
            ],
            "rotation": {
                "angle": 22.5,
                "axis": "y",
                "origin": [
                    7.5,
                    7.6625,
                    7.82871
                ]
            },
            "faces": {
                "east": {
                    "uv": [
                        3.5,
                        4,
                        4.25,
                        5.25
                    ],
                    "rotation": 270,
                    "texture": "#1"
                },
                "west": {
                    "uv": [
                        13.3,
                        6.25,
                        12.5,
                        7.05
                    ],
                    "rotation": 90,
                    "texture": "#1"
                },
                "up": {
                    "uv": [
                        3.5,
                        4,
                        4.25,
                        5.25
                    ],
                    "rotation": 180,
                    "texture": "#1"
                },
                "down": {
                    "uv": [
                        3.5,
                        4,
                        4.25,
                        5.25
                    ],
                    "texture": "#1"
                }
            }
        },
        {
            "from": [
                4,
                0.02,
                2.75
            ],
            "to": [
                7,
                3.02,
                7.75
            ],
            "rotation": {
                "angle": 22.5,
                "axis": "y",
                "origin": [
                    7.5,
                    7.6625,
                    7.82871
                ]
            },
            "faces": {
                "north": {
                    "uv": [
                        3.5,
                        6.75,
                        4.25,
                        7.5
                    ],
                    "texture": "#1"
                },
                "east": {
                    "uv": [
                        3.5,
                        5.25,
                        4.25,
                        6.5
                    ],
                    "rotation": 270,
                    "texture": "#1"
                },
                "west": {
                    "uv": [
                        4.25,
                        5.25,
                        3.5,
                        6.5
                    ],
                    "rotation": 90,
                    "texture": "#1"
                },
                "up": {
                    "uv": [
                        4.25,
                        5.25,
                        3.5,
                        6.5
                    ],
                    "rotation": 180,
                    "texture": "#1"
                },
                "down": {
                    "uv": [
                        3.5,
                        5.25,
                        4.25,
                        6.5
                    ],
                    "texture": "#1"
                }
            }
        },
        {
            "from": [
                3.5,
                6,
                6
            ],
            "to": [
                11.5,
                14,
                14
            ],
            "rotation": {
                "angle": 0,
                "axis": "y",
                "origin": [
                    7.5,
                    10,
                    9.40742
                ]
            },
            "faces": {
                "north": {
                    "uv": [
                        2,
                        2,
                        4,
                        4
                    ],
                    "texture": "#1"
                },
                "east": {
                    "uv": [
                        0,
                        2,
                        2,
                        4
                    ],
                    "texture": "#1"
                },
                "south": {
                    "uv": [
                        6,
                        2,
                        8,
                        4
                    ],
                    "texture": "#1"
                },
                "west": {
                    "uv": [
                        4,
                        2,
                        6,
                        4
                    ],
                    "texture": "#1"
                },
                "up": {
                    "uv": [
                        4,
                        2,
                        2,
                        0
                    ],
                    "texture": "#1"
                },
                "down": {
                    "uv": [
                        6,
                        0,
                        4,
                        2
                    ],
                    "texture": "#1"
                }
            }
        },
        {
            "from": [
                3.2,
                5.7,
                5.7
            ],
            "to": [
                11.8,
                14.3,
                14.3
            ],
            "rotation": {
                "angle": 0,
                "axis": "y",
                "origin": [
                    7.5,
                    10,
                    9.40742
                ]
            },
            "faces": {
                "north": {
                    "uv": [
                        10,
                        2,
                        12,
                        4
                    ],
                    "texture": "#1"
                },
                "east": {
                    "uv": [
                        8,
                        2,
                        10,
                        4
                    ],
                    "texture": "#1"
                },
                "south": {
                    "uv": [
                        14,
                        2,
                        16,
                        4
                    ],
                    "texture": "#1"
                },
                "west": {
                    "uv": [
                        12,
                        2,
                        14,
                        4
                    ],
                    "texture": "#1"
                },
                "up": {
                    "uv": [
                        12,
                        2,
                        10,
                        0
                    ],
                    "texture": "#1"
                },
                "down": {
                    "uv": [
                        14,
                        0,
                        12,
                        2
                    ],
                    "texture": "#1"
                }
            }
        },
        {
            "from": [
                4.5,
                0,
                7.90742
            ],
            "to": [
                10.5,
                7,
                11.90742
            ],
            "rotation": {
                "angle": 0,
                "axis": "y",
                "origin": [
                    7,
                    7.9125,
                    8.32871
                ]
            },
            "faces": {
                "north": {
                    "uv": [
                        5.25,
                        5,
                        6.75,
                        6.75
                    ],
                    "texture": "#1"
                },
                "east": {
                    "uv": [
                        8,
                        5,
                        7,
                        6.75
                    ],
                    "texture": "#1"
                },
                "south": {
                    "uv": [
                        8.25,
                        5,
                        9.75,
                        6.75
                    ],
                    "texture": "#1"
                },
                "west": {
                    "uv": [
                        7,
                        5,
                        8,
                        6.75
                    ],
                    "texture": "#1"
                },
                "down": {
                    "uv": [
                        6.75,
                        7,
                        5.25,
                        8
                    ],
                    "texture": "#1"
                }
            }
        },
        {
            "from": [
                6.4,
                3,
                11.5
            ],
            "to": [
                8.6,
                7,
                13.5
            ],
            "rotation": {
                "angle": 0,
                "axis": "y",
                "origin": [
                    4.6,
                    5,
                    11.5
                ]
            },
            "faces": {
                "north": {
                    "uv": [
                        10.5,
                        5.25,
                        11,
                        6.25
                    ],
                    "texture": "#1"
                },
                "east": {
                    "uv": [
                        10.5,
                        5.25,
                        11,
                        6.25
                    ],
                    "texture": "#1"
                },
                "south": {
                    "uv": [
                        10.5,
                        5.25,
                        11,
                        6.25
                    ],
                    "texture": "#1"
                },
                "west": {
                    "uv": [
                        10.5,
                        5.25,
                        11,
                        6.25
                    ],
                    "texture": "#1"
                },
                "up": {
                    "uv": [
                        10.5,
                        5.25,
                        11,
                        5.75
                    ],
                    "texture": "#1"
                },
                "down": {
                    "uv": [
                        10.5,
                        5.25,
                        11,
                        5.75
                    ],
                    "texture": "#1"
                }
            }
        },
        {
            "from": [
                5,
                2,
                7.6
            ],
            "to": [
                12,
                6,
                7.6
            ],
            "rotation": {
                "angle": 0,
                "axis": "y",
                "origin": [
                    6,
                    4,
                    7.6
                ]
            },
            "faces": {
                "north": {
                    "uv": [
                        0.5,
                        8.5,
                        2.25,
                        9.5
                    ],
                    "texture": "#1"
                },
                "east": {
                    "uv": [
                        0.5,
                        8.5,
                        1,
                        9.5
                    ],
                    "texture": "#1"
                },
                "south": {
                    "uv": [
                        0.5,
                        10,
                        2.25,
                        11
                    ],
                    "texture": "#1"
                },
                "west": {
                    "uv": [
                        0.5,
                        8.5,
                        1,
                        9.5
                    ],
                    "texture": "#1"
                },
                "up": {
                    "uv": [
                        0.5,
                        8.5,
                        2.25,
                        9
                    ],
                    "texture": "#1"
                },
                "down": {
                    "uv": [
                        0.5,
                        8.5,
                        2.25,
                        9
                    ],
                    "texture": "#1"
                }
            }
        },
        {
            "from": [
                7.12215,
                -1.6156,
                8.45742
            ],
            "to": [
                10.12215,
                4.3844,
                11.45742
            ],
            "rotation": {
                "angle": 22.5,
                "axis": "z",
                "origin": [
                    5.5,
                    7.9125,
                    7.57871
                ]
            },
            "faces": {
                "north": {
                    "uv": [
                        1.5,
                        5,
                        2.25,
                        6.5
                    ],
                    "texture": "#1"
                },
                "east": {
                    "uv": [
                        1.5,
                        5,
                        2.25,
                        6.5
                    ],
                    "texture": "#1"
                },
                "south": {
                    "uv": [
                        1.5,
                        5,
                        2.25,
                        6.5
                    ],
                    "texture": "#1"
                },
                "west": {
                    "uv": [
                        1.5,
                        5,
                        2.25,
                        6.5
                    ],
                    "texture": "#1"
                },
                "down": {
                    "uv": [
                        2.25,
                        6.75,
                        1.5,
                        7.5
                    ],
                    "texture": "#1"
                }
            }
        },
        {
            "from": [
                7.02215,
                -0.7156,
                8.35742
            ],
            "to": [
                10.22215,
                2.4844,
                11.55742
            ],
            "rotation": {
                "angle": 22.5,
                "axis": "z",
                "origin": [
                    5.5,
                    7.9125,
                    7.57871
                ]
            },
            "faces": {
                "north": {
                    "uv": [
                        0.5,
                        4,
                        1.25,
                        5
                    ],
                    "texture": "#1"
                },
                "east": {
                    "uv": [
                        1.25,
                        4,
                        0.5,
                        5
                    ],
                    "texture": "#1"
                },
                "south": {
                    "uv": [
                        1.5,
                        4,
                        2.25,
                        5
                    ],
                    "texture": "#1"
                },
                "west": {
                    "uv": [
                        0.5,
                        4,
                        1.25,
                        5
                    ],
                    "texture": "#1"
                }
            }
        },
        {
            "from": [
                2.63269,
                0.07612,
                8.45742
            ],
            "to": [
                5.63269,
                6.07612,
                11.45742
            ],
            "rotation": {
                "angle": -22.5,
                "axis": "z",
                "origin": [
                    4.13269,
                    3.07612,
                    9.95742
                ]
            },
            "faces": {
                "north": {
                    "uv": [
                        0.5,
                        5,
                        1.25,
                        6.5
                    ],
                    "texture": "#1"
                },
                "east": {
                    "uv": [
                        0.5,
                        5,
                        1.25,
                        6.5
                    ],
                    "texture": "#1"
                },
                "south": {
                    "uv": [
                        0.5,
                        5,
                        1.25,
                        6.5
                    ],
                    "texture": "#1"
                },
                "west": {
                    "uv": [
                        0.5,
                        5,
                        1.25,
                        6.5
                    ],
                    "texture": "#1"
                },
                "down": {
                    "uv": [
                        1.25,
                        6.75,
                        0.5,
                        7.5
                    ],
                    "texture": "#1"
                }
            }
        },
        {
            "from": [
                2.53269,
                0.72612,
                8.35742
            ],
            "to": [
                5.73269,
                4.17612,
                11.55742
            ],
            "rotation": {
                "angle": -22.5,
                "axis": "z",
                "origin": [
                    4.13269,
                    3.07612,
                    9.95742
                ]
            },
            "faces": {
                "north": {
                    "uv": [
                        1.25,
                        4,
                        0.5,
                        5
                    ],
                    "texture": "#1"
                },
                "east": {
                    "uv": [
                        1.5,
                        4,
                        2.25,
                        5
                    ],
                    "texture": "#1"
                },
                "south": {
                    "uv": [
                        1.5,
                        4,
                        2.25,
                        5
                    ],
                    "texture": "#1"
                },
                "west": {
                    "uv": [
                        0.5,
                        4,
                        1.25,
                        5
                    ],
                    "texture": "#1"
                }
            }
        },
        {
            "from": [
                5.62155,
                12.33354,
                7.999
            ],
            "to": [
                6.62355,
                17.33554,
                9.001
            ],
            "rotation": {
                "angle": 22.5,
                "axis": "z",
                "origin": [
                    5.51899,
                    15.37743,
                    8.5
                ]
            },
            "faces": {
                "north": {
                    "uv": [
                        15.25,
                        7.5,
                        15.5,
                        8.75
                    ],
                    "texture": "#1"
                },
                "east": {
                    "uv": [
                        15.25,
                        7.5,
                        15.5,
                        8.75
                    ],
                    "texture": "#1"
                },
                "south": {
                    "uv": [
                        15.25,
                        7.5,
                        15.5,
                        8.75
                    ],
                    "texture": "#1"
                },
                "west": {
                    "uv": [
                        15.25,
                        7.5,
                        15.5,
                        8.75
                    ],
                    "texture": "#1"
                },
                "up": {
                    "uv": [
                        15.5,
                        7.75,
                        15.25,
                        7.5
                    ],
                    "texture": "#1"
                }
            }
        },
        {
            "from": [
                4.20833,
                13.33454,
                8
            ],
            "to": [
                5.20833,
                16.83454,
                9
            ],
            "rotation": {
                "angle": -22.5,
                "axis": "z",
                "origin": [
                    5.51899,
                    15.37743,
                    8.5
                ]
            },
            "faces": {
                "north": {
                    "uv": [
                        15.25,
                        7.5,
                        15.5,
                        8.25
                    ],
                    "texture": "#1"
                },
                "east": {
                    "uv": [
                        15.25,
                        7.5,
                        15.5,
                        8.25
                    ],
                    "texture": "#1"
                },
                "south": {
                    "uv": [
                        15.25,
                        7.5,
                        15.5,
                        8.25
                    ],
                    "texture": "#1"
                },
                "west": {
                    "uv": [
                        15.25,
                        7.5,
                        15.5,
                        8.25
                    ],
                    "texture": "#1"
                },
                "up": {
                    "uv": [
                        13.25,
                        9,
                        13,
                        8.75
                    ],
                    "texture": "#1"
                }
            }
        },
        {
            "from": [
                4.65796,
                13.66706,
                8.75
            ],
            "to": [
                6.15796,
                16.16706,
                8.75
            ],
            "rotation": {
                "angle": 0,
                "axis": "y",
                "origin": [
                    5.65796,
                    15.41706,
                    9.25
                ]
            },
            "faces": {
                "north": {
                    "uv": [
                        14.5,
                        7.5,
                        14,
                        8.25
                    ],
                    "texture": "#1"
                },
                "east": {
                    "uv": [
                        15.25,
                        7.5,
                        15.5,
                        8.25
                    ],
                    "texture": "#1"
                },
                "south": {
                    "uv": [
                        14.25,
                        7.75,
                        14.5,
                        8.5
                    ],
                    "texture": "#1"
                },
                "west": {
                    "uv": [
                        15.25,
                        7.5,
                        15.5,
                        8.25
                    ],
                    "texture": "#1"
                },
                "up": {
                    "uv": [
                        13.25,
                        9,
                        13,
                        8.75
                    ],
                    "texture": "#1"
                }
            }
        },
        {
            "from": [
                0.337,
                11.39432,
                7.999
            ],
            "to": [
                5.339,
                12.39632,
                9.001
            ],
            "rotation": {
                "angle": 22.5,
                "axis": "z",
                "origin": [
                    2.47116,
                    11.16706,
                    8.625
                ]
            },
            "faces": {
                "north": {
                    "uv": [
                        15.25,
                        7.5,
                        15.5,
                        8.75
                    ],
                    "rotation": 90,
                    "texture": "#1"
                },
                "south": {
                    "uv": [
                        15.25,
                        7.5,
                        15.5,
                        8.75
                    ],
                    "rotation": 270,
                    "texture": "#1"
                },
                "west": {
                    "uv": [
                        15.5,
                        7.75,
                        15.25,
                        7.5
                    ],
                    "rotation": 270,
                    "texture": "#1"
                },
                "up": {
                    "uv": [
                        15.25,
                        7.5,
                        15.5,
                        8.75
                    ],
                    "rotation": 270,
                    "texture": "#1"
                },
                "down": {
                    "uv": [
                        15.25,
                        7.5,
                        15.5,
                        8.75
                    ],
                    "rotation": 270,
                    "texture": "#1"
                }
            }
        },
        {
            "from": [
                0.80139,
                9.82009,
                8
            ],
            "to": [
                4.30139,
                10.82009,
                9
            ],
            "rotation": {
                "angle": -22.5,
                "axis": "z",
                "origin": [
                    2.47116,
                    11.16706,
                    8.625
                ]
            },
            "faces": {
                "north": {
                    "uv": [
                        15.25,
                        7.5,
                        15.5,
                        8.25
                    ],
                    "rotation": 90,
                    "texture": "#1"
                },
                "south": {
                    "uv": [
                        15.25,
                        7.5,
                        15.5,
                        8.25
                    ],
                    "rotation": 270,
                    "texture": "#1"
                },
                "west": {
                    "uv": [
                        13.25,
                        9,
                        13,
                        8.75
                    ],
                    "rotation": 270,
                    "texture": "#1"
                },
                "up": {
                    "uv": [
                        15.25,
                        7.5,
                        15.5,
                        8.25
                    ],
                    "rotation": 270,
                    "texture": "#1"
                },
                "down": {
                    "uv": [
                        15.25,
                        7.5,
                        15.5,
                        8.25
                    ],
                    "rotation": 270,
                    "texture": "#1"
                }
            }
        },
        {
            "from": [
                1.47116,
                10.35386,
                8.75
            ],
            "to": [
                3.97116,
                11.85386,
                8.75
            ],
            "rotation": {
                "angle": 0,
                "axis": "z",
                "origin": [
                    2.47116,
                    11.16706,
                    8.625
                ]
            },
            "faces": {
                "north": {
                    "uv": [
                        14.5,
                        7.5,
                        14,
                        8.25
                    ],
                    "rotation": 90,
                    "texture": "#1"
                },
                "south": {
                    "uv": [
                        14.25,
                        7.75,
                        14.5,
                        8.5
                    ],
                    "rotation": 270,
                    "texture": "#1"
                },
                "west": {
                    "uv": [
                        13.25,
                        9,
                        13,
                        8.75
                    ],
                    "rotation": 270,
                    "texture": "#1"
                },
                "up": {
                    "uv": [
                        15.25,
                        7.5,
                        15.5,
                        8.25
                    ],
                    "rotation": 270,
                    "texture": "#1"
                },
                "down": {
                    "uv": [
                        15.25,
                        7.5,
                        15.5,
                        8.25
                    ],
                    "rotation": 270,
                    "texture": "#1"
                }
            }
        },
        {
            "from": [
                8.90796,
                13.66706,
                8.75
            ],
            "to": [
                10.40796,
                16.16706,
                8.75
            ],
            "rotation": {
                "angle": 0,
                "axis": "y",
                "origin": [
                    9.90796,
                    15.41706,
                    9.25
                ]
            },
            "faces": {
                "north": {
                    "uv": [
                        14.5,
                        7.5,
                        14,
                        8.25
                    ],
                    "texture": "#1"
                },
                "east": {
                    "uv": [
                        15.25,
                        7.5,
                        15.5,
                        8.25
                    ],
                    "texture": "#1"
                },
                "south": {
                    "uv": [
                        14.25,
                        7.75,
                        14.5,
                        8.5
                    ],
                    "texture": "#1"
                },
                "west": {
                    "uv": [
                        15.25,
                        7.5,
                        15.5,
                        8.25
                    ],
                    "texture": "#1"
                },
                "up": {
                    "uv": [
                        13.25,
                        9,
                        13,
                        8.75
                    ],
                    "texture": "#1"
                }
            }
        },
        {
            "from": [
                10.67804,
                9.9235,
                8
            ],
            "to": [
                14.17804,
                10.9235,
                9
            ],
            "rotation": {
                "angle": 22.5,
                "axis": "z",
                "origin": [
                    12.59594,
                    11.23416,
                    8.625
                ]
            },
            "faces": {
                "north": {
                    "uv": [
                        15.25,
                        7.5,
                        15.5,
                        8.375
                    ],
                    "rotation": 270,
                    "texture": "#1"
                },
                "east": {
                    "uv": [
                        15.44792,
                        7.25,
                        15.69792,
                        7.5
                    ],
                    "rotation": 90,
                    "texture": "#1"
                },
                "south": {
                    "uv": [
                        15.25,
                        7.5,
                        15.5,
                        8.375
                    ],
                    "rotation": 90,
                    "texture": "#1"
                },
                "up": {
                    "uv": [
                        15.25,
                        7.5,
                        15.5,
                        8.375
                    ],
                    "rotation": 90,
                    "texture": "#1"
                },
                "down": {
                    "uv": [
                        15.25,
                        7.5,
                        15.5,
                        8.375
                    ],
                    "rotation": 90,
                    "texture": "#1"
                }
            }
        },
        {
            "from": [
                9.64043,
                11.4251,
                7.999
            ],
            "to": [
                14.64243,
                12.4271,
                9.001
            ],
            "rotation": {
                "angle": -22.5,
                "axis": "z",
                "origin": [
                    12.59594,
                    11.23416,
                    8.625
                ]
            },
            "faces": {
                "north": {
                    "uv": [
                        15.5,
                        7.5,
                        15.25,
                        8.75
                    ],
                    "rotation": 270,
                    "texture": "#1"
                },
                "east": {
                    "uv": [
                        15.25,
                        7.75,
                        15.5,
                        7.5
                    ],
                    "rotation": 90,
                    "texture": "#1"
                },
                "south": {
                    "uv": [
                        15.5,
                        7.5,
                        15.25,
                        8.75
                    ],
                    "rotation": 90,
                    "texture": "#1"
                },
                "up": {
                    "uv": [
                        15.5,
                        7.5,
                        15.25,
                        8.75
                    ],
                    "rotation": 90,
                    "texture": "#1"
                },
                "down": {
                    "uv": [
                        15.5,
                        7.5,
                        15.25,
                        8.75
                    ],
                    "rotation": 90,
                    "texture": "#1"
                }
            }
        },
        {
            "from": [
                11.00105,
                10.35504,
                8.75
            ],
            "to": [
                13.50105,
                11.85504,
                8.75
            ],
            "rotation": {
                "angle": 0,
                "axis": "z",
                "origin": [
                    12.59594,
                    11.23416,
                    8.625
                ]
            },
            "faces": {
                "north": {
                    "uv": [
                        14.5,
                        7.5,
                        14,
                        8.25
                    ],
                    "rotation": 270,
                    "texture": "#1"
                },
                "east": {
                    "uv": [
                        13.25,
                        9,
                        13,
                        8.75
                    ],
                    "rotation": 90,
                    "texture": "#1"
                },
                "south": {
                    "uv": [
                        14.25,
                        7.75,
                        14.5,
                        8.5
                    ],
                    "rotation": 90,
                    "texture": "#1"
                },
                "up": {
                    "uv": [
                        15.25,
                        7.5,
                        15.5,
                        8.25
                    ],
                    "rotation": 90,
                    "texture": "#1"
                },
                "down": {
                    "uv": [
                        15.25,
                        7.5,
                        15.5,
                        8.25
                    ],
                    "rotation": 90,
                    "texture": "#1"
                }
            }
        },
        {
            "from": [
                8.37645,
                12.33354,
                7.999
            ],
            "to": [
                9.37845,
                17.33554,
                9.001
            ],
            "rotation": {
                "angle": -22.5,
                "axis": "z",
                "origin": [
                    9.48101,
                    15.37743,
                    8.5
                ]
            },
            "faces": {
                "north": {
                    "uv": [
                        15.5,
                        7.5,
                        15.25,
                        8.75
                    ],
                    "texture": "#1"
                },
                "east": {
                    "uv": [
                        15.5,
                        7.5,
                        15.25,
                        8.75
                    ],
                    "texture": "#1"
                },
                "south": {
                    "uv": [
                        15.5,
                        7.5,
                        15.25,
                        8.75
                    ],
                    "texture": "#1"
                },
                "west": {
                    "uv": [
                        15.5,
                        7.5,
                        15.25,
                        8.75
                    ],
                    "texture": "#1"
                },
                "up": {
                    "uv": [
                        15.25,
                        7.75,
                        15.5,
                        7.5
                    ],
                    "texture": "#1"
                }
            }
        },
        {
            "from": [
                9.79167,
                13.33454,
                8
            ],
            "to": [
                10.79167,
                16.83454,
                9
            ],
            "rotation": {
                "angle": 22.5,
                "axis": "z",
                "origin": [
                    9.48101,
                    15.37743,
                    8.5
                ]
            },
            "faces": {
                "north": {
                    "uv": [
                        15.25,
                        7.5,
                        15.5,
                        8.375
                    ],
                    "texture": "#1"
                },
                "east": {
                    "uv": [
                        15.25,
                        7.5,
                        15.5,
                        8.375
                    ],
                    "texture": "#1"
                },
                "south": {
                    "uv": [
                        15.25,
                        7.5,
                        15.5,
                        8.375
                    ],
                    "texture": "#1"
                },
                "west": {
                    "uv": [
                        15.25,
                        7.5,
                        15.5,
                        8.375
                    ],
                    "texture": "#1"
                },
                "up": {
                    "uv": [
                        15.44792,
                        7.25,
                        15.69792,
                        7.5
                    ],
                    "texture": "#1"
                }
            }
        },
        {
            "from": [
                6,
                12.2,
                4.6
            ],
            "to": [
                6,
                15.2,
                6.6
            ],
            "rotation": {
                "angle": -22.5,
                "axis": "x",
                "origin": [
                    7.5,
                    13.7,
                    6.1
                ]
            },
            "faces": {
                "north": {
                    "uv": [
                        11,
                        5.25,
                        11,
                        6
                    ],
                    "texture": "#1"
                },
                "east": {
                    "uv": [
                        11,
                        5.25,
                        11.5,
                        6
                    ],
                    "texture": "#1"
                },
                "south": {
                    "uv": [
                        11,
                        5.25,
                        11,
                        6
                    ],
                    "texture": "#1"
                },
                "west": {
                    "uv": [
                        11.5,
                        5.25,
                        11,
                        6
                    ],
                    "texture": "#1"
                },
                "up": {
                    "uv": [
                        11,
                        5.25,
                        11,
                        5.75
                    ],
                    "texture": "#1"
                },
                "down": {
                    "uv": [
                        11,
                        5.25,
                        11,
                        5.75
                    ],
                    "texture": "#1"
                }
            }
        },
        {
            "from": [
                9,
                12.2,
                4.6
            ],
            "to": [
                9,
                15.2,
                6.6
            ],
            "rotation": {
                "angle": -22.5,
                "axis": "x",
                "origin": [
                    7.5,
                    13.7,
                    6.1
                ]
            },
            "faces": {
                "north": {
                    "uv": [
                        11,
                        5.25,
                        11,
                        6
                    ],
                    "texture": "#1"
                },
                "east": {
                    "uv": [
                        11,
                        5.25,
                        11.5,
                        6
                    ],
                    "texture": "#1"
                },
                "south": {
                    "uv": [
                        11,
                        5.25,
                        11,
                        6
                    ],
                    "texture": "#1"
                },
                "west": {
                    "uv": [
                        11.5,
                        5.25,
                        11,
                        6
                    ],
                    "texture": "#1"
                },
                "up": {
                    "uv": [
                        11,
                        5.25,
                        11,
                        5.75
                    ],
                    "texture": "#1"
                },
                "down": {
                    "uv": [
                        11,
                        5.25,
                        11,
                        5.75
                    ],
                    "texture": "#1"
                }
            }
        },
        {
            "from": [
                6.49,
                3.55298,
                13.30988
            ],
            "to": [
                8.51,
                5.55298,
                15.55988
            ],
            "rotation": {
                "angle": -45,
                "axis": "x",
                "origin": [
                    7.5,
                    4.55298,
                    14.93488
                ]
            },
            "faces": {
                "north": {
                    "uv": [
                        4.25,
                        12.75,
                        4.75,
                        13.25
                    ],
                    "texture": "#1"
                },
                "east": {
                    "uv": [
                        6.0625,
                        12.75,
                        5.5,
                        13.25
                    ],
                    "texture": "#1"
                },
                "south": {
                    "uv": [
                        5.5,
                        12.75,
                        6,
                        13.25
                    ],
                    "texture": "#1"
                },
                "west": {
                    "uv": [
                        5.5,
                        12.75,
                        6.0625,
                        13.25
                    ],
                    "texture": "#1"
                },
                "up": {
                    "uv": [
                        5.5,
                        12.75,
                        6.0625,
                        13.25
                    ],
                    "rotation": 90,
                    "texture": "#1"
                },
                "down": {
                    "uv": [
                        6.0625,
                        12.75,
                        5.5,
                        13.25
                    ],
                    "rotation": 90,
                    "texture": "#1"
                }
            }
        },
        {
            "from": [
                6.5,
                0.86104,
                13.07873
            ],
            "to": [
                8.5,
                4.11104,
                15.07873
            ],
            "rotation": {
                "angle": 0,
                "axis": "y",
                "origin": [
                    7.5,
                    2.48604,
                    14.07873
                ]
            },
            "faces": {
                "north": {
                    "uv": [
                        4.1875,
                        13,
                        5.1875,
                        13.5
                    ],
                    "rotation": 270,
                    "texture": "#1"
                },
                "east": {
                    "uv": [
                        5.1875,
                        12.9375,
                        4.1875,
                        13.4375
                    ],
                    "rotation": 90,
                    "texture": "#1"
                },
                "south": {
                    "uv": [
                        5.1875,
                        12.9375,
                        4.1875,
                        13.4375
                    ],
                    "rotation": 90,
                    "texture": "#1"
                },
                "west": {
                    "uv": [
                        4.1875,
                        13,
                        5.1875,
                        13.5
                    ],
                    "rotation": 270,
                    "texture": "#1"
                },
                "up": {
                    "uv": [
                        4.25,
                        13,
                        4.75,
                        13.5
                    ],
                    "texture": "#1"
                },
                "down": {
                    "uv": [
                        4.25,
                        13,
                        4.75,
                        13.5
                    ],
                    "rotation": 180,
                    "texture": "#1"
                }
            }
        },
        {
            "from": [
                6.5,
                0.54574,
                12.49362
            ],
            "to": [
                8.5,
                2.54574,
                14.74362
            ],
            "rotation": {
                "angle": -22.5,
                "axis": "x",
                "origin": [
                    7.5,
                    1.54574,
                    14.11862
                ]
            },
            "faces": {
                "north": {
                    "uv": [
                        3.25,
                        13.25,
                        3.75,
                        13.75
                    ],
                    "texture": "#1"
                },
                "east": {
                    "uv": [
                        4.5,
                        13.25,
                        3.5,
                        13.75
                    ],
                    "texture": "#1"
                },
                "south": {
                    "uv": [
                        4.5,
                        13.25,
                        5,
                        13.75
                    ],
                    "texture": "#1"
                },
                "west": {
                    "uv": [
                        3.75,
                        13.25,
                        4.75,
                        13.75
                    ],
                    "texture": "#1"
                },
                "up": {
                    "uv": [
                        3.25,
                        13.25,
                        4.25,
                        13.75
                    ],
                    "rotation": 90,
                    "texture": "#1"
                },
                "down": {
                    "uv": [
                        4.5,
                        13.25,
                        3.5,
                        13.75
                    ],
                    "rotation": 90,
                    "texture": "#1"
                }
            }
        },
        {
            "from": [
                6.5,
                0,
                10.95
            ],
            "to": [
                8.5,
                2,
                13
            ],
            "rotation": {
                "angle": 0,
                "axis": "y",
                "origin": [
                    6.5,
                    0,
                    6.75
                ]
            },
            "faces": {
                "north": {
                    "uv": [
                        1.75,
                        12.75,
                        2.25,
                        13.25
                    ],
                    "texture": "#1"
                },
                "east": {
                    "uv": [
                        2.75,
                        12.75,
                        1.75,
                        13.25
                    ],
                    "texture": "#1"
                },
                "south": {
                    "uv": [
                        3,
                        12.75,
                        3.5,
                        13.25
                    ],
                    "texture": "#1"
                },
                "west": {
                    "uv": [
                        2.75,
                        12.75,
                        3.75,
                        13.25
                    ],
                    "texture": "#1"
                },
                "up": {
                    "uv": [
                        2.5,
                        12.75,
                        3.5,
                        13.25
                    ],
                    "rotation": 90,
                    "texture": "#1"
                },
                "down": {
                    "uv": [
                        3.25,
                        12.75,
                        2.25,
                        13.25
                    ],
                    "rotation": 90,
                    "texture": "#1"
                }
            }
        }
    ],
    "display": {
        "thirdperson_righthand": {
            "rotation": [
                75,
                45,
                0
            ],
            "translation": [
                0,
                2.5,
                0
            ],
            "scale": [
                0.375,
                0.375,
                0.375
            ]
        },
        "thirdperson_lefthand": {
            "rotation": [
                75,
                45,
                0
            ],
            "translation": [
                0,
                2.5,
                0
            ],
            "scale": [
                0.375,
                0.375,
                0.375
            ]
        },
        "firstperson_righthand": {
            "rotation": [
                -9,
                155,
                -3
            ],
            "translation": [
                0.5,
                4,
                0
            ],
            "scale": [
                0.5,
                0.5,
                0.5
            ]
        },
        "firstperson_lefthand": {
            "rotation": [
                162.6,
                67.03,
                -171.79
            ],
            "translation": [
                0.5,
                4,
                0
            ],
            "scale": [
                0.5,
                0.5,
                0.5
            ]
        },
        "ground": {
            "translation": [
                0,
                2,
                0
            ],
            "scale": [
                0.5,
                0.5,
                0.5
            ]
        },
        "gui": {
            "rotation": [
                30,
                225,
                0
            ],
            "translation": [
                0,
                0.25,
                0
            ],
            "scale": [
                0.84,
                0.84,
                0.84
            ]
        },
        "head": {
            "translation": [
                0,
                14.5,
                0
            ]
        },
        "fixed": {
            "rotation": [
                2,
                0,
                0
            ],
            "translation": [
                0,
                0,
                -2.5
            ]
        }
    }
}