{
	"texture_size": [64, 64],
	"textures": {
		"1": "kaleidoscope:block/doll/s/catjoy6493",
		"particle": "kaleidoscope:block/doll/s/catjoy6493"
	},
	"elements": [
		{
			"name": "Head",
			"from": [3.5, 6, 6],
			"to": [11.5, 14, 14],
			"rotation": {"angle": 0, "axis": "y", "origin": [7.5, 10, 9.40742]},
			"faces": {
				"north": {"uv": [2, 2, 4, 4], "texture": "#1"},
				"east": {"uv": [0, 2, 2, 4], "texture": "#1"},
				"south": {"uv": [6, 2, 8, 4], "texture": "#1"},
				"west": {"uv": [4, 2, 6, 4], "texture": "#1"},
				"up": {"uv": [4, 2, 2, 0], "texture": "#1"},
				"down": {"uv": [6, 0, 4, 2], "texture": "#1"}
			}
		},
		{
			"name": "Hat Layer",
			"from": [3.2, 5.7, 5.7],
			"to": [11.8, 14.3, 14.3],
			"rotation": {"angle": 0, "axis": "y", "origin": [7.5, 10, 9.40742]},
			"faces": {
				"north": {"uv": [10, 2, 12, 4], "texture": "#1"},
				"east": {"uv": [8, 2, 10, 4], "texture": "#1"},
				"south": {"uv": [14, 2, 16, 4], "texture": "#1"},
				"west": {"uv": [12, 2, 14, 4], "texture": "#1"},
				"up": {"uv": [12, 2, 10, 0], "texture": "#1"},
				"down": {"uv": [14, 0, 12, 2], "texture": "#1"}
			}
		},
		{
			"from": [6.5, 0, 11.75],
			"to": [8.5, 2, 15.75],
			"rotation": {"angle": 0, "axis": "y", "origin": [6.5, 0, 11.75]},
			"faces": {
				"north": {"uv": [1.75, 5.5, 2.25, 6], "texture": "#1"},
				"east": {"uv": [2.75, 5.5, 3.25, 6.5], "rotation": 90, "texture": "#1"},
				"south": {"uv": [5.75, 6.25, 6.25, 6.75], "texture": "#1"},
				"west": {"uv": [1.75, 6.5, 2.25, 5.5], "rotation": 90, "texture": "#1"},
				"up": {"uv": [1.75, 5.5, 2.25, 6.5], "texture": "#1"},
				"down": {"uv": [1.75, 6.5, 2.25, 5.5], "texture": "#1"}
			}
		},
		{
			"from": [6.5, 3, 12],
			"to": [8.5, 7, 14],
			"rotation": {"angle": -22.5, "axis": "x", "origin": [7.5, 5.5, 12]},
			"faces": {
				"north": {"uv": [1.25, 11.75, 1.75, 10.75], "rotation": 180, "texture": "#1"},
				"east": {"uv": [1.25, 10.75, 1.75, 11.75], "texture": "#1"},
				"south": {"uv": [1.25, 10.75, 1.75, 11.75], "texture": "#1"},
				"west": {"uv": [1.25, 11.75, 1.75, 10.75], "rotation": 180, "texture": "#1"},
				"up": {"uv": [1.25, 10.75, 1.75, 11.25], "rotation": 180, "texture": "#1"},
				"down": {"uv": [5.25, 11.5, 5.75, 12], "texture": "#1"}
			}
		},
		{
			"from": [5.5, 6, 5],
			"to": [9.5, 8, 6],
			"rotation": {"angle": 0, "axis": "y", "origin": [7.5, 6, 4]},
			"faces": {
				"north": {"uv": [5, 10, 6, 10.5], "texture": "#1"},
				"east": {"uv": [5, 10, 5.25, 10.5], "texture": "#1"},
				"south": {"uv": [5, 10, 6, 10.5], "texture": "#1"},
				"west": {"uv": [5, 10, 5.25, 10.5], "texture": "#1"},
				"up": {"uv": [5, 10, 6, 10.25], "texture": "#1"},
				"down": {"uv": [5, 9.5, 6, 9.75], "texture": "#1"}
			}
		},
		{
			"name": "Body",
			"from": [4.5, 0, 7.90742],
			"to": [10.5, 7, 11.90742],
			"rotation": {"angle": 0, "axis": "y", "origin": [7, 7.9125, 8.32871]},
			"faces": {
				"north": {"uv": [5.25, 5, 6.75, 6.75], "texture": "#1"},
				"east": {"uv": [8, 5, 7, 6.75], "texture": "#1"},
				"south": {"uv": [8.25, 5, 9.75, 6.75], "texture": "#1"},
				"west": {"uv": [7, 5, 8, 6.75], "texture": "#1"},
				"down": {"uv": [6.75, 7, 5.25, 8], "texture": "#1"}
			}
		},
		{
			"name": "Right Arm",
			"from": [7.12215, -1.1156, 8.45742],
			"to": [10.12215, 4.8844, 11.45742],
			"rotation": {"angle": 22.5, "axis": "z", "origin": [5.5, 7.9125, 7.57871]},
			"faces": {
				"north": {"uv": [1.5, 5, 2.25, 6.5], "texture": "#1"},
				"east": {"uv": [1.5, 5, 2.25, 6.5], "texture": "#1"},
				"south": {"uv": [1.5, 5, 2.25, 6.5], "texture": "#1"},
				"west": {"uv": [1.5, 5, 2.25, 6.5], "texture": "#1"},
				"down": {"uv": [1.5, 7.5, 2.25, 6.75], "rotation": 90, "texture": "#1"}
			}
		},
		{
			"name": "Right Arm",
			"from": [2.63269, 0.57612, 8.45742],
			"to": [5.63269, 6.57612, 11.45742],
			"rotation": {"angle": -22.5, "axis": "z", "origin": [4.13269, 3.07612, 9.95742]},
			"faces": {
				"north": {"uv": [0.5, 5, 1.25, 6.5], "texture": "#1"},
				"east": {"uv": [0.5, 5, 1.25, 6.5], "texture": "#1"},
				"south": {"uv": [0.5, 5, 1.25, 6.5], "texture": "#1"},
				"west": {"uv": [0.5, 5, 1.25, 6.5], "texture": "#1"},
				"down": {"uv": [0.5, 7.5, 1.25, 6.75], "rotation": 270, "texture": "#1"}
			}
		},
		{
			"name": "Right Leg",
			"from": [8.25, 0.02, 2.35],
			"to": [11.25, 3.02, 7.35],
			"rotation": {"angle": -22.5, "axis": "y", "origin": [6.75, 7.6625, 7.17871]},
			"faces": {
				"north": {"uv": [2.5, 6.75, 3.25, 7.5], "texture": "#1"},
				"east": {"uv": [3.25, 5.25, 2.5, 6.5], "rotation": 270, "texture": "#1"},
				"west": {"uv": [2.5, 5.25, 3.25, 6.5], "rotation": 90, "texture": "#1"},
				"up": {"uv": [2.5, 5.25, 3.25, 6.5], "rotation": 180, "texture": "#1"},
				"down": {"uv": [2.5, 5.25, 3.25, 6.5], "texture": "#1"}
			}
		},
		{
			"name": "Right Leg",
			"from": [10.25, 2.02, 2.1],
			"to": [11.25, 3.02, 2.35],
			"rotation": {"angle": -22.5, "axis": "y", "origin": [6.75, 7.6625, 7.17871]},
			"faces": {
				"north": {"uv": [2.5, 8.5, 2.75, 8.75], "texture": "#1"},
				"east": {"uv": [2.75, 8.5, 2.5, 8.3125], "rotation": 270, "texture": "#1"},
				"west": {"uv": [2.5, 8.25, 2.75, 8.0625], "rotation": 90, "texture": "#1"},
				"up": {"uv": [2.25, 8.25, 2.5625, 8.5], "rotation": 90, "texture": "#1"},
				"down": {"uv": [2.5, 8.25, 2.75, 8.5625], "texture": "#1"}
			}
		},
		{
			"name": "Right Leg",
			"from": [8.25, 2.02, 2.1],
			"to": [9.25, 3.02, 2.35],
			"rotation": {"angle": -22.5, "axis": "y", "origin": [6.75, 7.6625, 7.17871]},
			"faces": {
				"north": {"uv": [2.5, 8.5, 2.75, 8.75], "texture": "#1"},
				"east": {"uv": [2.75, 8.5, 2.5, 8.3125], "rotation": 270, "texture": "#1"},
				"west": {"uv": [2.5, 8.25, 2.75, 8.0625], "rotation": 90, "texture": "#1"},
				"up": {"uv": [2.25, 8.25, 2.5625, 8.5], "rotation": 90, "texture": "#1"},
				"down": {"uv": [2.5, 8.25, 2.75, 8.5625], "texture": "#1"}
			}
		},
		{
			"name": "Right Leg",
			"from": [8.25, 0.02, 2.1],
			"to": [11.25, 1.02, 2.35],
			"rotation": {"angle": -22.5, "axis": "y", "origin": [6.75, 7.6625, 7.17871]},
			"faces": {
				"north": {"uv": [2.5, 8.5, 2.75, 8.75], "texture": "#1"},
				"east": {"uv": [2.75, 8.5, 2.5, 8.3125], "rotation": 270, "texture": "#1"},
				"west": {"uv": [2.5, 8.25, 2.75, 8.0625], "rotation": 90, "texture": "#1"},
				"up": {"uv": [2.25, 8.25, 2.5625, 8.5], "rotation": 90, "texture": "#1"},
				"down": {"uv": [2.5, 8.25, 2.75, 8.5625], "texture": "#1"}
			}
		},
		{
			"name": "Right Leg",
			"from": [12.38723, 0.52593, 8.45742],
			"to": [13.38723, 0.77593, 9.45742],
			"rotation": {"angle": 22.5, "axis": "z", "origin": [11.88723, 0.65093, 9.95742]},
			"faces": {
				"north": {"uv": [2.5, 8.25, 2.75, 8.0625], "texture": "#1"},
				"east": {"uv": [2.25, 8.25, 2.5625, 8.5], "rotation": 270, "texture": "#1"},
				"south": {"uv": [2.75, 8.5, 2.5, 8.3125], "texture": "#1"},
				"west": {"uv": [2.5, 8.25, 2.75, 8.5625], "texture": "#1"},
				"down": {"uv": [2.5, 8.5, 2.75, 8.75], "rotation": 90, "texture": "#1"}
			}
		},
		{
			"name": "Right Leg",
			"from": [10.38723, 0.52593, 8.45742],
			"to": [11.38723, 0.77593, 11.45742],
			"rotation": {"angle": 22.5, "axis": "z", "origin": [11.88723, 0.65093, 9.95742]},
			"faces": {
				"north": {"uv": [2.5, 8.25, 2.75, 8.0625], "texture": "#1"},
				"east": {"uv": [2.25, 8.25, 2.5625, 8.5], "rotation": 270, "texture": "#1"},
				"south": {"uv": [2.75, 8.5, 2.5, 8.3125], "texture": "#1"},
				"west": {"uv": [2.5, 8.25, 2.75, 8.5625], "texture": "#1"},
				"down": {"uv": [2.5, 8.5, 2.75, 8.75], "rotation": 90, "texture": "#1"}
			}
		},
		{
			"name": "Right Leg",
			"from": [12.38723, 0.52593, 10.45742],
			"to": [13.38723, 0.77593, 11.45742],
			"rotation": {"angle": 22.5, "axis": "z", "origin": [11.88723, 0.65093, 9.95742]},
			"faces": {
				"north": {"uv": [2.5, 8.25, 2.75, 8.0625], "texture": "#1"},
				"east": {"uv": [2.25, 8.25, 2.5625, 8.5], "rotation": 270, "texture": "#1"},
				"south": {"uv": [2.75, 8.5, 2.5, 8.3125], "texture": "#1"},
				"west": {"uv": [2.5, 8.25, 2.75, 8.5625], "texture": "#1"},
				"down": {"uv": [2.5, 8.5, 2.75, 8.75], "rotation": 90, "texture": "#1"}
			}
		},
		{
			"name": "Right Leg",
			"from": [1.62815, 0.52594, 10.45742],
			"to": [2.62815, 0.77594, 11.45742],
			"rotation": {"angle": -22.5, "axis": "z", "origin": [3.12815, 0.65094, 9.95742]},
			"faces": {
				"north": {"uv": [2.5, 8.25, 2.75, 8.0625], "texture": "#1"},
				"east": {"uv": [2.25, 8.25, 2.5625, 8.5], "rotation": 270, "texture": "#1"},
				"south": {"uv": [2.75, 8.5, 2.5, 8.3125], "texture": "#1"},
				"west": {"uv": [2.5, 8.25, 2.75, 8.5625], "texture": "#1"},
				"down": {"uv": [2.5, 8.5, 2.75, 8.75], "rotation": 90, "texture": "#1"}
			}
		},
		{
			"name": "Right Leg",
			"from": [1.62815, 0.52594, 8.45742],
			"to": [2.62815, 0.77594, 9.45742],
			"rotation": {"angle": -22.5, "axis": "z", "origin": [3.12815, 0.65094, 9.95742]},
			"faces": {
				"north": {"uv": [2.5, 8.25, 2.75, 8.0625], "texture": "#1"},
				"east": {"uv": [2.25, 8.25, 2.5625, 8.5], "rotation": 270, "texture": "#1"},
				"south": {"uv": [2.75, 8.5, 2.5, 8.3125], "texture": "#1"},
				"west": {"uv": [2.5, 8.25, 2.75, 8.5625], "texture": "#1"},
				"down": {"uv": [2.5, 8.5, 2.75, 8.75], "rotation": 90, "texture": "#1"}
			}
		},
		{
			"name": "Right Leg",
			"from": [3.62815, 0.52594, 8.45742],
			"to": [4.62815, 0.77594, 11.45742],
			"rotation": {"angle": -22.5, "axis": "z", "origin": [3.12815, 0.65094, 9.95742]},
			"faces": {
				"north": {"uv": [2.5, 8.25, 2.75, 8.0625], "texture": "#1"},
				"east": {"uv": [2.25, 8.25, 2.5625, 8.5], "rotation": 270, "texture": "#1"},
				"south": {"uv": [2.75, 8.5, 2.5, 8.3125], "texture": "#1"},
				"west": {"uv": [2.5, 8.25, 2.75, 8.5625], "texture": "#1"},
				"down": {"uv": [2.5, 8.5, 2.75, 8.75], "rotation": 90, "texture": "#1"}
			}
		},
		{
			"name": "Right Leg",
			"from": [4.16087, 2.02, 3.66148],
			"to": [5.16087, 3.02, 3.91148],
			"rotation": {"angle": 22.5, "axis": "y", "origin": [3.66087, 1.52, 3.78648]},
			"faces": {
				"north": {"uv": [2.5, 8.5, 2.75, 8.75], "texture": "#1"},
				"east": {"uv": [2.75, 8.5, 2.5, 8.3125], "rotation": 270, "texture": "#1"},
				"west": {"uv": [2.5, 8.25, 2.75, 8.0625], "rotation": 90, "texture": "#1"},
				"up": {"uv": [2.25, 8.25, 2.5625, 8.5], "rotation": 90, "texture": "#1"},
				"down": {"uv": [2.5, 8.25, 2.75, 8.5625], "texture": "#1"}
			}
		},
		{
			"name": "Right Leg",
			"from": [2.16087, 2.02, 3.66148],
			"to": [3.16087, 3.02, 3.91148],
			"rotation": {"angle": 22.5, "axis": "y", "origin": [3.66087, 1.52, 3.78648]},
			"faces": {
				"north": {"uv": [2.5, 8.5, 2.75, 8.75], "texture": "#1"},
				"east": {"uv": [2.75, 8.5, 2.5, 8.3125], "rotation": 270, "texture": "#1"},
				"west": {"uv": [2.5, 8.25, 2.75, 8.0625], "rotation": 90, "texture": "#1"},
				"up": {"uv": [2.25, 8.25, 2.5625, 8.5], "rotation": 90, "texture": "#1"},
				"down": {"uv": [2.5, 8.25, 2.75, 8.5625], "texture": "#1"}
			}
		},
		{
			"name": "Right Leg",
			"from": [2.16087, 0.02, 3.66148],
			"to": [5.16087, 1.02, 3.91148],
			"rotation": {"angle": 22.5, "axis": "y", "origin": [3.66087, 1.52, 3.78648]},
			"faces": {
				"north": {"uv": [2.5, 8.5, 2.75, 8.75], "texture": "#1"},
				"east": {"uv": [2.75, 8.5, 2.5, 8.3125], "rotation": 270, "texture": "#1"},
				"west": {"uv": [2.5, 8.25, 2.75, 8.0625], "rotation": 90, "texture": "#1"},
				"up": {"uv": [2.25, 8.25, 2.5625, 8.5], "rotation": 90, "texture": "#1"},
				"down": {"uv": [2.5, 8.25, 2.75, 8.5625], "texture": "#1"}
			}
		},
		{
			"name": "Left Leg",
			"from": [4, 0.02, 2.75],
			"to": [7, 3.02, 7.75],
			"rotation": {"angle": 22.5, "axis": "y", "origin": [7.5, 7.6625, 7.82871]},
			"faces": {
				"north": {"uv": [3.5, 6.75, 4.25, 7.5], "texture": "#1"},
				"east": {"uv": [3.5, 5.25, 4.25, 6.5], "rotation": 270, "texture": "#1"},
				"west": {"uv": [4.25, 5.25, 3.5, 6.5], "rotation": 90, "texture": "#1"},
				"up": {"uv": [2.5, 5.25, 3.25, 6.5], "rotation": 180, "texture": "#1"},
				"down": {"uv": [3.5, 5.25, 4.25, 6.5], "texture": "#1"}
			}
		},
		{
			"from": [4, 13, 10],
			"to": [7, 15, 11],
			"rotation": {"angle": 0, "axis": "y", "origin": [5.25, 14.75, 10.5]},
			"faces": {
				"north": {"uv": [10.25, 9.75, 11, 10.25], "texture": "#1"},
				"east": {"uv": [10.25, 9.25, 10.5, 9.75], "texture": "#1"},
				"south": {"uv": [10.25, 9.25, 11, 9.75], "texture": "#1"},
				"west": {"uv": [10.25, 9.25, 10.5, 9.75], "texture": "#1"},
				"up": {"uv": [10.25, 9.25, 11, 9.5], "texture": "#1"},
				"down": {"uv": [10.25, 9.25, 11, 9.5], "texture": "#1"}
			}
		},
		{
			"from": [4, 15, 10],
			"to": [6, 16, 11],
			"rotation": {"angle": 0, "axis": "y", "origin": [5.25, 14.75, 10.5]},
			"faces": {
				"north": {"uv": [10, 9, 10.5, 9.25], "texture": "#1"},
				"east": {"uv": [10, 9, 10.25, 9.25], "texture": "#1"},
				"south": {"uv": [10, 9, 10.5, 9.25], "texture": "#1"},
				"west": {"uv": [10, 9, 10.25, 9.25], "texture": "#1"},
				"up": {"uv": [10, 9, 10.5, 9.25], "texture": "#1"},
				"down": {"uv": [10, 9, 10.5, 9.25], "texture": "#1"}
			}
		},
		{
			"from": [9, 15, 10],
			"to": [11, 16, 11],
			"rotation": {"angle": 0, "axis": "y", "origin": [9.75, 14.75, 10.5]},
			"faces": {
				"north": {"uv": [10, 9, 10.5, 9.25], "texture": "#1"},
				"east": {"uv": [10, 9, 10.25, 9.25], "texture": "#1"},
				"south": {"uv": [10, 9, 10.5, 9.25], "texture": "#1"},
				"west": {"uv": [10, 9, 10.25, 9.25], "texture": "#1"},
				"up": {"uv": [10, 9, 10.5, 9.25], "texture": "#1"},
				"down": {"uv": [10, 9, 10.5, 9.25], "texture": "#1"}
			}
		},
		{
			"from": [8, 13, 10],
			"to": [11, 15, 11],
			"rotation": {"angle": 0, "axis": "y", "origin": [9.75, 14.75, 10.5]},
			"faces": {
				"north": {"uv": [11, 9.75, 10.25, 10.25], "texture": "#1"},
				"east": {"uv": [10.25, 9.25, 10.5, 9.75], "texture": "#1"},
				"south": {"uv": [10.25, 9.25, 11, 9.75], "texture": "#1"},
				"west": {"uv": [10.25, 9.25, 10.5, 9.75], "texture": "#1"},
				"up": {"uv": [11, 9.25, 10.25, 9.5], "texture": "#1"},
				"down": {"uv": [10.25, 9.25, 11, 9.5], "texture": "#1"}
			}
		},
		{
			"from": [7, 12, 5.75],
			"to": [8, 13, 5.75],
			"rotation": {"angle": 0, "axis": "y", "origin": [6, 12, 3.75]},
			"faces": {
				"north": {"uv": [10.5, 2.5, 10.75, 2.75], "texture": "#1"},
				"east": {"uv": [10.5, 2.5, 10.5, 2.75], "texture": "#1"},
				"south": {"uv": [10.5, 2.5, 10.75, 2.75], "texture": "#1"},
				"west": {"uv": [10.5, 2.5, 10.5, 2.75], "texture": "#1"},
				"up": {"uv": [10.5, 2.5, 10.75, 2.5], "texture": "#1"},
				"down": {"uv": [10.5, 2.5, 10.75, 2.5], "texture": "#1"}
			}
		}
	],
	"display": {
		"thirdperson_righthand": {
			"rotation": [75, 45, 0],
			"translation": [0, 2.5, 0],
			"scale": [0.375, 0.375, 0.375]
		},
		"thirdperson_lefthand": {
			"rotation": [75, 45, 0],
			"translation": [0, 2.5, 0],
			"scale": [0.375, 0.375, 0.375]
		},
		"firstperson_righthand": {
			"rotation": [-9, 155, -3],
			"translation": [0.5, 4, 0],
			"scale": [0.5, 0.5, 0.5]
		},
		"firstperson_lefthand": {
			"rotation": [162.6, 67.03, -171.79],
			"translation": [0.5, 4, 0],
			"scale": [0.5, 0.5, 0.5]
		},
		"ground": {
			"translation": [0, 2, 0],
			"scale": [0.5, 0.5, 0.5]
		},
		"gui": {
			"rotation": [30, 225, 0],
			"translation": [0, 0.25, 0],
			"scale": [0.84, 0.84, 0.84]
		},
		"head": {
			"translation": [0, 14.5, 0]
		},
		"fixed": {
			"rotation": [2, 0, 0],
			"translation": [0, 0, -2.5]
		}
	},
	"groups": [
		{
			"name": "Head",
			"origin": [8, 24, 8],
			"color": 0,
			"children": [0, 1, 2, 3, 4]
		},
		{
			"name": "Body",
			"origin": [8, 24, 8],
			"color": 0,
			"children": [5]
		},
		{
			"name": "RightArm",
			"origin": [13, 22, 8],
			"color": 0,
			"children": [6, 7]
		},
		{
			"name": "LeftArm",
			"origin": [3, 22, 8],
			"color": 0,
			"children": []
		},
		{
			"name": "RightLeg",
			"origin": [9.9, 12, 8],
			"color": 0,
			"children": [8, 9, 10, 11, 12, 13, 14, 15, 16, 17, 18, 19, 20]
		},
		{
			"name": "LeftLeg",
			"origin": [6.1, 12, 8],
			"color": 0,
			"children": [21]
		},
		22,
		23,
		24,
		25,
		26
	]
}