{
	"credit": "by YSBB  2025",
	"texture_size": [64, 64],
	"textures": {
		"1": "kaleidoscope:block/doll/s/cha_jiang",
		"2": "kaleidoscope:block/doll/s/cha_jiang_e",
		"particle": "kaleidoscope:block/doll/s/cha_jiang"
	},
	"elements": [
		{
			"from": [8.25, 8.02, 2.35],
			"to": [11.25, 11.02, 7.35],
			"rotation": {"angle": -22.5, "axis": "y", "origin": [6.75, 15.6625, 7.17871]},
			"faces": {
				"north": {"uv": [2.5, 6.75, 3.25, 7.5], "texture": "#1"},
				"east": {"uv": [3.25, 5.25, 2.5, 6.5], "rotation": 270, "texture": "#1"},
				"west": {"uv": [2.5, 5.25, 3.25, 6.5], "rotation": 90, "texture": "#1"},
				"up": {"uv": [2.5, 5.25, 3.25, 6.5], "rotation": 180, "texture": "#1"},
				"down": {"uv": [2.5, 5.25, 3.25, 6.5], "texture": "#1"}
			}
		},
		{
			"from": [8.15, 7.92, 3.25],
			"to": [11.35, 11.12, 5.45],
			"rotation": {"angle": -22.5, "axis": "y", "origin": [6.75, 15.6625, 7.17871]},
			"faces": {
				"east": {"uv": [3.25, 4.25, 2.5, 4.75], "rotation": 270, "texture": "#1"},
				"west": {"uv": [2.5, 4.25, 3.25, 4.75], "rotation": 90, "texture": "#1"},
				"up": {"uv": [2.5, 4.25, 3.25, 4.75], "rotation": 180, "texture": "#1"},
				"down": {"uv": [2.5, 4.25, 3.25, 4.75], "texture": "#1"}
			}
		},
		{
			"from": [3.9, 7.92, 3.65],
			"to": [7.1, 11.12, 5.85],
			"rotation": {"angle": 22.5, "axis": "y", "origin": [7.5, 15.6625, 7.82871]},
			"faces": {
				"east": {"uv": [3.5, 4.25, 4.25, 4.75], "rotation": 270, "texture": "#1"},
				"west": {"uv": [4.25, 4.25, 3.5, 4.75], "rotation": 90, "texture": "#1"},
				"up": {"uv": [3.5, 4.25, 4.25, 4.75], "rotation": 180, "texture": "#1"},
				"down": {"uv": [3.5, 4.25, 4.25, 4.75], "texture": "#1"}
			}
		},
		{
			"from": [4, 8.02, 2.75],
			"to": [7, 11.02, 7.75],
			"rotation": {"angle": 22.5, "axis": "y", "origin": [7.5, 15.6625, 7.82871]},
			"faces": {
				"north": {"uv": [3.5, 6.75, 4.25, 7.5], "texture": "#1"},
				"east": {"uv": [3.5, 5.25, 4.25, 6.5], "rotation": 270, "texture": "#1"},
				"west": {"uv": [4.25, 5.25, 3.5, 6.5], "rotation": 90, "texture": "#1"},
				"up": {"uv": [2.5, 5.25, 3.25, 6.5], "rotation": 180, "texture": "#1"},
				"down": {"uv": [3.5, 5.25, 4.25, 6.5], "texture": "#1"}
			}
		},
		{
			"from": [3.5, 14, 6],
			"to": [11.5, 22, 14],
			"rotation": {"angle": 0, "axis": "y", "origin": [7.5, 18, 9.40742]},
			"faces": {
				"north": {"uv": [2, 2, 4, 4], "texture": "#1"},
				"east": {"uv": [0, 2, 2, 4], "texture": "#1"},
				"south": {"uv": [6, 2, 8, 4], "texture": "#1"},
				"west": {"uv": [4, 2, 6, 4], "texture": "#1"},
				"up": {"uv": [4, 2, 2, 0], "texture": "#1"},
				"down": {"uv": [6, 0, 4, 2], "texture": "#1"}
			}
		},
		{
			"from": [3.2, 13.7, 5.7],
			"to": [11.8, 22.3, 14.3],
			"rotation": {"angle": 0, "axis": "y", "origin": [7.5, 18, 9.40742]},
			"faces": {
				"north": {"uv": [10, 2, 12, 4], "texture": "#1"},
				"east": {"uv": [8, 2, 10, 4], "texture": "#1"},
				"south": {"uv": [14, 2, 16, 4], "texture": "#1"},
				"west": {"uv": [12, 2, 14, 4], "texture": "#1"},
				"up": {"uv": [12, 2, 10, 0], "texture": "#1"},
				"down": {"uv": [14, 0, 12, 2], "texture": "#1"}
			}
		},
		{
			"from": [4.5, 8, 7.90742],
			"to": [10.5, 15, 11.90742],
			"rotation": {"angle": 0, "axis": "y", "origin": [7, 15.9125, 8.32871]},
			"faces": {
				"north": {"uv": [5.25, 5, 6.75, 6.75], "texture": "#1"},
				"east": {"uv": [8, 5, 7, 6.75], "texture": "#1"},
				"south": {"uv": [8.25, 5, 9.75, 6.75], "texture": "#1"},
				"west": {"uv": [7, 5, 8, 6.75], "texture": "#1"},
				"down": {"uv": [6.75, 7, 5.25, 8], "texture": "#1"}
			}
		},
		{
			"from": [4, 8, 12.2],
			"to": [11, 14, 12.2],
			"rotation": {"angle": 0, "axis": "y", "origin": [5, 12, 12.2]},
			"faces": {
				"north": {"uv": [0.5, 8.5, 2.25, 9.5], "texture": "#1"},
				"east": {"uv": [0.5, 8.5, 1, 9.5], "texture": "#1"},
				"south": {"uv": [10.5, 5, 12.25, 6.75], "texture": "#1"},
				"west": {"uv": [0.5, 8.5, 1, 9.5], "texture": "#1"},
				"up": {"uv": [0.5, 8.5, 2.25, 9], "texture": "#1"},
				"down": {"uv": [0.5, 8.5, 2.25, 9], "texture": "#1"}
			}
		},
		{
			"from": [6, 11, 7.45],
			"to": [8.5, 13.5, 7.45],
			"rotation": {"angle": -45, "axis": "z", "origin": [7.5, 12, 7.45]},
			"faces": {
				"north": {"uv": [3.25, 14.25, 4, 15], "texture": "#1"},
				"east": {"uv": [0.5, 8.5, 1, 9.5], "texture": "#1"},
				"west": {"uv": [0.5, 8.5, 1, 9.5], "texture": "#1"},
				"up": {"uv": [0.5, 8.5, 2.25, 9], "texture": "#1"},
				"down": {"uv": [0.5, 8.5, 2.25, 9], "texture": "#1"}
			}
		},
		{
			"from": [9.47836, 9.09515, 8.45742],
			"to": [12.47836, 15.09515, 11.45742],
			"rotation": {"angle": 45, "axis": "z", "origin": [10.97836, 11.84515, 9.95742]},
			"faces": {
				"north": {"uv": [1.5, 5, 2.25, 6.5], "texture": "#1"},
				"east": {"uv": [1.5, 5, 2.25, 6.5], "texture": "#1"},
				"south": {"uv": [1.5, 5, 2.25, 6.5], "texture": "#1"},
				"west": {"uv": [1.5, 5, 2.25, 6.5], "texture": "#1"},
				"down": {"uv": [2.25, 6.75, 1.5, 7.5], "texture": "#1"}
			}
		},
		{
			"from": [9.37836, 9.99515, 8.35742],
			"to": [12.57836, 12.69515, 11.55742],
			"rotation": {"angle": 45, "axis": "z", "origin": [10.97836, 11.84515, 9.95742]},
			"faces": {
				"north": {"uv": [1.5, 4, 2.25, 4.75], "texture": "#1"},
				"east": {"uv": [1.5, 4, 2.25, 4.75], "texture": "#1"},
				"south": {"uv": [1.5, 4, 2.25, 4.75], "texture": "#1"},
				"west": {"uv": [1.5, 4, 2.25, 4.75], "texture": "#1"}
			}
		},
		{
			"from": [2.53702, 9.09515, 8.45742],
			"to": [5.53702, 15.09515, 11.45742],
			"rotation": {"angle": -45, "axis": "z", "origin": [4.03702, 11.84515, 9.95742]},
			"faces": {
				"north": {"uv": [0.5, 5, 1.25, 6.5], "texture": "#1"},
				"east": {"uv": [0.5, 5, 1.25, 6.5], "texture": "#1"},
				"south": {"uv": [0.5, 5, 1.25, 6.5], "texture": "#1"},
				"west": {"uv": [0.5, 5, 1.25, 6.5], "texture": "#1"},
				"down": {"uv": [1.25, 6.75, 0.5, 7.5], "texture": "#1"}
			}
		},
		{
			"from": [2.43702, 9.99515, 8.35742],
			"to": [5.63702, 12.69515, 11.55742],
			"rotation": {"angle": -45, "axis": "z", "origin": [4.03702, 11.84515, 9.95742]},
			"faces": {
				"north": {"uv": [0.5, 4, 1.25, 4.75], "texture": "#1"},
				"east": {"uv": [0.5, 4, 1.25, 4.75], "texture": "#1"},
				"south": {"uv": [0.5, 4, 1.25, 4.75], "texture": "#1"},
				"west": {"uv": [0.5, 4, 1.25, 4.75], "texture": "#1"}
			}
		},
		{
			"from": [1, 5, 7],
			"to": [14, 8, 13],
			"rotation": {"angle": 0, "axis": "y", "origin": [3, 6, 7]},
			"faces": {
				"north": {"uv": [7.75, 14.25, 11, 15], "texture": "#1"},
				"east": {"uv": [12, 14.25, 13.5, 15], "texture": "#1"},
				"south": {"uv": [7.75, 14.25, 11, 15], "texture": "#1"},
				"west": {"uv": [12, 14.25, 13.5, 15], "texture": "#1"},
				"up": {"uv": [7.75, 12.5, 11, 14], "texture": "#1"},
				"down": {"uv": [7.75, 12.5, 11, 14], "texture": "#1"}
			}
		},
		{
			"from": [1.5, 8, 8],
			"to": [1.5, 32, 10],
			"rotation": {"angle": -22.5, "axis": "y", "origin": [1.5, 20, 9]},
			"faces": {
				"north": {"uv": [14.75, 10, 14.75, 16], "texture": "#1"},
				"east": {"uv": [14.75, 10, 15.25, 16], "texture": "#1"},
				"south": {"uv": [14.75, 10, 14.75, 16], "texture": "#1"},
				"west": {"uv": [14.75, 10, 15.25, 16], "texture": "#1"},
				"up": {"uv": [14.75, 10, 14.75, 10.5], "texture": "#1"},
				"down": {"uv": [14.75, 10, 14.75, 10.5], "texture": "#1"}
			}
		},
		{
			"from": [13.5, 8, 8],
			"to": [13.5, 32, 10],
			"rotation": {"angle": 22.5, "axis": "y", "origin": [13.5, 20, 9]},
			"faces": {
				"north": {"uv": [14.75, 10, 14.75, 16], "texture": "#1"},
				"east": {"uv": [14.75, 10, 15.25, 16], "texture": "#1"},
				"south": {"uv": [14.75, 10, 14.75, 16], "texture": "#1"},
				"west": {"uv": [14.75, 10, 15.25, 16], "texture": "#1"},
				"up": {"uv": [14.75, 10, 14.75, 10.5], "texture": "#1"},
				"down": {"uv": [14.75, 10, 14.75, 10.5], "texture": "#1"}
			}
		},
		{
			"from": [10, 19, 8],
			"to": [13, 22, 8],
			"rotation": {"angle": -22.5, "axis": "z", "origin": [11.5, 20.5, 8]},
			"faces": {
				"north": {"uv": [0.25, 15, 1, 15.75], "texture": "#1"},
				"east": {"uv": [0.25, 15, 0.25, 15.75], "texture": "#1"},
				"south": {"uv": [1, 15, 0.25, 15.75], "texture": "#1"},
				"west": {"uv": [0.25, 15, 0.25, 15.75], "texture": "#1"},
				"up": {"uv": [0.25, 15, 1, 15], "texture": "#1"},
				"down": {"uv": [0.25, 15, 1, 15], "texture": "#1"}
			}
		},
		{
			"from": [1.11732, 14.07612, 10],
			"to": [4.11732, 20.07612, 13],
			"rotation": {"angle": 0, "axis": "z", "origin": [2.61732, 17.07612, 11.5]},
			"faces": {
				"north": {"uv": [1.5, 14.25, 2.25, 15.75], "texture": "#1"},
				"east": {"uv": [1.5, 14.25, 2.25, 15.75], "texture": "#1"},
				"south": {"uv": [1.5, 14.25, 2.25, 15.75], "texture": "#1"},
				"west": {"uv": [1.5, 14.25, 2.25, 15.75], "texture": "#1"},
				"up": {"uv": [1.5, 14.25, 2.25, 15], "texture": "#1"}
			}
		},
		{
			"from": [11.5, 6, 2.5],
			"to": [11.5, 11, 7.5],
			"rotation": {"angle": 45, "axis": "y", "origin": [16.5, 9.5, 2]},
			"faces": {
				"north": {"uv": [0, 0, 0, 1.25], "texture": "#1"},
				"east": {"uv": [12, 11.25, 13.25, 12.5], "texture": "#1"},
				"south": {"uv": [0, 0, 0, 1.25], "texture": "#1"},
				"west": {"uv": [12, 11.25, 13.25, 12.5], "texture": "#1"},
				"up": {"uv": [0, 0, 1.25, 0], "rotation": 90, "texture": "#1"},
				"down": {"uv": [0, 0, 1.25, 0], "rotation": 270, "texture": "#1"}
			}
		},
		{
			"from": [8.80761, 20, 15.43503],
			"to": [13.80761, 25, 15.43503],
			"rotation": {"angle": 0, "axis": "y", "origin": [7.30761, 8.5, 15.43503]},
			"faces": {
				"north": {"uv": [12, 11.25, 13.25, 12.5], "texture": "#1"},
				"east": {"uv": [0, 0, 0, 1.25], "texture": "#1"},
				"south": {"uv": [12, 11.25, 13.25, 12.5], "texture": "#1"},
				"west": {"uv": [0, 0, 0, 1.25], "texture": "#1"},
				"up": {"uv": [0, 0, 1.25, 0], "texture": "#1"},
				"down": {"uv": [0, 0, 1.25, 0], "texture": "#1"}
			}
		},
		{
			"from": [1.05235, 11, 4.49561],
			"to": [1.05235, 16, 9.49561],
			"rotation": {"angle": -45, "axis": "y", "origin": [0.05235, 13.5, 6.99561]},
			"faces": {
				"north": {"uv": [0, 0, 0, 1.25], "texture": "#1"},
				"east": {"uv": [12, 11.25, 13.25, 12.5], "texture": "#1"},
				"south": {"uv": [0, 0, 0, 1.25], "texture": "#1"},
				"west": {"uv": [12, 11.25, 13.25, 12.5], "texture": "#1"},
				"up": {"uv": [0, 0, 1.25, 0], "rotation": 270, "texture": "#1"},
				"down": {"uv": [0, 0, 1.25, 0], "rotation": 90, "texture": "#1"}
			}
		},
		{
			"from": [13.1087, 15, 7.85347],
			"to": [16.1087, 18, 7.85347],
			"rotation": {"angle": 45, "axis": "z", "origin": [14.6087, 16.5, 7.85347]},
			"faces": {
				"north": {"uv": [12.25, 11.5, 13, 12.25], "texture": "#1"},
				"east": {"uv": [0, 0, 0, 1.25], "texture": "#1"},
				"south": {"uv": [12.25, 11.5, 13, 12.25], "texture": "#1"},
				"west": {"uv": [0, 0, 0, 1.25], "texture": "#1"},
				"up": {"uv": [0, 0, 1.25, 0], "texture": "#1"},
				"down": {"uv": [0, 0, 1.25, 0], "texture": "#1"}
			}
		},
		{
			"from": [1.38077, 4.27208, 6.85347],
			"to": [4.38077, 7.27208, 6.85347],
			"rotation": {"angle": -22.5, "axis": "z", "origin": [1.88077, 3.77208, 7.85347]},
			"faces": {
				"north": {"uv": [12.25, 11.5, 13, 12.25], "rotation": 90, "texture": "#1"},
				"east": {"uv": [0, 0, 1.25, 0], "rotation": 270, "texture": "#1"},
				"south": {"uv": [12.25, 11.5, 13, 12.25], "rotation": 270, "texture": "#1"},
				"west": {"uv": [0, 0, 1.25, 0], "rotation": 270, "texture": "#1"},
				"up": {"uv": [0, 0, 0, 1.25], "rotation": 270, "texture": "#1"},
				"down": {"uv": [0, 0, 0, 1.25], "rotation": 270, "texture": "#1"}
			}
		},
		{
			"from": [-0.66316, 22.26994, 6.85347],
			"to": [2.33684, 25.26994, 6.85347],
			"rotation": {"angle": 22.5, "axis": "z", "origin": [0.83684, 24.76994, 6.85347]},
			"faces": {
				"north": {"uv": [12.25, 11.5, 13, 12.25], "rotation": 90, "texture": "#1"},
				"east": {"uv": [0, 0, 1.25, 0], "rotation": 270, "texture": "#1"},
				"south": {"uv": [12.25, 11.5, 13, 12.25], "rotation": 270, "texture": "#1"},
				"west": {"uv": [0, 0, 1.25, 0], "rotation": 270, "texture": "#1"},
				"up": {"uv": [0, 0, 0, 1.25], "rotation": 270, "texture": "#1"},
				"down": {"uv": [0, 0, 0, 1.25], "rotation": 270, "texture": "#1"}
			}
		},
		{
			"from": [8.25, 8.02, 2.35],
			"to": [11.25, 11.02, 7.35],
			"light_emission": 15,
			"rotation": {"angle": -22.5, "axis": "y", "origin": [6.75, 15.6625, 7.17871]},
			"faces": {
				"north": {"uv": [2.5, 6.75, 3.25, 7.5], "texture": "#2"},
				"east": {"uv": [3.25, 5.25, 2.5, 6.5], "rotation": 270, "texture": "#2"},
				"west": {"uv": [2.5, 5.25, 3.25, 6.5], "rotation": 90, "texture": "#2"},
				"up": {"uv": [2.5, 5.25, 3.25, 6.5], "rotation": 180, "texture": "#2"},
				"down": {"uv": [2.5, 5.25, 3.25, 6.5], "texture": "#2"}
			}
		},
		{
			"from": [8.15, 7.92, 3.25],
			"to": [11.35, 11.12, 5.45],
			"light_emission": 15,
			"rotation": {"angle": -22.5, "axis": "y", "origin": [6.75, 15.6625, 7.17871]},
			"faces": {
				"east": {"uv": [3.25, 4.25, 2.5, 4.75], "rotation": 270, "texture": "#2"},
				"west": {"uv": [2.5, 4.25, 3.25, 4.75], "rotation": 90, "texture": "#2"},
				"up": {"uv": [2.5, 4.25, 3.25, 4.75], "rotation": 180, "texture": "#2"},
				"down": {"uv": [2.5, 4.25, 3.25, 4.75], "texture": "#2"}
			}
		},
		{
			"from": [3.9, 7.92, 3.65],
			"to": [7.1, 11.12, 5.85],
			"light_emission": 15,
			"rotation": {"angle": 22.5, "axis": "y", "origin": [7.5, 15.6625, 7.82871]},
			"faces": {
				"east": {"uv": [3.5, 4.25, 4.25, 4.75], "rotation": 270, "texture": "#2"},
				"west": {"uv": [4.25, 4.25, 3.5, 4.75], "rotation": 90, "texture": "#2"},
				"up": {"uv": [3.5, 4.25, 4.25, 4.75], "rotation": 180, "texture": "#2"},
				"down": {"uv": [3.5, 4.25, 4.25, 4.75], "texture": "#2"}
			}
		},
		{
			"from": [4, 8.02, 2.75],
			"to": [7, 11.02, 7.75],
			"light_emission": 15,
			"rotation": {"angle": 22.5, "axis": "y", "origin": [7.5, 15.6625, 7.82871]},
			"faces": {
				"north": {"uv": [3.5, 6.75, 4.25, 7.5], "texture": "#2"},
				"east": {"uv": [3.5, 5.25, 4.25, 6.5], "rotation": 270, "texture": "#2"},
				"west": {"uv": [4.25, 5.25, 3.5, 6.5], "rotation": 90, "texture": "#2"},
				"up": {"uv": [2.5, 5.25, 3.25, 6.5], "rotation": 180, "texture": "#2"},
				"down": {"uv": [3.5, 5.25, 4.25, 6.5], "texture": "#2"}
			}
		},
		{
			"from": [3.5, 14, 6],
			"to": [11.5, 22, 14],
			"light_emission": 15,
			"rotation": {"angle": 0, "axis": "y", "origin": [7.5, 18, 9.40742]},
			"faces": {
				"north": {"uv": [2, 2, 4, 4], "texture": "#2"},
				"east": {"uv": [0, 2, 2, 4], "texture": "#2"},
				"south": {"uv": [6, 2, 8, 4], "texture": "#2"},
				"west": {"uv": [4, 2, 6, 4], "texture": "#2"},
				"up": {"uv": [4, 2, 2, 0], "texture": "#2"},
				"down": {"uv": [6, 0, 4, 2], "texture": "#2"}
			}
		},
		{
			"from": [3.2, 13.7, 5.7],
			"to": [11.8, 22.3, 14.3],
			"light_emission": 15,
			"rotation": {"angle": 0, "axis": "y", "origin": [7.5, 18, 9.40742]},
			"faces": {
				"north": {"uv": [10, 2, 12, 4], "texture": "#2"},
				"east": {"uv": [8, 2, 10, 4], "texture": "#2"},
				"south": {"uv": [14, 2, 16, 4], "texture": "#2"},
				"west": {"uv": [12, 2, 14, 4], "texture": "#2"},
				"up": {"uv": [12, 2, 10, 0], "texture": "#2"},
				"down": {"uv": [14, 0, 12, 2], "texture": "#2"}
			}
		},
		{
			"from": [4.5, 8, 7.90742],
			"to": [10.5, 15, 11.90742],
			"light_emission": 15,
			"rotation": {"angle": 0, "axis": "y", "origin": [7, 15.9125, 8.32871]},
			"faces": {
				"north": {"uv": [5.25, 5, 6.75, 6.75], "texture": "#2"},
				"east": {"uv": [8, 5, 7, 6.75], "texture": "#2"},
				"south": {"uv": [8.25, 5, 9.75, 6.75], "texture": "#2"},
				"west": {"uv": [7, 5, 8, 6.75], "texture": "#2"},
				"down": {"uv": [6.75, 7, 5.25, 8], "texture": "#2"}
			}
		},
		{
			"from": [4, 8, 12.2],
			"to": [11, 14, 12.2],
			"light_emission": 15,
			"rotation": {"angle": 0, "axis": "y", "origin": [5, 12, 12.2]},
			"faces": {
				"north": {"uv": [0.5, 8.5, 2.25, 9.5], "texture": "#2"},
				"east": {"uv": [0.5, 8.5, 1, 9.5], "texture": "#2"},
				"south": {"uv": [10.5, 5, 12.25, 6.75], "texture": "#2"},
				"west": {"uv": [0.5, 8.5, 1, 9.5], "texture": "#2"},
				"up": {"uv": [0.5, 8.5, 2.25, 9], "texture": "#2"},
				"down": {"uv": [0.5, 8.5, 2.25, 9], "texture": "#2"}
			}
		},
		{
			"from": [6, 11, 7.45],
			"to": [8.5, 13.5, 7.45],
			"light_emission": 15,
			"rotation": {"angle": -45, "axis": "z", "origin": [7.5, 12, 7.45]},
			"faces": {
				"north": {"uv": [3.25, 14.25, 4, 15], "texture": "#2"},
				"east": {"uv": [0.5, 8.5, 1, 9.5], "texture": "#2"},
				"west": {"uv": [0.5, 8.5, 1, 9.5], "texture": "#2"},
				"up": {"uv": [0.5, 8.5, 2.25, 9], "texture": "#2"},
				"down": {"uv": [0.5, 8.5, 2.25, 9], "texture": "#2"}
			}
		},
		{
			"from": [9.47836, 9.09515, 8.45742],
			"to": [12.47836, 15.09515, 11.45742],
			"light_emission": 15,
			"rotation": {"angle": 45, "axis": "z", "origin": [10.97836, 11.84515, 9.95742]},
			"faces": {
				"north": {"uv": [1.5, 5, 2.25, 6.5], "texture": "#2"},
				"east": {"uv": [1.5, 5, 2.25, 6.5], "texture": "#2"},
				"south": {"uv": [1.5, 5, 2.25, 6.5], "texture": "#2"},
				"west": {"uv": [1.5, 5, 2.25, 6.5], "texture": "#2"},
				"down": {"uv": [2.25, 6.75, 1.5, 7.5], "texture": "#2"}
			}
		},
		{
			"from": [9.37836, 9.99515, 8.35742],
			"to": [12.57836, 12.69515, 11.55742],
			"light_emission": 15,
			"rotation": {"angle": 45, "axis": "z", "origin": [10.97836, 11.84515, 9.95742]},
			"faces": {
				"north": {"uv": [1.5, 4, 2.25, 4.75], "texture": "#2"},
				"east": {"uv": [1.5, 4, 2.25, 4.75], "texture": "#2"},
				"south": {"uv": [1.5, 4, 2.25, 4.75], "texture": "#2"},
				"west": {"uv": [1.5, 4, 2.25, 4.75], "texture": "#2"}
			}
		},
		{
			"from": [2.53702, 9.09515, 8.45742],
			"to": [5.53702, 15.09515, 11.45742],
			"light_emission": 15,
			"rotation": {"angle": -45, "axis": "z", "origin": [4.03702, 11.84515, 9.95742]},
			"faces": {
				"north": {"uv": [0.5, 5, 1.25, 6.5], "texture": "#2"},
				"east": {"uv": [0.5, 5, 1.25, 6.5], "texture": "#2"},
				"south": {"uv": [0.5, 5, 1.25, 6.5], "texture": "#2"},
				"west": {"uv": [0.5, 5, 1.25, 6.5], "texture": "#2"},
				"down": {"uv": [1.25, 6.75, 0.5, 7.5], "texture": "#2"}
			}
		},
		{
			"from": [2.43702, 9.99515, 8.35742],
			"to": [5.63702, 12.69515, 11.55742],
			"light_emission": 15,
			"rotation": {"angle": -45, "axis": "z", "origin": [4.03702, 11.84515, 9.95742]},
			"faces": {
				"north": {"uv": [0.5, 4, 1.25, 4.75], "texture": "#2"},
				"east": {"uv": [0.5, 4, 1.25, 4.75], "texture": "#2"},
				"south": {"uv": [0.5, 4, 1.25, 4.75], "texture": "#2"},
				"west": {"uv": [0.5, 4, 1.25, 4.75], "texture": "#2"}
			}
		},
		{
			"from": [1, 5, 7],
			"to": [14, 8, 13],
			"light_emission": 15,
			"rotation": {"angle": 0, "axis": "y", "origin": [3, 6, 7]},
			"faces": {
				"north": {"uv": [7.75, 14.25, 11, 15], "texture": "#2"},
				"east": {"uv": [12, 14.25, 13.5, 15], "texture": "#2"},
				"south": {"uv": [7.75, 14.25, 11, 15], "texture": "#2"},
				"west": {"uv": [12, 14.25, 13.5, 15], "texture": "#2"},
				"up": {"uv": [7.75, 12.5, 11, 14], "texture": "#2"},
				"down": {"uv": [7.75, 12.5, 11, 14], "texture": "#2"}
			}
		},
		{
			"from": [1.5, 8, 8],
			"to": [1.5, 32, 10],
			"light_emission": 15,
			"rotation": {"angle": -22.5, "axis": "y", "origin": [1.5, 20, 9]},
			"faces": {
				"north": {"uv": [14.75, 10, 14.75, 16], "texture": "#2"},
				"east": {"uv": [14.75, 10, 15.25, 16], "texture": "#2"},
				"south": {"uv": [14.75, 10, 14.75, 16], "texture": "#2"},
				"west": {"uv": [14.75, 10, 15.25, 16], "texture": "#2"},
				"up": {"uv": [14.75, 10, 14.75, 10.5], "texture": "#2"},
				"down": {"uv": [14.75, 10, 14.75, 10.5], "texture": "#2"}
			}
		},
		{
			"from": [13.5, 8, 8],
			"to": [13.5, 32, 10],
			"light_emission": 15,
			"rotation": {"angle": 22.5, "axis": "y", "origin": [13.5, 20, 9]},
			"faces": {
				"north": {"uv": [14.75, 10, 14.75, 16], "texture": "#2"},
				"east": {"uv": [14.75, 10, 15.25, 16], "texture": "#2"},
				"south": {"uv": [14.75, 10, 14.75, 16], "texture": "#2"},
				"west": {"uv": [14.75, 10, 15.25, 16], "texture": "#2"},
				"up": {"uv": [14.75, 10, 14.75, 10.5], "texture": "#2"},
				"down": {"uv": [14.75, 10, 14.75, 10.5], "texture": "#2"}
			}
		},
		{
			"from": [10, 19, 8],
			"to": [13, 22, 8],
			"light_emission": 15,
			"rotation": {"angle": -22.5, "axis": "z", "origin": [11.5, 20.5, 8]},
			"faces": {
				"north": {"uv": [0.25, 15, 1, 15.75], "texture": "#2"},
				"east": {"uv": [0.25, 15, 0.25, 15.75], "texture": "#2"},
				"south": {"uv": [1, 15, 0.25, 15.75], "texture": "#2"},
				"west": {"uv": [0.25, 15, 0.25, 15.75], "texture": "#2"},
				"up": {"uv": [0.25, 15, 1, 15], "texture": "#2"},
				"down": {"uv": [0.25, 15, 1, 15], "texture": "#2"}
			}
		},
		{
			"from": [1.11732, 14.07612, 10],
			"to": [4.11732, 20.07612, 13],
			"light_emission": 15,
			"rotation": {"angle": 0, "axis": "z", "origin": [2.61732, 17.07612, 11.5]},
			"faces": {
				"north": {"uv": [1.5, 14.25, 2.25, 15.75], "texture": "#2"},
				"east": {"uv": [1.5, 14.25, 2.25, 15.75], "texture": "#2"},
				"south": {"uv": [1.5, 14.25, 2.25, 15.75], "texture": "#2"},
				"west": {"uv": [1.5, 14.25, 2.25, 15.75], "texture": "#2"},
				"up": {"uv": [1.5, 14.25, 2.25, 15], "texture": "#2"}
			}
		},
		{
			"from": [11.5, 6, 2.5],
			"to": [11.5, 11, 7.5],
			"light_emission": 15,
			"rotation": {"angle": 45, "axis": "y", "origin": [16.5, 9.5, 2]},
			"faces": {
				"north": {"uv": [0, 0, 0, 1.25], "texture": "#2"},
				"east": {"uv": [12, 11.25, 13.25, 12.5], "texture": "#2"},
				"south": {"uv": [0, 0, 0, 1.25], "texture": "#2"},
				"west": {"uv": [12, 11.25, 13.25, 12.5], "texture": "#2"},
				"up": {"uv": [0, 0, 1.25, 0], "rotation": 90, "texture": "#2"},
				"down": {"uv": [0, 0, 1.25, 0], "rotation": 270, "texture": "#2"}
			}
		},
		{
			"from": [8.80761, 20, 15.43503],
			"to": [13.80761, 25, 15.43503],
			"light_emission": 15,
			"rotation": {"angle": 0, "axis": "y", "origin": [7.30761, 8.5, 15.43503]},
			"faces": {
				"north": {"uv": [12, 11.25, 13.25, 12.5], "texture": "#2"},
				"east": {"uv": [0, 0, 0, 1.25], "texture": "#2"},
				"south": {"uv": [12, 11.25, 13.25, 12.5], "texture": "#2"},
				"west": {"uv": [0, 0, 0, 1.25], "texture": "#2"},
				"up": {"uv": [0, 0, 1.25, 0], "texture": "#2"},
				"down": {"uv": [0, 0, 1.25, 0], "texture": "#2"}
			}
		},
		{
			"from": [1.05235, 11, 4.49561],
			"to": [1.05235, 16, 9.49561],
			"light_emission": 15,
			"rotation": {"angle": -45, "axis": "y", "origin": [0.05235, 13.5, 6.99561]},
			"faces": {
				"north": {"uv": [0, 0, 0, 1.25], "texture": "#2"},
				"east": {"uv": [12, 11.25, 13.25, 12.5], "texture": "#2"},
				"south": {"uv": [0, 0, 0, 1.25], "texture": "#2"},
				"west": {"uv": [12, 11.25, 13.25, 12.5], "texture": "#2"},
				"up": {"uv": [0, 0, 1.25, 0], "rotation": 270, "texture": "#2"},
				"down": {"uv": [0, 0, 1.25, 0], "rotation": 90, "texture": "#2"}
			}
		},
		{
			"from": [13.1087, 15, 7.85347],
			"to": [16.1087, 18, 7.85347],
			"light_emission": 15,
			"rotation": {"angle": 45, "axis": "z", "origin": [14.6087, 16.5, 7.85347]},
			"faces": {
				"north": {"uv": [12.25, 11.5, 13, 12.25], "texture": "#2"},
				"east": {"uv": [0, 0, 0, 1.25], "texture": "#2"},
				"south": {"uv": [12.25, 11.5, 13, 12.25], "texture": "#2"},
				"west": {"uv": [0, 0, 0, 1.25], "texture": "#2"},
				"up": {"uv": [0, 0, 1.25, 0], "texture": "#2"},
				"down": {"uv": [0, 0, 1.25, 0], "texture": "#2"}
			}
		},
		{
			"from": [1.38077, 4.27208, 6.85347],
			"to": [4.38077, 7.27208, 6.85347],
			"light_emission": 15,
			"rotation": {"angle": -22.5, "axis": "z", "origin": [1.88077, 3.77208, 7.85347]},
			"faces": {
				"north": {"uv": [12.25, 11.5, 13, 12.25], "rotation": 90, "texture": "#2"},
				"east": {"uv": [0, 0, 1.25, 0], "rotation": 270, "texture": "#2"},
				"south": {"uv": [12.25, 11.5, 13, 12.25], "rotation": 270, "texture": "#2"},
				"west": {"uv": [0, 0, 1.25, 0], "rotation": 270, "texture": "#2"},
				"up": {"uv": [0, 0, 0, 1.25], "rotation": 270, "texture": "#2"},
				"down": {"uv": [0, 0, 0, 1.25], "rotation": 270, "texture": "#2"}
			}
		},
		{
			"from": [-0.66316, 22.26994, 6.85347],
			"to": [2.33684, 25.26994, 6.85347],
			"light_emission": 15,
			"rotation": {"angle": 22.5, "axis": "z", "origin": [0.83684, 24.76994, 6.85347]},
			"faces": {
				"north": {"uv": [12.25, 11.5, 13, 12.25], "rotation": 90, "texture": "#2"},
				"east": {"uv": [0, 0, 1.25, 0], "rotation": 270, "texture": "#2"},
				"south": {"uv": [12.25, 11.5, 13, 12.25], "rotation": 270, "texture": "#2"},
				"west": {"uv": [0, 0, 1.25, 0], "rotation": 270, "texture": "#2"},
				"up": {"uv": [0, 0, 0, 1.25], "rotation": 270, "texture": "#2"},
				"down": {"uv": [0, 0, 0, 1.25], "rotation": 270, "texture": "#2"}
			}
		}
	],
	"display": {
		"thirdperson_righthand": {
			"rotation": [75, 45, 0],
			"translation": [0, 2.5, 0],
			"scale": [0.375, 0.375, 0.375]
		},
		"thirdperson_lefthand": {
			"rotation": [75, 45, 0],
			"translation": [0, 2.5, 0],
			"scale": [0.375, 0.375, 0.375]
		},
		"firstperson_righthand": {
			"rotation": [-9, 155, -3],
			"translation": [0.5, 4, 0],
			"scale": [0.5, 0.5, 0.5]
		},
		"firstperson_lefthand": {
			"rotation": [162.6, 67.03, -171.79],
			"translation": [0.5, 4, 0],
			"scale": [0.5, 0.5, 0.5]
		},
		"ground": {
			"translation": [0, 2, 0],
			"scale": [0.5, 0.5, 0.5]
		},
		"gui": {
			"rotation": [30, 225, 0],
			"translation": [0, -4.25, 0],
			"scale": [0.84, 0.84, 0.84]
		},
		"head": {
			"translation": [0, 14.5, 0]
		},
		"fixed": {
			"rotation": [2, 0, 0],
			"translation": [0, 0, -2.5]
		}
	},
	"groups": [
		0,
		1,
		2,
		3,
		4,
		5,
		6,
		7,
		8,
		9,
		10,
		11,
		12,
		13,
		14,
		15,
		16,
		17,
		18,
		19,
		20,
		21,
		22,
		23,
		{
			"name": "group",
			"origin": [0.83684, 24.76994, 6.85347],
			"color": 0,
			"children": [24, 25, 26, 27, 28, 29, 30, 31, 32, 33, 34, 35, 36, 37, 38, 39, 40, 41, 42, 43, 44, 45, 46, 47]
		}
	]
}