{
    "format_version": "1.21.6",
    "credit": "by YSBB  2025",
    "texture_size": [
        64,
        64
    ],
    "textures": {
        "0": "kaleidoscope:block/doll/s/changhaiming",
        "1": "kaleidoscope:block/doll/s/changhaiming",
        "2": "kaleidoscope:block/doll/s/changhaiming",
        "3": "kaleidoscope:block/doll/s/changhaiming",
        "particle": "kaleidoscope:block/doll/s/changhaiming"
    },
    "elements": [
        {
            "name": "Head",
            "from": [
                3.99231,
                6,
                6.08734
            ],
            "to": [
                11.99231,
                14,
                14.08734
            ],
            "rotation": {
                "angle": 0,
                "axis": "y",
                "origin": [
                    8,
                    5.75,
                    8
                ]
            },
            "faces": {
                "north": {
                    "uv": [
                        2,
                        2,
                        4,
                        4
                    ],
                    "texture": "#1"
                },
                "east": {
                    "uv": [
                        0,
                        2,
                        2,
                        4
                    ],
                    "texture": "#1"
                },
                "south": {
                    "uv": [
                        6,
                        2,
                        8,
                        4
                    ],
                    "texture": "#1"
                },
                "west": {
                    "uv": [
                        4,
                        2,
                        6,
                        4
                    ],
                    "texture": "#1"
                },
                "up": {
                    "uv": [
                        4,
                        2,
                        2,
                        0
                    ],
                    "texture": "#1"
                },
                "down": {
                    "uv": [
                        6,
                        0,
                        4,
                        2
                    ],
                    "texture": "#1"
                }
            }
        },
        {
            "name": "Head",
            "from": [
                3.69231,
                5.7,
                5.78734
            ],
            "to": [
                12.29231,
                14.3,
                14.38734
            ],
            "rotation": {
                "angle": 0,
                "axis": "y",
                "origin": [
                    8,
                    5.75,
                    8
                ]
            },
            "faces": {
                "north": {
                    "uv": [
                        10,
                        2,
                        12,
                        4
                    ],
                    "texture": "#1"
                },
                "east": {
                    "uv": [
                        8,
                        2,
                        10,
                        4
                    ],
                    "texture": "#1"
                },
                "south": {
                    "uv": [
                        14,
                        2,
                        16,
                        4
                    ],
                    "texture": "#1"
                },
                "west": {
                    "uv": [
                        12,
                        2,
                        14,
                        4
                    ],
                    "texture": "#1"
                },
                "up": {
                    "uv": [
                        12,
                        2,
                        10,
                        0
                    ],
                    "texture": "#1"
                },
                "down": {
                    "uv": [
                        14,
                        0,
                        12,
                        2
                    ],
                    "texture": "#1"
                }
            }
        },
        {
            "name": "eyes",
            "from": [
                3.99231,
                6,
                6.48734
            ],
            "to": [
                11.99231,
                10,
                6.08734
            ],
            "rotation": {
                "angle": 0,
                "axis": "y",
                "origin": [
                    8,
                    4.75,
                    8
                ]
            },
            "faces": {
                "north": {
                    "uv": [
                        6,
                        1,
                        8,
                        2
                    ],
                    "texture": "#1"
                },
                "east": {
                    "uv": [
                        6,
                        1,
                        6.25,
                        2
                    ],
                    "texture": "#1"
                },
                "west": {
                    "uv": [
                        7.75,
                        1,
                        8,
                        2
                    ],
                    "texture": "#1"
                }
            }
        },
        {
            "name": "eyes up",
            "from": [
                3.99231,
                10,
                6.08734
            ],
            "to": [
                11.99231,
                10.1,
                6.48734
            ],
            "rotation": {
                "angle": 0,
                "axis": "y",
                "origin": [
                    8,
                    4.75,
                    8
                ]
            },
            "faces": {
                "down": {
                    "uv": [
                        6,
                        1,
                        8,
                        1.25
                    ],
                    "texture": "#1"
                }
            }
        },
        {
            "name": "eyes down",
            "from": [
                3.99231,
                6,
                6.08734
            ],
            "to": [
                11.99231,
                6,
                6.48734
            ],
            "rotation": {
                "angle": 0,
                "axis": "y",
                "origin": [
                    8,
                    4.75,
                    8
                ]
            },
            "faces": {
                "up": {
                    "uv": [
                        6,
                        1.75,
                        8,
                        2
                    ],
                    "texture": "#1"
                }
            }
        },
        {
            "name": "R eyes",
            "from": [
                7.99231,
                5.9,
                6.38734
            ],
            "to": [
                11.99231,
                9.9,
                6.38734
            ],
            "rotation": {
                "angle": 0,
                "axis": "y",
                "origin": [
                    8,
                    4.75,
                    8
                ]
            },
            "faces": {
                "north": {
                    "uv": [
                        6,
                        0,
                        7,
                        1
                    ],
                    "texture": "#1"
                }
            }
        },
        {
            "name": "L eyes",
            "from": [
                3.99231,
                5.9,
                6.38734
            ],
            "to": [
                7.99231,
                9.9,
                6.38734
            ],
            "rotation": {
                "angle": 0,
                "axis": "y",
                "origin": [
                    8,
                    4.75,
                    8
                ]
            },
            "faces": {
                "north": {
                    "uv": [
                        7,
                        0,
                        8,
                        1
                    ],
                    "texture": "#1"
                }
            }
        },
        {
            "name": "Body",
            "from": [
                4.99231,
                0,
                7.99476
            ],
            "to": [
                10.99231,
                7,
                11.99476
            ],
            "rotation": {
                "angle": 0,
                "axis": "y",
                "origin": [
                    8,
                    5.75,
                    8
                ]
            },
            "faces": {
                "north": {
                    "uv": [
                        4,
                        5,
                        5.5,
                        6.75
                    ],
                    "texture": "#1"
                },
                "east": {
                    "uv": [
                        3,
                        5,
                        4,
                        6.75
                    ],
                    "texture": "#1"
                },
                "south": {
                    "uv": [
                        6.5,
                        5,
                        8,
                        6.75
                    ],
                    "texture": "#1"
                },
                "west": {
                    "uv": [
                        5.5,
                        5,
                        6.5,
                        6.75
                    ],
                    "texture": "#1"
                },
                "up": {
                    "uv": [
                        5.5,
                        5,
                        4,
                        4
                    ],
                    "texture": "#1"
                },
                "down": {
                    "uv": [
                        8,
                        4,
                        6.5,
                        5
                    ],
                    "texture": "#1"
                }
            }
        },
        {
            "name": "Body",
            "from": [
                4.89231,
                3.1,
                7.84476
            ],
            "to": [
                11.09231,
                7.3,
                12.04476
            ],
            "rotation": {
                "angle": 0,
                "axis": "y",
                "origin": [
                    8,
                    5.75,
                    8
                ]
            },
            "faces": {
                "north": {
                    "uv": [
                        4,
                        7.75,
                        5.5,
                        8.75
                    ],
                    "texture": "#1"
                },
                "east": {
                    "uv": [
                        3,
                        7.75,
                        4,
                        8.75
                    ],
                    "texture": "#1"
                },
                "south": {
                    "uv": [
                        6.5,
                        7.75,
                        8,
                        8.75
                    ],
                    "texture": "#1"
                },
                "west": {
                    "uv": [
                        5.5,
                        7.75,
                        6.5,
                        8.75
                    ],
                    "texture": "#1"
                },
                "up": {
                    "uv": [
                        5.5,
                        7.75,
                        4,
                        6.75
                    ],
                    "texture": "#1"
                },
                "down": {
                    "uv": [
                        8,
                        6.75,
                        6.5,
                        7.75
                    ],
                    "texture": "#1"
                }
            }
        },
        {
            "name": "Body",
            "from": [
                4.89231,
                -0.1,
                7.84476
            ],
            "to": [
                11.09231,
                3.1,
                12.04476
            ],
            "rotation": {
                "angle": 0,
                "axis": "y",
                "origin": [
                    8,
                    5.75,
                    8
                ]
            },
            "faces": {
                "north": {
                    "uv": [
                        4,
                        8.75,
                        5.5,
                        9.5
                    ],
                    "texture": "#1"
                },
                "east": {
                    "uv": [
                        3,
                        8.75,
                        4,
                        9.5
                    ],
                    "texture": "#1"
                },
                "south": {
                    "uv": [
                        6.5,
                        8.75,
                        8,
                        9.5
                    ],
                    "texture": "#1"
                },
                "west": {
                    "uv": [
                        5.5,
                        8.75,
                        6.5,
                        9.5
                    ],
                    "texture": "#1"
                },
                "down": {
                    "uv": [
                        8,
                        6.75,
                        6.5,
                        7.75
                    ],
                    "texture": "#1"
                }
            }
        },
        {
            "name": "Right Arm",
            "from": [
                8.59484,
                -1.0119,
                8.54476
            ],
            "to": [
                11.59484,
                4.9881,
                11.54476
            ],
            "rotation": {
                "angle": 22.5,
                "axis": "z",
                "origin": [
                    8,
                    5.75,
                    8
                ]
            },
            "faces": {
                "north": {
                    "uv": [
                        0.75,
                        4.75,
                        1.5,
                        6.25
                    ],
                    "texture": "#1"
                },
                "east": {
                    "uv": [
                        0,
                        4.75,
                        0.75,
                        6.25
                    ],
                    "texture": "#1"
                },
                "south": {
                    "uv": [
                        2.25,
                        4.75,
                        3,
                        6.25
                    ],
                    "texture": "#1"
                },
                "west": {
                    "uv": [
                        1.5,
                        4.75,
                        2.25,
                        6.25
                    ],
                    "texture": "#1"
                },
                "up": {
                    "uv": [
                        1.5,
                        4.75,
                        0.75,
                        4
                    ],
                    "texture": "#1"
                },
                "down": {
                    "uv": [
                        2.25,
                        4,
                        1.5,
                        4.75
                    ],
                    "texture": "#1"
                }
            }
        },
        {
            "name": "Right Arm",
            "from": [
                8.39484,
                -1.2119,
                8.34476
            ],
            "to": [
                11.79484,
                5.1881,
                11.74476
            ],
            "rotation": {
                "angle": 22.5,
                "axis": "z",
                "origin": [
                    8,
                    5.75,
                    8
                ]
            },
            "faces": {
                "north": {
                    "uv": [
                        0.75,
                        7,
                        1.5,
                        8.5
                    ],
                    "texture": "#1"
                },
                "east": {
                    "uv": [
                        0,
                        7,
                        0.75,
                        8.5
                    ],
                    "texture": "#1"
                },
                "south": {
                    "uv": [
                        2.25,
                        7,
                        3,
                        8.5
                    ],
                    "texture": "#1"
                },
                "west": {
                    "uv": [
                        1.5,
                        7,
                        2.25,
                        8.5
                    ],
                    "texture": "#1"
                },
                "up": {
                    "uv": [
                        1.5,
                        7,
                        0.75,
                        6.25
                    ],
                    "texture": "#1"
                },
                "down": {
                    "uv": [
                        2.25,
                        6.25,
                        1.5,
                        7
                    ],
                    "texture": "#1"
                }
            }
        },
        {
            "name": "LeftArm",
            "from": [
                4.40516,
                -1.0119,
                8.54476
            ],
            "to": [
                7.40516,
                4.9881,
                11.54476
            ],
            "rotation": {
                "angle": -22.5,
                "axis": "z",
                "origin": [
                    8,
                    5.75,
                    8
                ]
            },
            "faces": {
                "north": {
                    "uv": [
                        8.75,
                        4.75,
                        9.5,
                        6.25
                    ],
                    "texture": "#1"
                },
                "east": {
                    "uv": [
                        8,
                        4.75,
                        8.75,
                        6.25
                    ],
                    "texture": "#1"
                },
                "south": {
                    "uv": [
                        10.25,
                        4.75,
                        11,
                        6.25
                    ],
                    "texture": "#1"
                },
                "west": {
                    "uv": [
                        9.5,
                        4.75,
                        10.25,
                        6.25
                    ],
                    "texture": "#1"
                },
                "up": {
                    "uv": [
                        9.5,
                        4.75,
                        8.75,
                        4
                    ],
                    "texture": "#1"
                },
                "down": {
                    "uv": [
                        10.25,
                        4,
                        9.5,
                        4.75
                    ],
                    "texture": "#1"
                }
            }
        },
        {
            "name": "LeftArm",
            "from": [
                4.20516,
                -1.2119,
                8.34476
            ],
            "to": [
                7.60516,
                5.1881,
                11.74476
            ],
            "rotation": {
                "angle": -22.5,
                "axis": "z",
                "origin": [
                    8,
                    5.75,
                    8
                ]
            },
            "faces": {
                "north": {
                    "uv": [
                        8.75,
                        7,
                        9.5,
                        8.5
                    ],
                    "texture": "#1"
                },
                "east": {
                    "uv": [
                        8,
                        7,
                        8.75,
                        8.5
                    ],
                    "texture": "#1"
                },
                "south": {
                    "uv": [
                        10.25,
                        7,
                        11,
                        8.5
                    ],
                    "texture": "#1"
                },
                "west": {
                    "uv": [
                        9.5,
                        7,
                        10.25,
                        8.5
                    ],
                    "texture": "#1"
                },
                "up": {
                    "uv": [
                        9.5,
                        7,
                        8.75,
                        6.25
                    ],
                    "texture": "#1"
                },
                "down": {
                    "uv": [
                        10.25,
                        6.25,
                        9.5,
                        7
                    ],
                    "texture": "#1"
                }
            }
        },
        {
            "name": "Right Leg",
            "from": [
                8.38518,
                0.02,
                2.45981
            ],
            "to": [
                11.38518,
                3.02,
                7.45981
            ],
            "rotation": {
                "angle": -22.5,
                "axis": "y",
                "origin": [
                    8,
                    5.75,
                    8
                ]
            },
            "faces": {
                "north": {
                    "uv": [
                        1.5,
                        8.5,
                        2.25,
                        9.25
                    ],
                    "texture": "#1"
                },
                "east": {
                    "uv": [
                        0,
                        9.25,
                        0.75,
                        10.5
                    ],
                    "rotation": 270,
                    "texture": "#1"
                },
                "south": {
                    "uv": [
                        0.75,
                        9.25,
                        1.5,
                        8.5
                    ],
                    "texture": "#1"
                },
                "west": {
                    "uv": [
                        1.5,
                        9.25,
                        2.25,
                        10.5
                    ],
                    "rotation": 90,
                    "texture": "#1"
                },
                "up": {
                    "uv": [
                        0.75,
                        9.25,
                        1.5,
                        10.5
                    ],
                    "rotation": 180,
                    "texture": "#1"
                },
                "down": {
                    "uv": [
                        2.25,
                        9.25,
                        3,
                        10.5
                    ],
                    "texture": "#1"
                }
            }
        },
        {
            "name": "Right Leg",
            "from": [
                8.18518,
                -0.18,
                2.25981
            ],
            "to": [
                11.58518,
                3.22,
                7.65981
            ],
            "rotation": {
                "angle": -22.5,
                "axis": "y",
                "origin": [
                    8,
                    5.75,
                    8
                ]
            },
            "faces": {
                "north": {
                    "uv": [
                        1.5,
                        10.5,
                        2.25,
                        11.25
                    ],
                    "texture": "#1"
                },
                "east": {
                    "uv": [
                        0,
                        11.25,
                        0.75,
                        12.5
                    ],
                    "rotation": 270,
                    "texture": "#1"
                },
                "south": {
                    "uv": [
                        0.75,
                        11.25,
                        1.5,
                        10.5
                    ],
                    "texture": "#1"
                },
                "west": {
                    "uv": [
                        1.5,
                        11.25,
                        2.25,
                        12.5
                    ],
                    "rotation": 90,
                    "texture": "#1"
                },
                "up": {
                    "uv": [
                        0.75,
                        11.25,
                        1.5,
                        12.5
                    ],
                    "rotation": 180,
                    "texture": "#1"
                },
                "down": {
                    "uv": [
                        2.25,
                        11.25,
                        3,
                        12.5
                    ],
                    "texture": "#1"
                }
            }
        },
        {
            "name": "Left Leg",
            "from": [
                4.62069,
                0.02,
                2.60982
            ],
            "to": [
                7.62069,
                3.02,
                7.60982
            ],
            "rotation": {
                "angle": 22.5,
                "axis": "y",
                "origin": [
                    8,
                    5.75,
                    8
                ]
            },
            "faces": {
                "north": {
                    "uv": [
                        9.5,
                        8.5,
                        10.25,
                        9.25
                    ],
                    "texture": "#1"
                },
                "east": {
                    "uv": [
                        8,
                        9.25,
                        8.75,
                        10.5
                    ],
                    "rotation": 270,
                    "texture": "#1"
                },
                "south": {
                    "uv": [
                        9.5,
                        9.25,
                        8.75,
                        8.5
                    ],
                    "texture": "#1"
                },
                "west": {
                    "uv": [
                        9.5,
                        9.25,
                        10.25,
                        10.5
                    ],
                    "rotation": 90,
                    "texture": "#1"
                },
                "up": {
                    "uv": [
                        8.75,
                        9.25,
                        9.5,
                        10.5
                    ],
                    "rotation": 180,
                    "texture": "#1"
                },
                "down": {
                    "uv": [
                        10.25,
                        9.25,
                        11,
                        10.5
                    ],
                    "texture": "#1"
                }
            }
        },
        {
            "name": "Left Leg",
            "from": [
                4.42069,
                -0.18,
                2.40982
            ],
            "to": [
                7.82069,
                3.22,
                7.80982
            ],
            "rotation": {
                "angle": 22.5,
                "axis": "y",
                "origin": [
                    8,
                    5.75,
                    8
                ]
            },
            "faces": {
                "north": {
                    "uv": [
                        9.5,
                        10.5,
                        10.25,
                        11.25
                    ],
                    "texture": "#1"
                },
                "east": {
                    "uv": [
                        8,
                        11.25,
                        8.75,
                        12.5
                    ],
                    "rotation": 270,
                    "texture": "#1"
                },
                "south": {
                    "uv": [
                        9.5,
                        11.25,
                        8.75,
                        10.5
                    ],
                    "texture": "#1"
                },
                "west": {
                    "uv": [
                        9.5,
                        11.25,
                        10.25,
                        12.5
                    ],
                    "rotation": 90,
                    "texture": "#1"
                },
                "up": {
                    "uv": [
                        8.75,
                        11.25,
                        9.5,
                        12.5
                    ],
                    "rotation": 180,
                    "texture": "#1"
                },
                "down": {
                    "uv": [
                        10.25,
                        11.25,
                        11,
                        12.5
                    ],
                    "texture": "#1"
                }
            }
        }
    ],
    "display": {
        "thirdperson_righthand": {
            "rotation": [
                75,
                45,
                0
            ],
            "translation": [
                0,
                2.5,
                0
            ],
            "scale": [
                0.375,
                0.375,
                0.375
            ]
        },
        "thirdperson_lefthand": {
            "rotation": [
                75,
                45,
                0
            ],
            "translation": [
                0,
                2.5,
                0
            ],
            "scale": [
                0.375,
                0.375,
                0.375
            ]
        },
        "firstperson_righthand": {
            "rotation": [
                -9,
                155,
                -3
            ],
            "translation": [
                0.5,
                4,
                0
            ],
            "scale": [
                0.5,
                0.5,
                0.5
            ]
        },
        "firstperson_lefthand": {
            "rotation": [
                162.6,
                67.03,
                -171.79
            ],
            "translation": [
                0.5,
                4,
                0
            ],
            "scale": [
                0.5,
                0.5,
                0.5
            ]
        },
        "ground": {
            "translation": [
                0,
                2,
                0
            ],
            "scale": [
                0.5,
                0.5,
                0.5
            ]
        },
        "gui": {
            "rotation": [
                30,
                -135,
                0
            ],
            "translation": [
                0,
                0.25,
                0
            ],
            "scale": [
                0.84,
                0.84,
                0.84
            ]
        },
        "head": {
            "translation": [
                0,
                14.5,
                0
            ]
        },
        "fixed": {
            "rotation": [
                2,
                0,
                0
            ],
            "translation": [
                0,
                0,
                -2.5
            ]
        }
    },
    "groups": [
        {
            "name": "Head",
            "origin": [
                8.09231,
                24,
                8.08734
            ],
            "color": 0,
            "children": [
                0,
                1
            ]
        },
        {
            "name": "eyes",
            "origin": [
                7.59231,
                8,
                6.68734
            ],
            "color": 0,
            "children": [
                {
                    "name": "eyes",
                    "origin": [
                        8,
                        5.75,
                        8
                    ],
                    "color": 0,
                    "children": [
                        2,
                        3,
                        4
                    ]
                },
                5,
                6
            ]
        },
        {
            "name": "Body",
            "origin": [
                8.09231,
                24,
                8.08734
            ],
            "color": 0,
            "children": [
                7,
                {
                    "name": "Body",
                    "origin": [
                        8.09231,
                        24,
                        8.08734
                    ],
                    "color": 0,
                    "children": [
                        8,
                        9
                    ]
                }
            ]
        },
        {
            "name": "RightArm",
            "origin": [
                13.09231,
                22,
                8.08734
            ],
            "color": 0,
            "children": [
                10,
                11
            ]
        },
        {
            "name": "LeftArm",
            "origin": [
                3.09231,
                22,
                8.08734
            ],
            "color": 0,
            "children": [
                12,
                13
            ]
        },
        {
            "name": "RightLeg",
            "origin": [
                9.99231,
                12,
                8.08734
            ],
            "color": 0,
            "children": [
                14,
                15
            ]
        },
        {
            "name": "LeftLeg",
            "origin": [
                6.19231,
                12,
                8.08734
            ],
            "color": 0,
            "children": [
                16,
                17
            ]
        }
    ]
}