{
    "credit": "by YSBB  2025",
    "texture_size": [
        64,
        64
    ],
    "textures": {
        "0": "kaleidoscope:block/doll/s/claoc",
        "1": "kaleidoscope:block/doll/s/claoc",
        "2": "kaleidoscope:block/doll/s/claoc",
        "3": "kaleidoscope:block/doll/s/claoc",
        "particle": "kaleidoscope:block/doll/s/claoc"
    },
    "elements": [
        {
            "from": [
                8.25,
                0.02,
                2.35
            ],
            "to": [
                11.25,
                3.02,
                7.35
            ],
            "rotation": {
                "angle": -22.5,
                "axis": "y",
                "origin": [
                    6.75,
                    7.6625,
                    7.17871
                ]
            },
            "faces": {
                "north": {
                    "uv": [
                        2.5,
                        6.75,
                        3.25,
                        7.5
                    ],
                    "texture": "#1"
                },
                "east": {
                    "uv": [
                        3.25,
                        5.25,
                        2.5,
                        6.5
                    ],
                    "rotation": 270,
                    "texture": "#1"
                },
                "west": {
                    "uv": [
                        2.5,
                        5.25,
                        3.25,
                        6.5
                    ],
                    "rotation": 90,
                    "texture": "#1"
                },
                "up": {
                    "uv": [
                        2.5,
                        5.25,
                        3.25,
                        6.5
                    ],
                    "rotation": 180,
                    "texture": "#1"
                },
                "down": {
                    "uv": [
                        2.5,
                        5.25,
                        3.25,
                        6.5
                    ],
                    "texture": "#1"
                }
            }
        },
        {
            "from": [
                8.15,
                -0.08,
                5.5
            ],
            "to": [
                11.35,
                3.12,
                6.45
            ],
            "rotation": {
                "angle": -22.5,
                "axis": "y",
                "origin": [
                    6.75,
                    7.6625,
                    7.17871
                ]
            },
            "faces": {
                "east": {
                    "uv": [
                        4.25,
                        4.5,
                        3.5,
                        4.75
                    ],
                    "rotation": 270,
                    "texture": "#1"
                },
                "west": {
                    "uv": [
                        3.5,
                        4.5,
                        4.25,
                        4.75
                    ],
                    "rotation": 90,
                    "texture": "#1"
                },
                "up": {
                    "uv": [
                        2.5,
                        4.5,
                        3.25,
                        4.75
                    ],
                    "rotation": 180,
                    "texture": "#1"
                },
                "down": {
                    "uv": [
                        5,
                        4.25,
                        5.75,
                        4.5
                    ],
                    "texture": "#1"
                }
            }
        },
        {
            "from": [
                8.15,
                -0.08,
                4
            ],
            "to": [
                11.35,
                3.12,
                4.95
            ],
            "rotation": {
                "angle": -22.5,
                "axis": "y",
                "origin": [
                    6.75,
                    7.6625,
                    7.17871
                ]
            },
            "faces": {
                "east": {
                    "uv": [
                        4.25,
                        4.5,
                        3.5,
                        4.75
                    ],
                    "rotation": 270,
                    "texture": "#1"
                },
                "west": {
                    "uv": [
                        3.5,
                        4.5,
                        4.25,
                        4.75
                    ],
                    "rotation": 90,
                    "texture": "#1"
                },
                "up": {
                    "uv": [
                        2.5,
                        4.5,
                        3.25,
                        4.75
                    ],
                    "rotation": 180,
                    "texture": "#1"
                },
                "down": {
                    "uv": [
                        5,
                        4.5,
                        5.75,
                        4.75
                    ],
                    "texture": "#1"
                }
            }
        },
        {
            "from": [
                3.9,
                -0.08,
                5.9
            ],
            "to": [
                7.1,
                3.12,
                6.85
            ],
            "rotation": {
                "angle": 22.5,
                "axis": "y",
                "origin": [
                    7.5,
                    7.6625,
                    7.82871
                ]
            },
            "faces": {
                "east": {
                    "uv": [
                        4.25,
                        4.5,
                        3.5,
                        4.75
                    ],
                    "rotation": 270,
                    "texture": "#1"
                },
                "west": {
                    "uv": [
                        3.5,
                        4.5,
                        4.25,
                        4.75
                    ],
                    "rotation": 90,
                    "texture": "#1"
                },
                "up": {
                    "uv": [
                        2.75,
                        4.5,
                        3.5,
                        4.75
                    ],
                    "rotation": 180,
                    "texture": "#1"
                },
                "down": {
                    "uv": [
                        5.5,
                        4.25,
                        6.25,
                        4.5
                    ],
                    "texture": "#1"
                }
            }
        },
        {
            "from": [
                3.9,
                -0.08,
                4.4
            ],
            "to": [
                7.1,
                3.12,
                5.35
            ],
            "rotation": {
                "angle": 22.5,
                "axis": "y",
                "origin": [
                    7.5,
                    7.6625,
                    7.82871
                ]
            },
            "faces": {
                "east": {
                    "uv": [
                        4.25,
                        4.75,
                        3.5,
                        4.5
                    ],
                    "rotation": 270,
                    "texture": "#1"
                },
                "west": {
                    "uv": [
                        3.5,
                        4.5,
                        4.25,
                        4.75
                    ],
                    "rotation": 90,
                    "texture": "#1"
                },
                "up": {
                    "uv": [
                        2.75,
                        4.5,
                        3.5,
                        4.75
                    ],
                    "rotation": 180,
                    "texture": "#1"
                },
                "down": {
                    "uv": [
                        5.75,
                        4.25,
                        6.5,
                        4.5
                    ],
                    "texture": "#1"
                }
            }
        },
        {
            "from": [
                4,
                0.02,
                2.75
            ],
            "to": [
                7,
                3.02,
                7.75
            ],
            "rotation": {
                "angle": 22.5,
                "axis": "y",
                "origin": [
                    7.5,
                    7.6625,
                    7.82871
                ]
            },
            "faces": {
                "north": {
                    "uv": [
                        3.5,
                        6.75,
                        4.25,
                        7.5
                    ],
                    "texture": "#1"
                },
                "east": {
                    "uv": [
                        3.5,
                        5.25,
                        4.25,
                        6.5
                    ],
                    "rotation": 270,
                    "texture": "#1"
                },
                "west": {
                    "uv": [
                        4.25,
                        5.25,
                        3.5,
                        6.5
                    ],
                    "rotation": 90,
                    "texture": "#1"
                },
                "up": {
                    "uv": [
                        2.5,
                        5.25,
                        3.25,
                        6.5
                    ],
                    "rotation": 180,
                    "texture": "#1"
                },
                "down": {
                    "uv": [
                        3.5,
                        5.25,
                        4.25,
                        6.5
                    ],
                    "texture": "#1"
                }
            }
        },
        {
            "from": [
                3.5,
                6,
                6
            ],
            "to": [
                11.5,
                14,
                14
            ],
            "rotation": {
                "angle": 0,
                "axis": "y",
                "origin": [
                    7.5,
                    10,
                    9.40742
                ]
            },
            "faces": {
                "north": {
                    "uv": [
                        2,
                        2,
                        4,
                        4
                    ],
                    "texture": "#1"
                },
                "east": {
                    "uv": [
                        0,
                        2,
                        2,
                        4
                    ],
                    "texture": "#1"
                },
                "south": {
                    "uv": [
                        6,
                        2,
                        8,
                        4
                    ],
                    "texture": "#1"
                },
                "west": {
                    "uv": [
                        4,
                        2,
                        6,
                        4
                    ],
                    "texture": "#1"
                },
                "up": {
                    "uv": [
                        4,
                        2,
                        2,
                        0
                    ],
                    "texture": "#1"
                },
                "down": {
                    "uv": [
                        6,
                        0,
                        4,
                        2
                    ],
                    "texture": "#1"
                }
            }
        },
        {
            "from": [
                3.2,
                5.7,
                5.45
            ],
            "to": [
                11.8,
                14.3,
                14.3
            ],
            "rotation": {
                "angle": 0,
                "axis": "y",
                "origin": [
                    7.5,
                    10,
                    9.40742
                ]
            },
            "faces": {
                "north": {
                    "uv": [
                        10,
                        2,
                        12,
                        4
                    ],
                    "texture": "#1"
                },
                "east": {
                    "uv": [
                        8,
                        2,
                        10,
                        4
                    ],
                    "texture": "#1"
                },
                "south": {
                    "uv": [
                        14,
                        2,
                        16,
                        4
                    ],
                    "texture": "#1"
                },
                "west": {
                    "uv": [
                        12,
                        2,
                        14,
                        4
                    ],
                    "texture": "#1"
                },
                "up": {
                    "uv": [
                        14,
                        2,
                        12,
                        0
                    ],
                    "texture": "#1"
                },
                "down": {
                    "uv": [
                        14,
                        0,
                        12,
                        2
                    ],
                    "texture": "#1"
                }
            }
        },
        {
            "from": [
                3.2,
                9.62,
                4.45
            ],
            "to": [
                11.8,
                13.22,
                5.45
            ],
            "rotation": {
                "angle": 0,
                "axis": "y",
                "origin": [
                    7.5,
                    11.1,
                    9.40742
                ]
            },
            "faces": {
                "north": {
                    "uv": [
                        11,
                        7.75,
                        13,
                        8.5
                    ],
                    "texture": "#1"
                },
                "east": {
                    "uv": [
                        11,
                        7.75,
                        11.25,
                        8.5
                    ],
                    "texture": "#1"
                },
                "south": {
                    "uv": [
                        11,
                        7.75,
                        13,
                        8.5
                    ],
                    "texture": "#1"
                },
                "west": {
                    "uv": [
                        12.75,
                        7.75,
                        13,
                        8.5
                    ],
                    "texture": "#1"
                },
                "up": {
                    "uv": [
                        13,
                        8,
                        11,
                        7.75
                    ],
                    "texture": "#1"
                },
                "down": {
                    "uv": [
                        13,
                        7.75,
                        11,
                        8
                    ],
                    "texture": "#1"
                }
            }
        },
        {
            "from": [
                3.2,
                11.1,
                5.45
            ],
            "to": [
                11.8,
                13.2,
                8.7
            ],
            "rotation": {
                "angle": 0,
                "axis": "y",
                "origin": [
                    7.5,
                    10,
                    9.40742
                ]
            },
            "faces": {
                "north": {
                    "uv": [
                        11,
                        7.75,
                        13,
                        8.5
                    ],
                    "texture": "#1"
                },
                "east": {
                    "uv": [
                        9.25,
                        2.25,
                        10,
                        2.75
                    ],
                    "texture": "#1"
                },
                "south": {
                    "uv": [
                        11,
                        7.75,
                        13,
                        8.5
                    ],
                    "texture": "#1"
                },
                "west": {
                    "uv": [
                        12,
                        2.25,
                        12.75,
                        2.75
                    ],
                    "texture": "#1"
                },
                "up": {
                    "uv": [
                        13,
                        8,
                        11,
                        7.75
                    ],
                    "texture": "#1"
                },
                "down": {
                    "uv": [
                        13,
                        7.75,
                        11,
                        8
                    ],
                    "texture": "#1"
                }
            }
        },
        {
            "from": [
                6.4,
                13.2,
                6.45
            ],
            "to": [
                8.6,
                14.8,
                11.45
            ],
            "rotation": {
                "angle": 0,
                "axis": "y",
                "origin": [
                    7.5,
                    10,
                    9.40742
                ]
            },
            "faces": {
                "north": {
                    "uv": [
                        11,
                        8,
                        11.5,
                        8.5
                    ],
                    "texture": "#1"
                },
                "east": {
                    "uv": [
                        11,
                        7.75,
                        11.25,
                        8.5
                    ],
                    "texture": "#1"
                },
                "south": {
                    "uv": [
                        11,
                        7.75,
                        13,
                        8.5
                    ],
                    "texture": "#1"
                },
                "west": {
                    "uv": [
                        12.75,
                        7.75,
                        13,
                        8.5
                    ],
                    "texture": "#1"
                },
                "up": {
                    "uv": [
                        11.25,
                        8,
                        11,
                        7.75
                    ],
                    "texture": "#1"
                },
                "down": {
                    "uv": [
                        13,
                        7.75,
                        11,
                        8
                    ],
                    "texture": "#1"
                }
            }
        },
        {
            "from": [
                2.4,
                8.9,
                9.85
            ],
            "to": [
                3.6,
                11.1,
                12.1
            ],
            "rotation": {
                "angle": 0,
                "axis": "y",
                "origin": [
                    7.5,
                    10,
                    9.40742
                ]
            },
            "faces": {
                "north": {
                    "uv": [
                        13,
                        2.75,
                        13.2375,
                        3.2375
                    ],
                    "texture": "#1"
                },
                "east": {
                    "uv": [
                        13,
                        2.75,
                        13.5,
                        3.2375
                    ],
                    "texture": "#1"
                },
                "south": {
                    "uv": [
                        13,
                        2.75,
                        13.2375,
                        3.2375
                    ],
                    "texture": "#1"
                },
                "west": {
                    "uv": [
                        13,
                        2.75,
                        13.5,
                        3.2375
                    ],
                    "texture": "#1"
                },
                "up": {
                    "uv": [
                        13.2375,
                        3.25,
                        13,
                        2.75
                    ],
                    "texture": "#1"
                },
                "down": {
                    "uv": [
                        11.3,
                        7.75,
                        11,
                        8.3125
                    ],
                    "texture": "#1"
                }
            }
        },
        {
            "from": [
                11.4,
                8.9,
                9.85
            ],
            "to": [
                12.6,
                11.1,
                12.1
            ],
            "rotation": {
                "angle": 0,
                "axis": "y",
                "origin": [
                    7.5,
                    10,
                    9.40742
                ]
            },
            "faces": {
                "north": {
                    "uv": [
                        13,
                        2.75,
                        13.2375,
                        3.2375
                    ],
                    "texture": "#1"
                },
                "east": {
                    "uv": [
                        13,
                        2.75,
                        13.5,
                        3.2375
                    ],
                    "texture": "#1"
                },
                "south": {
                    "uv": [
                        13,
                        2.75,
                        13.2375,
                        3.2375
                    ],
                    "texture": "#1"
                },
                "west": {
                    "uv": [
                        13,
                        2.75,
                        13.5,
                        3.2375
                    ],
                    "texture": "#1"
                },
                "up": {
                    "uv": [
                        13.2375,
                        3.25,
                        13,
                        2.75
                    ],
                    "texture": "#1"
                },
                "down": {
                    "uv": [
                        11.3,
                        7.75,
                        11,
                        8.3125
                    ],
                    "texture": "#1"
                }
            }
        },
        {
            "from": [
                3.2,
                5.7,
                5.7
            ],
            "to": [
                11.8,
                14.3,
                5.7
            ],
            "rotation": {
                "angle": 0,
                "axis": "y",
                "origin": [
                    7.5,
                    10,
                    9.40742
                ]
            },
            "faces": {
                "north": {
                    "uv": [
                        12,
                        4.25,
                        14,
                        6.25
                    ],
                    "texture": "#1"
                }
            }
        },
        {
            "from": [
                4.5,
                0,
                7.90742
            ],
            "to": [
                10.5,
                7,
                11.90742
            ],
            "rotation": {
                "angle": 0,
                "axis": "y",
                "origin": [
                    7,
                    7.9125,
                    8.32871
                ]
            },
            "faces": {
                "north": {
                    "uv": [
                        5.25,
                        5,
                        6.75,
                        6.75
                    ],
                    "texture": "#1"
                },
                "east": {
                    "uv": [
                        8,
                        5,
                        7,
                        6.75
                    ],
                    "texture": "#1"
                },
                "south": {
                    "uv": [
                        8.25,
                        5,
                        9.75,
                        6.75
                    ],
                    "texture": "#1"
                },
                "west": {
                    "uv": [
                        7,
                        5,
                        8,
                        6.75
                    ],
                    "texture": "#1"
                },
                "down": {
                    "uv": [
                        6.75,
                        7,
                        5.25,
                        8
                    ],
                    "texture": "#1"
                }
            }
        },
        {
            "from": [
                7.12215,
                -1.6156,
                8.45742
            ],
            "to": [
                10.12215,
                4.3844,
                11.45742
            ],
            "rotation": {
                "angle": 22.5,
                "axis": "z",
                "origin": [
                    5.5,
                    7.9125,
                    7.57871
                ]
            },
            "faces": {
                "north": {
                    "uv": [
                        1.5,
                        5,
                        2.25,
                        6.5
                    ],
                    "texture": "#1"
                },
                "east": {
                    "uv": [
                        1.5,
                        5,
                        2.25,
                        6.5
                    ],
                    "texture": "#1"
                },
                "south": {
                    "uv": [
                        1.5,
                        5,
                        2.25,
                        6.5
                    ],
                    "texture": "#1"
                },
                "west": {
                    "uv": [
                        1.5,
                        5,
                        2.25,
                        6.5
                    ],
                    "texture": "#1"
                },
                "down": {
                    "uv": [
                        2.25,
                        6.75,
                        1.5,
                        7.5
                    ],
                    "texture": "#1"
                }
            }
        },
        {
            "from": [
                7.02215,
                0.2844,
                8.35742
            ],
            "to": [
                10.22215,
                1.9844,
                11.55742
            ],
            "rotation": {
                "angle": 22.5,
                "axis": "z",
                "origin": [
                    5.5,
                    7.9125,
                    7.57871
                ]
            },
            "faces": {
                "north": {
                    "uv": [
                        1.5,
                        4.25,
                        2.25,
                        4.75
                    ],
                    "texture": "#1"
                },
                "east": {
                    "uv": [
                        1.5,
                        4.25,
                        2.25,
                        4.75
                    ],
                    "texture": "#1"
                },
                "south": {
                    "uv": [
                        1.5,
                        4.25,
                        2.25,
                        4.75
                    ],
                    "texture": "#1"
                },
                "west": {
                    "uv": [
                        1.5,
                        4.25,
                        2.25,
                        4.75
                    ],
                    "texture": "#1"
                }
            }
        },
        {
            "from": [
                13.12626,
                1.24065,
                9.35742
            ],
            "to": [
                13.12626,
                2.44065,
                10.55742
            ],
            "rotation": {
                "angle": 22.5,
                "axis": "z",
                "origin": [
                    13.12626,
                    1.84065,
                    9.95742
                ]
            },
            "faces": {
                "north": {
                    "uv": [
                        1.5,
                        4.25,
                        2.25,
                        4.75
                    ],
                    "texture": "#1"
                },
                "east": {
                    "uv": [
                        0.75,
                        7.75,
                        1.2375,
                        8.2375
                    ],
                    "texture": "#1"
                },
                "south": {
                    "uv": [
                        1.5,
                        4.25,
                        2.25,
                        4.75
                    ],
                    "texture": "#1"
                },
                "west": {
                    "uv": [
                        1.5,
                        4.25,
                        2.25,
                        4.75
                    ],
                    "texture": "#1"
                }
            }
        },
        {
            "from": [
                1.87626,
                0.94065,
                9.35742
            ],
            "to": [
                1.87626,
                2.14065,
                10.55742
            ],
            "rotation": {
                "angle": -22.5,
                "axis": "z",
                "origin": [
                    1.12626,
                    1.84065,
                    9.95742
                ]
            },
            "faces": {
                "north": {
                    "uv": [
                        1.5,
                        4.25,
                        2.25,
                        4.75
                    ],
                    "rotation": 180,
                    "texture": "#1"
                },
                "east": {
                    "uv": [
                        1.5,
                        4.25,
                        2.25,
                        4.75
                    ],
                    "rotation": 180,
                    "texture": "#1"
                },
                "south": {
                    "uv": [
                        1.5,
                        4.25,
                        2.25,
                        4.75
                    ],
                    "rotation": 180,
                    "texture": "#1"
                },
                "west": {
                    "uv": [
                        0.75,
                        7.75,
                        1.2375,
                        8.2375
                    ],
                    "rotation": 180,
                    "texture": "#1"
                }
            }
        },
        {
            "from": [
                2.63269,
                0.07612,
                8.45742
            ],
            "to": [
                5.63269,
                6.07612,
                11.45742
            ],
            "rotation": {
                "angle": -22.5,
                "axis": "z",
                "origin": [
                    4.13269,
                    3.07612,
                    9.95742
                ]
            },
            "faces": {
                "north": {
                    "uv": [
                        0.5,
                        5,
                        1.25,
                        6.5
                    ],
                    "texture": "#1"
                },
                "east": {
                    "uv": [
                        0.5,
                        5,
                        1.25,
                        6.5
                    ],
                    "texture": "#1"
                },
                "south": {
                    "uv": [
                        0.5,
                        5,
                        1.25,
                        6.5
                    ],
                    "texture": "#1"
                },
                "west": {
                    "uv": [
                        0.5,
                        5,
                        1.25,
                        6.5
                    ],
                    "texture": "#1"
                },
                "down": {
                    "uv": [
                        1.25,
                        6.75,
                        0.5,
                        7.5
                    ],
                    "texture": "#1"
                }
            }
        },
        {
            "from": [
                2.53269,
                1.97612,
                8.35742
            ],
            "to": [
                5.73269,
                3.67612,
                11.55742
            ],
            "rotation": {
                "angle": -22.5,
                "axis": "z",
                "origin": [
                    4.13269,
                    3.07612,
                    9.95742
                ]
            },
            "faces": {
                "north": {
                    "uv": [
                        0.5,
                        4.25,
                        1.25,
                        4.75
                    ],
                    "texture": "#1"
                },
                "east": {
                    "uv": [
                        0.5,
                        4.25,
                        1.25,
                        4.75
                    ],
                    "texture": "#1"
                },
                "south": {
                    "uv": [
                        0.5,
                        4.25,
                        1.25,
                        4.75
                    ],
                    "texture": "#1"
                },
                "west": {
                    "uv": [
                        0.5,
                        4.25,
                        1.25,
                        4.75
                    ],
                    "texture": "#1"
                }
            }
        },
        {
            "from": [
                5.5,
                9,
                9.5
            ],
            "to": [
                9.5,
                16,
                15.5
            ],
            "faces": {
                "north": {
                    "uv": [
                        0.75,
                        10.25,
                        1.75,
                        12
                    ],
                    "texture": "#1"
                },
                "east": {
                    "uv": [
                        0.75,
                        10.25,
                        2.25,
                        12
                    ],
                    "texture": "#1"
                },
                "south": {
                    "uv": [
                        0.75,
                        10.25,
                        1.75,
                        12
                    ],
                    "texture": "#1"
                },
                "west": {
                    "uv": [
                        0.75,
                        10.5,
                        2.25,
                        12
                    ],
                    "texture": "#1"
                },
                "up": {
                    "uv": [
                        0.75,
                        10.25,
                        1.75,
                        11.75
                    ],
                    "texture": "#1"
                },
                "down": {
                    "uv": [
                        0.75,
                        10.25,
                        1.75,
                        11.75
                    ],
                    "texture": "#1"
                }
            }
        },
        {
            "from": [
                5.5,
                11,
                10.5
            ],
            "to": [
                9.5,
                17,
                16.5
            ],
            "faces": {
                "north": {
                    "uv": [
                        0.75,
                        10.25,
                        1.75,
                        11.75
                    ],
                    "texture": "#1"
                },
                "east": {
                    "uv": [
                        0.75,
                        10.25,
                        2.25,
                        11.75
                    ],
                    "texture": "#1"
                },
                "south": {
                    "uv": [
                        13,
                        2.75,
                        13.5,
                        3
                    ],
                    "texture": "#1"
                },
                "west": {
                    "uv": [
                        0.75,
                        10.5,
                        2.25,
                        11.75
                    ],
                    "texture": "#1"
                },
                "up": {
                    "uv": [
                        13,
                        2.75,
                        13.5,
                        3
                    ],
                    "texture": "#1"
                },
                "down": {
                    "uv": [
                        0.75,
                        10.25,
                        1.75,
                        11.75
                    ],
                    "texture": "#1"
                }
            }
        },
        {
            "from": [
                5.5,
                8,
                14.5
            ],
            "to": [
                9.5,
                11,
                17.5
            ],
            "faces": {
                "north": {
                    "uv": [
                        0.75,
                        10.25,
                        1.75,
                        11.5
                    ],
                    "texture": "#1"
                },
                "east": {
                    "uv": [
                        0.75,
                        10.25,
                        1.25,
                        11.5
                    ],
                    "texture": "#1"
                },
                "south": {
                    "uv": [
                        13,
                        2.75,
                        13.5,
                        3
                    ],
                    "texture": "#1"
                },
                "west": {
                    "uv": [
                        0.75,
                        10.5,
                        1.25,
                        11.5
                    ],
                    "texture": "#1"
                },
                "up": {
                    "uv": [
                        0.75,
                        10.25,
                        1.75,
                        10.75
                    ],
                    "texture": "#1"
                },
                "down": {
                    "uv": [
                        0.75,
                        10.25,
                        1.75,
                        10.75
                    ],
                    "texture": "#1"
                }
            }
        },
        {
            "from": [
                6,
                1,
                1
            ],
            "to": [
                9,
                3,
                4.8
            ],
            "rotation": {
                "angle": 0,
                "axis": "y",
                "origin": [
                    7.5,
                    3.25,
                    3.25
                ]
            },
            "faces": {
                "north": {
                    "uv": [
                        8.125,
                        11.5,
                        9.875,
                        12.5
                    ],
                    "texture": "#1"
                },
                "east": {
                    "uv": [
                        9.5,
                        11.25,
                        10.5,
                        11.75
                    ],
                    "texture": "#1"
                },
                "south": {
                    "uv": [
                        9.5,
                        11.25,
                        10.25,
                        11.75
                    ],
                    "texture": "#1"
                },
                "west": {
                    "uv": [
                        9.5,
                        11.25,
                        10.5,
                        11.75
                    ],
                    "texture": "#1"
                },
                "up": {
                    "uv": [
                        9.5,
                        11.25,
                        10.25,
                        12.25
                    ],
                    "texture": "#1"
                },
                "down": {
                    "uv": [
                        9.5,
                        11.25,
                        10.25,
                        12.25
                    ],
                    "texture": "#1"
                }
            }
        },
        {
            "from": [
                7,
                2.5,
                1
            ],
            "to": [
                8,
                3.5,
                4.9
            ],
            "rotation": {
                "angle": 0,
                "axis": "y",
                "origin": [
                    7.5,
                    3.25,
                    3.25
                ]
            },
            "faces": {
                "north": {
                    "uv": [
                        8.125,
                        11.5,
                        8.375,
                        12.5
                    ],
                    "texture": "#1"
                },
                "east": {
                    "uv": [
                        9.5,
                        11.25,
                        10.5,
                        11.75
                    ],
                    "texture": "#1"
                },
                "south": {
                    "uv": [
                        9.5,
                        11.25,
                        10.25,
                        11.75
                    ],
                    "texture": "#1"
                },
                "west": {
                    "uv": [
                        9.5,
                        11.25,
                        10.5,
                        11.75
                    ],
                    "texture": "#1"
                },
                "up": {
                    "uv": [
                        9.5,
                        11.25,
                        10.25,
                        12.25
                    ],
                    "texture": "#1"
                },
                "down": {
                    "uv": [
                        9.5,
                        11.25,
                        10.25,
                        12.25
                    ],
                    "texture": "#1"
                }
            }
        },
        {
            "from": [
                9,
                1.5,
                0.5
            ],
            "to": [
                9.5,
                3.5,
                1.75
            ],
            "rotation": {
                "angle": 0,
                "axis": "y",
                "origin": [
                    7.5,
                    3.25,
                    3.25
                ]
            },
            "faces": {
                "north": {
                    "uv": [
                        11.25,
                        12.625,
                        11.625,
                        13.125
                    ],
                    "texture": "#1"
                },
                "east": {
                    "uv": [
                        11.375,
                        12.625,
                        11.6875,
                        13.125
                    ],
                    "texture": "#1"
                },
                "south": {
                    "uv": [
                        11.325,
                        12.5,
                        11.85,
                        13.175
                    ],
                    "texture": "#1"
                },
                "west": {
                    "uv": [
                        11.3,
                        12.325,
                        11.825,
                        13.225
                    ],
                    "texture": "#1"
                },
                "up": {
                    "uv": [
                        11.25,
                        11.75,
                        11.5,
                        12.25
                    ],
                    "texture": "#1"
                },
                "down": {
                    "uv": [
                        11.25,
                        11.75,
                        11.5,
                        12.25
                    ],
                    "texture": "#1"
                }
            }
        },
        {
            "from": [
                9,
                1.5,
                2.25
            ],
            "to": [
                9.5,
                3.5,
                3.5
            ],
            "rotation": {
                "angle": 0,
                "axis": "y",
                "origin": [
                    7.5,
                    3.25,
                    3.25
                ]
            },
            "faces": {
                "north": {
                    "uv": [
                        11.25,
                        12.625,
                        11.625,
                        13.125
                    ],
                    "texture": "#1"
                },
                "east": {
                    "uv": [
                        11.375,
                        12.625,
                        11.6875,
                        13.125
                    ],
                    "texture": "#1"
                },
                "south": {
                    "uv": [
                        11.325,
                        12.5,
                        11.85,
                        13.175
                    ],
                    "texture": "#1"
                },
                "west": {
                    "uv": [
                        11.3,
                        12.325,
                        11.825,
                        13.225
                    ],
                    "texture": "#1"
                },
                "up": {
                    "uv": [
                        11.25,
                        11.75,
                        11.5,
                        12.25
                    ],
                    "texture": "#1"
                },
                "down": {
                    "uv": [
                        11.25,
                        11.75,
                        11.5,
                        12.25
                    ],
                    "texture": "#1"
                }
            }
        },
        {
            "from": [
                9,
                1.5,
                4
            ],
            "to": [
                9.5,
                3.5,
                5.25
            ],
            "rotation": {
                "angle": 0,
                "axis": "y",
                "origin": [
                    7.5,
                    3.25,
                    3.25
                ]
            },
            "faces": {
                "north": {
                    "uv": [
                        11.25,
                        12.625,
                        11.625,
                        13.125
                    ],
                    "texture": "#1"
                },
                "east": {
                    "uv": [
                        11.375,
                        12.625,
                        11.6875,
                        13.125
                    ],
                    "texture": "#1"
                },
                "south": {
                    "uv": [
                        11.325,
                        12.5,
                        11.85,
                        13.175
                    ],
                    "texture": "#1"
                },
                "west": {
                    "uv": [
                        11.3,
                        12.325,
                        11.825,
                        13.225
                    ],
                    "texture": "#1"
                },
                "up": {
                    "uv": [
                        11.25,
                        11.75,
                        11.5,
                        12.25
                    ],
                    "texture": "#1"
                },
                "down": {
                    "uv": [
                        11.25,
                        11.75,
                        11.5,
                        12.25
                    ],
                    "texture": "#1"
                }
            }
        },
        {
            "from": [
                5.5,
                1.5,
                0.5
            ],
            "to": [
                6,
                3.5,
                1.75
            ],
            "rotation": {
                "angle": 0,
                "axis": "y",
                "origin": [
                    7.5,
                    3.25,
                    3.25
                ]
            },
            "faces": {
                "north": {
                    "uv": [
                        11.25,
                        12.625,
                        11.625,
                        13.125
                    ],
                    "texture": "#1"
                },
                "east": {
                    "uv": [
                        11.375,
                        12.625,
                        11.6875,
                        13.125
                    ],
                    "texture": "#1"
                },
                "south": {
                    "uv": [
                        11.325,
                        12.5,
                        11.85,
                        13.175
                    ],
                    "texture": "#1"
                },
                "west": {
                    "uv": [
                        11.3,
                        12.325,
                        11.825,
                        13.225
                    ],
                    "texture": "#1"
                },
                "up": {
                    "uv": [
                        11.25,
                        11.75,
                        11.5,
                        12.25
                    ],
                    "texture": "#1"
                },
                "down": {
                    "uv": [
                        11.25,
                        11.75,
                        11.5,
                        12.25
                    ],
                    "texture": "#1"
                }
            }
        },
        {
            "from": [
                5.5,
                1.5,
                2.25
            ],
            "to": [
                6,
                3.5,
                3.5
            ],
            "rotation": {
                "angle": 0,
                "axis": "y",
                "origin": [
                    7.5,
                    3.25,
                    3.25
                ]
            },
            "faces": {
                "north": {
                    "uv": [
                        11.25,
                        12.625,
                        11.625,
                        13.125
                    ],
                    "texture": "#1"
                },
                "east": {
                    "uv": [
                        11.375,
                        12.625,
                        11.6875,
                        13.125
                    ],
                    "texture": "#1"
                },
                "south": {
                    "uv": [
                        11.325,
                        12.5,
                        11.85,
                        13.175
                    ],
                    "texture": "#1"
                },
                "west": {
                    "uv": [
                        11.3,
                        12.325,
                        11.825,
                        13.225
                    ],
                    "texture": "#1"
                },
                "up": {
                    "uv": [
                        11.25,
                        11.75,
                        11.5,
                        12.25
                    ],
                    "texture": "#1"
                },
                "down": {
                    "uv": [
                        11.25,
                        11.75,
                        11.5,
                        12.25
                    ],
                    "texture": "#1"
                }
            }
        },
        {
            "from": [
                5.5,
                1.5,
                4
            ],
            "to": [
                6,
                3.5,
                5.25
            ],
            "rotation": {
                "angle": 0,
                "axis": "y",
                "origin": [
                    7.5,
                    3.25,
                    3.25
                ]
            },
            "faces": {
                "north": {
                    "uv": [
                        11.25,
                        12.625,
                        11.625,
                        13.125
                    ],
                    "texture": "#1"
                },
                "east": {
                    "uv": [
                        11.375,
                        12.625,
                        11.6875,
                        13.125
                    ],
                    "texture": "#1"
                },
                "south": {
                    "uv": [
                        11.325,
                        12.5,
                        11.85,
                        13.175
                    ],
                    "texture": "#1"
                },
                "west": {
                    "uv": [
                        11.3,
                        12.325,
                        11.825,
                        13.225
                    ],
                    "texture": "#1"
                },
                "up": {
                    "uv": [
                        11.25,
                        11.75,
                        11.5,
                        12.25
                    ],
                    "texture": "#1"
                },
                "down": {
                    "uv": [
                        11.25,
                        11.75,
                        11.5,
                        12.25
                    ],
                    "texture": "#1"
                }
            }
        },
        {
            "from": [
                6,
                3,
                0.5
            ],
            "to": [
                9,
                3.5,
                1.75
            ],
            "rotation": {
                "angle": 0,
                "axis": "y",
                "origin": [
                    7.5,
                    3.25,
                    3.25
                ]
            },
            "faces": {
                "north": {
                    "uv": [
                        8.25,
                        13.25,
                        10.5,
                        13.625
                    ],
                    "texture": "#1"
                },
                "east": {
                    "uv": [
                        11.25,
                        11.75,
                        11.75,
                        12.125
                    ],
                    "texture": "#1"
                },
                "south": {
                    "uv": [
                        11.25,
                        11.75,
                        11.5,
                        12.125
                    ],
                    "texture": "#1"
                },
                "west": {
                    "uv": [
                        11.25,
                        11.75,
                        11.75,
                        12.125
                    ],
                    "texture": "#1"
                },
                "up": {
                    "uv": [
                        11.25,
                        11.75,
                        11.5,
                        12.25
                    ],
                    "texture": "#1"
                },
                "down": {
                    "uv": [
                        11.25,
                        11.75,
                        11.5,
                        12.25
                    ],
                    "texture": "#1"
                }
            }
        },
        {
            "from": [
                6,
                3.5,
                0.5
            ],
            "to": [
                9,
                4,
                1.75
            ],
            "rotation": {
                "angle": 0,
                "axis": "y",
                "origin": [
                    7.5,
                    3.25,
                    3.25
                ]
            },
            "faces": {
                "north": {
                    "uv": [
                        8.25,
                        13.25,
                        10.5,
                        13.625
                    ],
                    "texture": "#1"
                },
                "east": {
                    "uv": [
                        11.25,
                        11.75,
                        11.75,
                        12.125
                    ],
                    "texture": "#1"
                },
                "south": {
                    "uv": [
                        11.25,
                        11.75,
                        11.5,
                        12.125
                    ],
                    "texture": "#1"
                },
                "west": {
                    "uv": [
                        11.25,
                        11.75,
                        11.75,
                        12.125
                    ],
                    "texture": "#1"
                },
                "up": {
                    "uv": [
                        8.25,
                        13.25,
                        10.5,
                        13.75
                    ],
                    "texture": "#1"
                },
                "down": {
                    "uv": [
                        11.25,
                        11.75,
                        11.5,
                        12.25
                    ],
                    "texture": "#1"
                }
            }
        },
        {
            "from": [
                6,
                2.5,
                2.25
            ],
            "to": [
                9,
                4,
                3.5
            ],
            "rotation": {
                "angle": 0,
                "axis": "y",
                "origin": [
                    7.5,
                    3.25,
                    3.25
                ]
            },
            "faces": {
                "north": {
                    "uv": [
                        11.25,
                        11.75,
                        11.5,
                        12.125
                    ],
                    "texture": "#1"
                },
                "east": {
                    "uv": [
                        11.25,
                        11.75,
                        11.75,
                        12.125
                    ],
                    "texture": "#1"
                },
                "south": {
                    "uv": [
                        11.25,
                        11.75,
                        11.5,
                        12.125
                    ],
                    "texture": "#1"
                },
                "west": {
                    "uv": [
                        11.25,
                        11.75,
                        11.75,
                        12.125
                    ],
                    "texture": "#1"
                },
                "up": {
                    "uv": [
                        8.25,
                        13.25,
                        10.5,
                        13.75
                    ],
                    "texture": "#1"
                },
                "down": {
                    "uv": [
                        11.25,
                        11.75,
                        11.5,
                        12.25
                    ],
                    "texture": "#1"
                }
            }
        },
        {
            "from": [
                6,
                2.5,
                4
            ],
            "to": [
                9,
                4,
                5.25
            ],
            "rotation": {
                "angle": 0,
                "axis": "y",
                "origin": [
                    7.5,
                    3.25,
                    3.25
                ]
            },
            "faces": {
                "north": {
                    "uv": [
                        11.25,
                        11.75,
                        11.5,
                        12.125
                    ],
                    "texture": "#1"
                },
                "east": {
                    "uv": [
                        11.25,
                        11.75,
                        11.75,
                        12.125
                    ],
                    "texture": "#1"
                },
                "south": {
                    "uv": [
                        11.25,
                        11.75,
                        11.5,
                        12.125
                    ],
                    "texture": "#1"
                },
                "west": {
                    "uv": [
                        11.25,
                        11.75,
                        11.75,
                        12.125
                    ],
                    "texture": "#1"
                },
                "up": {
                    "uv": [
                        8.25,
                        13.25,
                        10.5,
                        13.75
                    ],
                    "texture": "#1"
                },
                "down": {
                    "uv": [
                        11.25,
                        11.75,
                        11.5,
                        12.25
                    ],
                    "texture": "#1"
                }
            }
        },
        {
            "from": [
                6.5,
                1.5,
                5.25
            ],
            "to": [
                8.5,
                3.5,
                6
            ],
            "rotation": {
                "angle": 0,
                "axis": "y",
                "origin": [
                    7.5,
                    3.25,
                    3.25
                ]
            },
            "faces": {
                "north": {
                    "uv": [
                        11.25,
                        11.75,
                        11.5,
                        12.125
                    ],
                    "texture": "#1"
                },
                "east": {
                    "uv": [
                        11.25,
                        11.75,
                        11.75,
                        12.125
                    ],
                    "texture": "#1"
                },
                "south": {
                    "uv": [
                        11.25,
                        11.75,
                        11.5,
                        12.125
                    ],
                    "texture": "#1"
                },
                "west": {
                    "uv": [
                        11.25,
                        11.75,
                        11.75,
                        12.125
                    ],
                    "texture": "#1"
                },
                "up": {
                    "uv": [
                        11.25,
                        11.75,
                        11.5,
                        12.25
                    ],
                    "texture": "#1"
                },
                "down": {
                    "uv": [
                        11.25,
                        11.75,
                        11.5,
                        12.25
                    ],
                    "texture": "#1"
                }
            }
        },
        {
            "from": [
                6,
                1.5,
                5.25
            ],
            "to": [
                9,
                3,
                6
            ],
            "rotation": {
                "angle": 0,
                "axis": "y",
                "origin": [
                    7.5,
                    3.25,
                    3.25
                ]
            },
            "faces": {
                "north": {
                    "uv": [
                        11.25,
                        11.75,
                        11.5,
                        12.125
                    ],
                    "texture": "#1"
                },
                "east": {
                    "uv": [
                        11.25,
                        11.75,
                        11.75,
                        12.125
                    ],
                    "texture": "#1"
                },
                "south": {
                    "uv": [
                        11.25,
                        11.75,
                        11.5,
                        12.125
                    ],
                    "texture": "#1"
                },
                "west": {
                    "uv": [
                        11.25,
                        11.75,
                        11.75,
                        12.125
                    ],
                    "texture": "#1"
                },
                "up": {
                    "uv": [
                        11.25,
                        11.75,
                        11.5,
                        12.25
                    ],
                    "texture": "#1"
                },
                "down": {
                    "uv": [
                        11.25,
                        11.75,
                        11.5,
                        12.25
                    ],
                    "texture": "#1"
                }
            }
        },
        {
            "from": [
                7.07322,
                -0.2552,
                1
            ],
            "to": [
                7.57322,
                0.7448,
                1.75
            ],
            "rotation": {
                "angle": 45,
                "axis": "z",
                "origin": [
                    7.5,
                    3.25,
                    3.25
                ]
            },
            "faces": {
                "north": {
                    "uv": [
                        11.25,
                        12.5,
                        11.5,
                        13.375
                    ],
                    "texture": "#1"
                },
                "east": {
                    "uv": [
                        11.25,
                        12.5,
                        11.75,
                        13.375
                    ],
                    "texture": "#1"
                },
                "south": {
                    "uv": [
                        11.25,
                        12.5,
                        11.5,
                        13.375
                    ],
                    "texture": "#1"
                },
                "west": {
                    "uv": [
                        11.25,
                        12.5,
                        11.75,
                        13.375
                    ],
                    "texture": "#1"
                },
                "up": {
                    "uv": [
                        11.5,
                        11.75,
                        12,
                        12.75
                    ],
                    "texture": "#1"
                },
                "down": {
                    "uv": [
                        11.25,
                        13,
                        12,
                        13.5
                    ],
                    "texture": "#1"
                }
            }
        },
        {
            "from": [
                8.69866,
                -0.28544,
                2.75
            ],
            "to": [
                9.19866,
                0.71456,
                3.5
            ],
            "rotation": {
                "angle": 22.5,
                "axis": "z",
                "origin": [
                    7.5,
                    3.25,
                    3.25
                ]
            },
            "faces": {
                "north": {
                    "uv": [
                        11.25,
                        12.5,
                        11.5,
                        13.375
                    ],
                    "texture": "#1"
                },
                "east": {
                    "uv": [
                        11.25,
                        12.5,
                        11.75,
                        13.375
                    ],
                    "texture": "#1"
                },
                "south": {
                    "uv": [
                        11.25,
                        12.5,
                        11.5,
                        13.375
                    ],
                    "texture": "#1"
                },
                "west": {
                    "uv": [
                        11.25,
                        12.5,
                        11.75,
                        13.375
                    ],
                    "texture": "#1"
                },
                "up": {
                    "uv": [
                        11.75,
                        11.75,
                        12.5,
                        12.75
                    ],
                    "texture": "#1"
                },
                "down": {
                    "uv": [
                        11.25,
                        13,
                        11.75,
                        13.5
                    ],
                    "texture": "#1"
                }
            }
        },
        {
            "from": [
                7.07322,
                -0.2552,
                4.5
            ],
            "to": [
                7.57322,
                0.7448,
                5.25
            ],
            "rotation": {
                "angle": 45,
                "axis": "z",
                "origin": [
                    7.5,
                    3.25,
                    3.25
                ]
            },
            "faces": {
                "north": {
                    "uv": [
                        11.25,
                        12.5,
                        11.5,
                        13.375
                    ],
                    "texture": "#1"
                },
                "east": {
                    "uv": [
                        11.25,
                        12.5,
                        11.75,
                        13.375
                    ],
                    "texture": "#1"
                },
                "south": {
                    "uv": [
                        11.25,
                        12.5,
                        11.5,
                        13.375
                    ],
                    "texture": "#1"
                },
                "west": {
                    "uv": [
                        11.25,
                        12.5,
                        11.75,
                        13.375
                    ],
                    "texture": "#1"
                },
                "up": {
                    "uv": [
                        11.75,
                        11.75,
                        12.25,
                        12.75
                    ],
                    "texture": "#1"
                },
                "down": {
                    "uv": [
                        11.25,
                        13,
                        11.75,
                        13.5
                    ],
                    "texture": "#1"
                }
            }
        },
        {
            "from": [
                7.42678,
                -0.2552,
                4.5
            ],
            "to": [
                7.92678,
                0.7448,
                5.25
            ],
            "rotation": {
                "angle": -45,
                "axis": "z",
                "origin": [
                    7.5,
                    3.25,
                    3.25
                ]
            },
            "faces": {
                "north": {
                    "uv": [
                        11.25,
                        13,
                        11.75,
                        13.375
                    ],
                    "texture": "#1"
                },
                "east": {
                    "uv": [
                        11.25,
                        12.5,
                        11.75,
                        13.375
                    ],
                    "texture": "#1"
                },
                "south": {
                    "uv": [
                        11.25,
                        12.5,
                        11.5,
                        13.375
                    ],
                    "texture": "#1"
                },
                "west": {
                    "uv": [
                        11.25,
                        12.5,
                        11.75,
                        13.375
                    ],
                    "texture": "#1"
                },
                "up": {
                    "uv": [
                        11.5,
                        11.5,
                        12,
                        12.5
                    ],
                    "texture": "#1"
                },
                "down": {
                    "uv": [
                        11.25,
                        11.75,
                        12,
                        12.75
                    ],
                    "texture": "#1"
                }
            }
        },
        {
            "from": [
                5.80134,
                -0.28544,
                2.75
            ],
            "to": [
                6.30134,
                0.71456,
                3.5
            ],
            "rotation": {
                "angle": -22.5,
                "axis": "z",
                "origin": [
                    7.5,
                    3.25,
                    3.25
                ]
            },
            "faces": {
                "north": {
                    "uv": [
                        11.25,
                        12.5,
                        11.5,
                        13.375
                    ],
                    "texture": "#1"
                },
                "east": {
                    "uv": [
                        11.25,
                        12.5,
                        11.75,
                        13.375
                    ],
                    "texture": "#1"
                },
                "south": {
                    "uv": [
                        11.25,
                        12.5,
                        11.5,
                        13.375
                    ],
                    "texture": "#1"
                },
                "west": {
                    "uv": [
                        11.25,
                        12.5,
                        11.75,
                        13.375
                    ],
                    "texture": "#1"
                },
                "up": {
                    "uv": [
                        11.5,
                        11.25,
                        12.25,
                        12.25
                    ],
                    "texture": "#1"
                },
                "down": {
                    "uv": [
                        11.25,
                        13,
                        12,
                        13.5
                    ],
                    "texture": "#1"
                }
            }
        },
        {
            "from": [
                7.42678,
                -0.2552,
                1
            ],
            "to": [
                7.92678,
                0.7448,
                1.75
            ],
            "rotation": {
                "angle": -45,
                "axis": "z",
                "origin": [
                    7.5,
                    3.25,
                    3.25
                ]
            },
            "faces": {
                "north": {
                    "uv": [
                        11.25,
                        12.5,
                        11.5,
                        13.375
                    ],
                    "texture": "#1"
                },
                "east": {
                    "uv": [
                        11.25,
                        12.5,
                        11.75,
                        13.375
                    ],
                    "texture": "#1"
                },
                "south": {
                    "uv": [
                        11.25,
                        12.5,
                        11.5,
                        13.375
                    ],
                    "texture": "#1"
                },
                "west": {
                    "uv": [
                        11.25,
                        12.5,
                        11.75,
                        13.375
                    ],
                    "texture": "#1"
                },
                "up": {
                    "uv": [
                        11.5,
                        11.5,
                        12,
                        12.5
                    ],
                    "texture": "#1"
                },
                "down": {
                    "uv": [
                        11.25,
                        13,
                        11.75,
                        13.5
                    ],
                    "texture": "#1"
                }
            }
        },
        {
            "from": [
                7,
                2.5,
                0.5
            ],
            "to": [
                8,
                3,
                1.25
            ],
            "rotation": {
                "angle": 0,
                "axis": "y",
                "origin": [
                    7.5,
                    3.25,
                    3.25
                ]
            },
            "faces": {
                "north": {
                    "uv": [
                        11.25,
                        11.75,
                        11.5,
                        12.125
                    ],
                    "texture": "#1"
                },
                "east": {
                    "uv": [
                        11.25,
                        11.75,
                        11.75,
                        12.125
                    ],
                    "texture": "#1"
                },
                "south": {
                    "uv": [
                        11.25,
                        11.75,
                        11.5,
                        12.125
                    ],
                    "texture": "#1"
                },
                "west": {
                    "uv": [
                        11.25,
                        11.75,
                        11.75,
                        12.125
                    ],
                    "texture": "#1"
                },
                "up": {
                    "uv": [
                        11.25,
                        11.75,
                        11.5,
                        12.25
                    ],
                    "texture": "#1"
                },
                "down": {
                    "uv": [
                        11.25,
                        11.75,
                        11.5,
                        12.25
                    ],
                    "texture": "#1"
                }
            }
        },
        {
            "from": [
                8.03033,
                4,
                1.01256
            ],
            "to": [
                8.03033,
                8,
                3.01256
            ],
            "rotation": {
                "angle": 45,
                "axis": "y",
                "origin": [
                    7.5,
                    3.25,
                    3.25
                ],
                "rescale": true
            },
            "faces": {
                "north": {
                    "uv": [
                        9.25,
                        9.25,
                        9.5,
                        10.5
                    ],
                    "texture": "#1"
                },
                "east": {
                    "uv": [
                        9.25,
                        9.25,
                        10,
                        10.5
                    ],
                    "texture": "#1"
                },
                "south": {
                    "uv": [
                        9.25,
                        9.25,
                        9.5,
                        10.5
                    ],
                    "texture": "#1"
                },
                "west": {
                    "uv": [
                        9.25,
                        9.25,
                        10,
                        10.5
                    ],
                    "texture": "#1"
                },
                "up": {
                    "uv": [
                        9.25,
                        9.25,
                        9.5,
                        10.25
                    ],
                    "texture": "#1"
                },
                "down": {
                    "uv": [
                        9.25,
                        9.25,
                        9.5,
                        10.25
                    ],
                    "texture": "#1"
                }
            }
        },
        {
            "from": [
                7.03033,
                4,
                2.01256
            ],
            "to": [
                9.03033,
                7,
                2.01256
            ],
            "rotation": {
                "angle": 45,
                "axis": "y",
                "origin": [
                    7.5,
                    3.25,
                    3.25
                ],
                "rescale": true
            },
            "faces": {
                "north": {
                    "uv": [
                        9.25,
                        9.25,
                        10,
                        10.5
                    ],
                    "texture": "#1"
                },
                "east": {
                    "uv": [
                        9.25,
                        9.25,
                        9.5,
                        10.5
                    ],
                    "texture": "#1"
                },
                "south": {
                    "uv": [
                        9.25,
                        9.25,
                        10,
                        10.5
                    ],
                    "texture": "#1"
                },
                "west": {
                    "uv": [
                        9.25,
                        9.25,
                        9.5,
                        10.5
                    ],
                    "texture": "#1"
                },
                "up": {
                    "uv": [
                        9.25,
                        9.25,
                        9.5,
                        10.25
                    ],
                    "rotation": 270,
                    "texture": "#1"
                },
                "down": {
                    "uv": [
                        9.25,
                        9.25,
                        9.5,
                        10.25
                    ],
                    "rotation": 90,
                    "texture": "#1"
                }
            }
        }
    ],
    "display": {
        "thirdperson_righthand": {
            "rotation": [
                75,
                45,
                0
            ],
            "translation": [
                0,
                2.5,
                0
            ],
            "scale": [
                0.375,
                0.375,
                0.375
            ]
        },
        "thirdperson_lefthand": {
            "rotation": [
                75,
                45,
                0
            ],
            "translation": [
                0,
                2.5,
                0
            ],
            "scale": [
                0.375,
                0.375,
                0.375
            ]
        },
        "firstperson_righthand": {
            "rotation": [
                -9,
                155,
                -3
            ],
            "translation": [
                0.5,
                4,
                0
            ],
            "scale": [
                0.5,
                0.5,
                0.5
            ]
        },
        "firstperson_lefthand": {
            "rotation": [
                162.6,
                67.03,
                -171.79
            ],
            "translation": [
                0.5,
                4,
                0
            ],
            "scale": [
                0.5,
                0.5,
                0.5
            ]
        },
        "ground": {
            "translation": [
                0,
                2,
                0
            ],
            "scale": [
                0.5,
                0.5,
                0.5
            ]
        },
        "gui": {
            "rotation": [
                30,
                225,
                0
            ],
            "translation": [
                0,
                0.25,
                0
            ],
            "scale": [
                0.84,
                0.84,
                0.84
            ]
        },
        "head": {
            "translation": [
                0,
                14.5,
                0
            ]
        },
        "fixed": {
            "rotation": [
                2,
                0,
                0
            ],
            "translation": [
                0,
                0,
                -2.5
            ]
        }
    }
}