{
	"credit": "by YSBB Made with Blockbench",
	"render_type": "cutout",
	"texture_size": [64, 64],
	"textures": {
		"0": "kaleidoscope:block/doll/s/ysbb_cr",
		"particle": "block/glass"
	},
	"elements": [
		{
			"name": "Head",
			"from": [3.5, 6, 6],
			"to": [11.5, 14, 14],
			"rotation": {"angle": 0, "axis": "z", "origin": [7.5, 10, 9.40742]},
			"faces": {
				"north": {"uv": [2, 14, 4, 16], "texture": "#0"},
				"east": {"uv": [0, 14, 2, 16], "texture": "#0"},
				"south": {"uv": [6, 14, 8, 16], "texture": "#0"},
				"west": {"uv": [4, 14, 6, 16], "texture": "#0"},
				"up": {"uv": [4, 14, 2, 12], "texture": "#0"},
				"down": {"uv": [6, 12, 4, 14], "texture": "#0"}
			}
		},
		{
			"name": "Hat Layer",
			"from": [3.4, 5.9, 5.9],
			"to": [11.6, 14.1, 14.1],
			"rotation": {"angle": 0, "axis": "z", "origin": [7.5, 10, 9.40742]},
			"faces": {
				"north": {"uv": [10, 14, 12, 16], "texture": "#0"},
				"east": {"uv": [8, 14, 10, 16], "texture": "#0"},
				"south": {"uv": [14, 14, 16, 16], "texture": "#0"},
				"west": {"uv": [12, 14, 14, 16], "texture": "#0"},
				"up": {"uv": [12, 14, 10, 12], "texture": "#0"},
				"down": {"uv": [14, 12, 12, 14], "texture": "#0"}
			}
		},
		{
			"name": "Body",
			"from": [4.5, 0, 7.90742],
			"to": [10.5, 7, 11.90742],
			"rotation": {"angle": 0, "axis": "y", "origin": [7, 7.9125, 8.32871]},
			"faces": {
				"north": {"uv": [6, 6.25, 7.5, 8], "texture": "#0"},
				"east": {"uv": [8.75, 6.25, 7.75, 8], "texture": "#0"},
				"south": {"uv": [9, 6, 10.5, 7.75], "texture": "#0"},
				"west": {"uv": [7.75, 6.25, 8.75, 8], "texture": "#0"},
				"up": {"uv": [7.5, 9.25, 6, 8.25], "texture": "#0"},
				"down": {"uv": [7.5, 8.25, 6, 9.25], "texture": "#0"}
			}
		},
		{
			"name": "Right Arm",
			"from": [7.12215, -1.6156, 8.45742],
			"to": [10.12215, 4.3844, 11.45742],
			"rotation": {"angle": 22.5, "axis": "z", "origin": [5.5, 7.9125, 7.57871]},
			"faces": {
				"north": {"uv": [4.75, 6.5, 5.5, 8], "texture": "#0"},
				"east": {"uv": [4.75, 6.5, 5.5, 8], "texture": "#0"},
				"south": {"uv": [4.75, 6.5, 5.5, 8], "texture": "#0"},
				"west": {"uv": [4.75, 6.5, 5.5, 8], "texture": "#0"},
				"up": {"uv": [5.5, 9, 4.75, 8.25], "texture": "#0"},
				"down": {"uv": [5.5, 9.25, 4.75, 10], "texture": "#0"}
			}
		},
		{
			"name": "Right Arm",
			"from": [2.63269, 0.07612, 8.45742],
			"to": [5.63269, 6.07612, 11.45742],
			"rotation": {"angle": -22.5, "axis": "z", "origin": [4.13269, 3.07612, 9.95742]},
			"faces": {
				"north": {"uv": [3.75, 6.5, 4.5, 8], "texture": "#0"},
				"east": {"uv": [3.75, 6.5, 4.5, 8], "texture": "#0"},
				"south": {"uv": [3.75, 6.5, 4.5, 8], "texture": "#0"},
				"west": {"uv": [3.75, 6.5, 4.5, 8], "texture": "#0"},
				"up": {"uv": [4.5, 9, 3.75, 8.25], "texture": "#0"},
				"down": {"uv": [4.5, 9.25, 3.75, 10], "texture": "#0"}
			}
		},
		{
			"name": "Right Leg",
			"from": [8.25, 0.02, 2],
			"to": [11.25, 3.02, 7],
			"rotation": {"angle": -22.5, "axis": "y", "origin": [6.75, 7.6625, 6.82871]},
			"faces": {
				"north": {"uv": [9.75, 10, 9, 10.75], "texture": "#0"},
				"east": {"uv": [9, 8.5, 9.75, 9.75], "rotation": 270, "texture": "#0"},
				"south": {"uv": [10.75, 8.25, 10, 7.5], "texture": "#0"},
				"west": {"uv": [9, 8.5, 9.75, 9.75], "rotation": 90, "texture": "#0"},
				"up": {"uv": [9, 8.5, 9.75, 9.75], "rotation": 180, "texture": "#0"},
				"down": {"uv": [9, 8.5, 9.75, 9.75], "texture": "#0"}
			}
		},
		{
			"name": "Left Leg",
			"from": [4, 0.02, 2.5],
			"to": [7, 3.02, 7.5],
			"rotation": {"angle": 22.5, "axis": "y", "origin": [7.5, 7.6625, 7.57871]},
			"faces": {
				"north": {"uv": [10.75, 10, 10, 10.75], "texture": "#0"},
				"east": {"uv": [10, 8.5, 10.75, 9.75], "rotation": 270, "texture": "#0"},
				"south": {"uv": [15.5, 11.75, 14.75, 11], "texture": "#0"},
				"west": {"uv": [10, 8.5, 10.75, 9.75], "rotation": 90, "texture": "#0"},
				"up": {"uv": [10, 8.5, 10.75, 9.75], "rotation": 180, "texture": "#0"},
				"down": {"uv": [10, 8.5, 10.75, 9.75], "texture": "#0"}
			}
		},
		{
			"from": [2.75, 8, 8],
			"to": [5, 12, 12],
			"rotation": {"angle": 0, "axis": "y", "origin": [3, 10, 8]},
			"faces": {
				"north": {"uv": [13, 14.5, 13.5, 15.5], "texture": "#0"},
				"east": {"uv": [12.5, 14.5, 13.5, 15.5], "texture": "#0"},
				"south": {"uv": [12.5, 14.5, 13, 15.5], "texture": "#0"},
				"west": {"uv": [12.5, 14.5, 13.5, 15.5], "texture": "#0"},
				"up": {"uv": [12.5, 14.5, 13, 15.5], "texture": "#0"},
				"down": {"uv": [12.5, 14.5, 13, 15.5], "texture": "#0"}
			}
		},
		{
			"from": [10, 8, 8],
			"to": [12.25, 12, 12],
			"rotation": {"angle": 0, "axis": "y", "origin": [11, 10, 10]},
			"faces": {
				"north": {"uv": [12.5, 14.5, 13, 15.5], "texture": "#0"},
				"east": {"uv": [12.5, 14.5, 13.5, 15.5], "texture": "#0"},
				"south": {"uv": [13, 14.5, 13.5, 15.5], "texture": "#0"},
				"west": {"uv": [12.5, 14.5, 13.5, 15.5], "texture": "#0"},
				"up": {"uv": [12.5, 14.5, 13, 15.5], "rotation": 180, "texture": "#0"},
				"down": {"uv": [12.5, 14.5, 13, 15.5], "rotation": 180, "texture": "#0"}
			}
		}
	],
	"display": {
		"thirdperson_righthand": {
			"rotation": [75, 45, 0],
			"translation": [0, 2.5, 0],
			"scale": [0.375, 0.375, 0.375]
		},
		"thirdperson_lefthand": {
			"rotation": [75, 45, 0],
			"translation": [0, 2.5, 0],
			"scale": [0.375, 0.375, 0.375]
		},
		"firstperson_righthand": {
			"rotation": [-9, 155, -3],
			"translation": [0.5, 4, 0],
			"scale": [0.5, 0.5, 0.5]
		},
		"firstperson_lefthand": {
			"rotation": [-9, 155, -3],
			"translation": [0.5, 4, 0],
			"scale": [0.5, 0.5, 0.5]
		},
		"ground": {
			"translation": [0, 2, 0],
			"scale": [0.5, 0.5, 0.5]
		},
		"gui": {
			"rotation": [30, 225, 0],
			"translation": [0, 0.5, 0],
			"scale": [0.8, 0.8, 0.8]
		},
		"head": {
			"translation": [0, 14.5, 0]
		},
		"fixed": {
			"translation": [0, 1.5, 0],
			"scale": [1.2, 1.2, 1.2]
		}
	},
	"groups": [
		{
			"name": "Head",
			"origin": [8, 24, 8],
			"color": 0,
			"children": [0, 1]
		},
		{
			"name": "Body",
			"origin": [8, 24, 8],
			"color": 0,
			"children": [2]
		},
		{
			"name": "RightArm",
			"origin": [13, 22, 8],
			"color": 0,
			"children": [3, 4]
		},
		{
			"name": "LeftArm",
			"origin": [3, 22, 8],
			"color": 0,
			"children": []
		},
		{
			"name": "RightLeg",
			"origin": [9.9, 12, 8],
			"color": 0,
			"children": [5]
		},
		{
			"name": "LeftLeg",
			"origin": [6.1, 12, 8],
			"color": 0,
			"children": [6]
		},
		7,
		8
	]
}