{
	"credit": "Made with Blockbench",
	"render_type": "cutout",
	"texture_size": [32, 32],
	"textures": {
		"0": "kaleidoscope:block/doll/doll_3",
		"particle": "block/white_wool"
	},
	"elements": [
		{
			"from": [5, 8, 5],
			"to": [11, 14, 11],
			"rotation": {"angle": 0, "axis": "y", "origin": [5, 12, 5]},
			"faces": {
				"north": {"uv": [3.5, 0, 6.5, 3], "texture": "#0"},
				"east": {"uv": [7, 0, 10, 3], "texture": "#0"},
				"south": {"uv": [10.5, 0, 13.5, 3], "texture": "#0"},
				"west": {"uv": [7, 0, 10, 3], "texture": "#0"},
				"up": {"uv": [0, 0, 3, 3], "texture": "#0"},
				"down": {"uv": [0, 0, 3, 3], "texture": "#0"}
			}
		},
		{
			"from": [6, 4, 6],
			"to": [10, 8, 10],
			"rotation": {"angle": 0, "axis": "y", "origin": [5, 6, 6]},
			"faces": {
				"north": {"uv": [4.5, 6, 6.5, 8], "texture": "#0"},
				"east": {"uv": [4.5, 6, 6.5, 8], "texture": "#0"},
				"south": {"uv": [4.5, 6, 6.5, 8], "texture": "#0"},
				"west": {"uv": [4.5, 6, 6.5, 8], "texture": "#0"},
				"up": {"uv": [4.5, 6, 6.5, 8], "texture": "#0"},
				"down": {"uv": [4.5, 10.5, 6.5, 12.5], "texture": "#0"}
			}
		},
		{
			"from": [5, 1, 7],
			"to": [6, 8, 9],
			"rotation": {"angle": 0, "axis": "y", "origin": [5, 6, 7]},
			"faces": {
				"north": {"uv": [1.5, 6, 2, 9.5], "texture": "#0"},
				"east": {"uv": [2, 6, 3, 9.5], "texture": "#0"},
				"south": {"uv": [2.5, 6, 3, 9.5], "texture": "#0"},
				"west": {"uv": [2.5, 6, 3.5, 9.5], "texture": "#0"},
				"up": {"uv": [2, 6, 2.5, 7], "texture": "#0"},
				"down": {"uv": [2, 6, 2.5, 7], "texture": "#0"}
			}
		},
		{
			"from": [10, 1, 7],
			"to": [11, 8, 9],
			"rotation": {"angle": 0, "axis": "y", "origin": [10, 6, 7]},
			"faces": {
				"north": {"uv": [1.5, 6, 2, 9.5], "texture": "#0"},
				"east": {"uv": [2.5, 6, 3.5, 9.5], "texture": "#0"},
				"south": {"uv": [2.5, 6, 3, 9.5], "texture": "#0"},
				"west": {"uv": [2.5, 6, 3.5, 9.5], "texture": "#0"},
				"up": {"uv": [2, 6, 2.5, 7], "texture": "#0"},
				"down": {"uv": [2, 6, 2.5, 7], "texture": "#0"}
			}
		},
		{
			"from": [6, 0, 7],
			"to": [7, 4, 9],
			"rotation": {"angle": 0, "axis": "y", "origin": [6, 0, 7]},
			"faces": {
				"north": {"uv": [2.5, 7, 3, 9], "texture": "#0"},
				"east": {"uv": [2.5, 7, 3.5, 9], "texture": "#0"},
				"south": {"uv": [2.5, 7, 3, 9], "texture": "#0"},
				"west": {"uv": [2.5, 7, 3.5, 9], "texture": "#0"},
				"up": {"uv": [2.5, 7, 3, 8], "texture": "#0"},
				"down": {"uv": [2.5, 7, 3, 8], "texture": "#0"}
			}
		},
		{
			"from": [9, 0, 7],
			"to": [10, 4, 9],
			"rotation": {"angle": 0, "axis": "y", "origin": [9, 0, 7]},
			"faces": {
				"north": {"uv": [2.5, 7, 3, 9], "texture": "#0"},
				"east": {"uv": [2.5, 7, 3.5, 9], "texture": "#0"},
				"south": {"uv": [2.5, 7, 3, 9], "texture": "#0"},
				"west": {"uv": [2.5, 7, 3.5, 9], "texture": "#0"},
				"up": {"uv": [2.5, 7, 3, 8], "texture": "#0"},
				"down": {"uv": [2.5, 7, 3, 8], "texture": "#0"}
			}
		}
	],
	"display": {
		"thirdperson_righthand": {
			"rotation": [75, 45, 0],
			"translation": [0, 2.5, 0],
			"scale": [0.375, 0.375, 0.375]
		},
		"thirdperson_lefthand": {
			"rotation": [75, 45, 0],
			"translation": [0, 2.5, 0],
			"scale": [0.375, 0.375, 0.375]
		},
		"firstperson_righthand": {
			"rotation": [-9, 155, -3],
			"translation": [0.5, 4, 0],
			"scale": [0.5, 0.5, 0.5]
		},
		"firstperson_lefthand": {
			"rotation": [-9, 155, -3],
			"translation": [0.5, 4, 0],
			"scale": [0.5, 0.5, 0.5]
		},
		"ground": {
			"translation": [0, 2, 0],
			"scale": [0.5, 0.5, 0.5]
		},
		"gui": {
			"rotation": [30, 225, 0],
			"translation": [0.25, 0.25, 0]
		},
		"head": {
			"translation": [0, 14.5, 0]
		},
		"fixed": {
			"translation": [0, 1, 0],
			"scale": [1.2, 1.2, 1.2]
		}
	},
	"groups": [
		{
			"name": "group",
			"origin": [8, 8, 8],
			"color": 0,
			"children": []
		},
		0,
		1,
		2,
		3,
		4,
		5
	]
}