{
	"credit": "by YSBB",
	"render_type": "cutout",
	"texture_size": [32, 32],
	"textures": {
		"0": "kaleidoscope:block/doll/doll_21",
		"particle": "block/white_wool"
	},
	"elements": [
		{
			"from": [8.03849, 0, 5.68516],
			"to": [11.03849, 2, 7.68516],
			"rotation": {"angle": 22.5, "axis": "y", "origin": [10.56066, 2, 10.93934]},
			"faces": {
				"north": {"uv": [4, 2, 5.5, 3], "texture": "#0"},
				"east": {"uv": [5, 2, 4, 3], "texture": "#0"},
				"south": {"uv": [4, 2, 5.5, 3], "texture": "#0"},
				"west": {"uv": [4, 2, 5, 3], "texture": "#0"},
				"up": {"uv": [4, 2, 5.5, 3], "texture": "#0"},
				"down": {"uv": [4, 2, 5.5, 3], "texture": "#0"}
			}
		},
		{
			"from": [7.03849, 0, 7.68516],
			"to": [12.03849, 3, 11.68516],
			"rotation": {"angle": 22.5, "axis": "y", "origin": [10.56066, 2, 10.93934]},
			"faces": {
				"north": {"uv": [3.5, 5, 6, 6.5], "texture": "#0"},
				"east": {"uv": [3.5, 5, 5.5, 6.5], "texture": "#0"},
				"south": {"uv": [3.5, 5, 6, 6.5], "texture": "#0"},
				"west": {"uv": [3.5, 4.5, 5.5, 6], "texture": "#0"},
				"up": {"uv": [3, 4.5, 5.5, 6.5], "texture": "#0"},
				"down": {"uv": [3, 4.5, 5.5, 6.5], "texture": "#0"}
			}
		},
		{
			"from": [8.03849, 0, 11.68516],
			"to": [11.03849, 2, 13.68516],
			"rotation": {"angle": 22.5, "axis": "y", "origin": [10.56066, 2, 10.93934]},
			"faces": {
				"north": {"uv": [3.5, 7.5, 5, 8.5], "texture": "#0"},
				"east": {"uv": [3.5, 7.5, 4.5, 8.5], "texture": "#0"},
				"south": {"uv": [3.5, 7.5, 5, 8.5], "texture": "#0"},
				"west": {"uv": [3.5, 7.5, 4.5, 8.5], "texture": "#0"},
				"up": {"uv": [3.5, 7.5, 5, 8.5], "texture": "#0"},
				"down": {"uv": [3.5, 7.5, 5, 8.5], "texture": "#0"}
			}
		},
		{
			"from": [8.53849, 0, 13.68516],
			"to": [10.53849, 2, 15.68516],
			"rotation": {"angle": 22.5, "axis": "y", "origin": [10.56066, 2, 10.93934]},
			"faces": {
				"north": {"uv": [4, 9, 5, 10], "texture": "#0"},
				"east": {"uv": [4, 9, 5, 10], "texture": "#0"},
				"south": {"uv": [4, 9, 5, 10], "texture": "#0"},
				"west": {"uv": [4, 9, 5, 10], "texture": "#0"},
				"up": {"uv": [4, 9, 5, 10], "texture": "#0"},
				"down": {"uv": [4, 9, 5, 10], "texture": "#0"}
			}
		},
		{
			"from": [5.53849, 0, 9.68516],
			"to": [14.53849, 6, 9.68516],
			"rotation": {"angle": 22.5, "axis": "y", "origin": [10.56066, 2, 10.93934]},
			"faces": {
				"north": {"uv": [2.25, 10.5, 6.75, 13.5], "texture": "#0"},
				"east": {"uv": [9, 3, 9, 6], "texture": "#0"},
				"south": {"uv": [2.75, 10.5, 7.25, 13.5], "texture": "#0"},
				"west": {"uv": [9, 3, 9, 6], "texture": "#0"},
				"up": {"uv": [9, 3, 13.5, 3], "texture": "#0"},
				"down": {"uv": [9, 3, 13.5, 3], "texture": "#0"}
			}
		},
		{
			"from": [1.25, 0, 8],
			"to": [4.75, 2, 10],
			"rotation": {"angle": 0, "axis": "y", "origin": [10.56066, 2, 9.93934]},
			"faces": {
				"north": {"uv": [11.5, 9.5, 13.5, 10.5], "texture": "#0"},
				"east": {"uv": [10, 9.5, 11, 10.5], "texture": "#0"},
				"south": {"uv": [11.5, 9, 13.5, 10], "texture": "#0"},
				"west": {"uv": [10, 9.5, 11, 10.5], "texture": "#0"},
				"up": {"uv": [11.5, 9, 13.5, 10], "texture": "#0"},
				"down": {"uv": [11.5, 9, 13.5, 10], "texture": "#0"}
			}
		},
		{
			"from": [0.5, 0, 10],
			"to": [5.5, 3, 14],
			"rotation": {"angle": 0, "axis": "y", "origin": [10.56066, 2, 9.93934]},
			"faces": {
				"north": {"uv": [11, 11.5, 13.5, 13], "texture": "#0"},
				"east": {"uv": [11, 11.5, 13, 13], "texture": "#0"},
				"south": {"uv": [11, 11.5, 13.5, 13], "texture": "#0"},
				"west": {"uv": [11, 11.5, 13, 13], "texture": "#0"},
				"up": {"uv": [11, 11.5, 13.5, 13.5], "texture": "#0"},
				"down": {"uv": [11, 11.5, 13.5, 13.5], "texture": "#0"}
			}
		},
		{
			"from": [2, 0, 14],
			"to": [4, 2, 16],
			"rotation": {"angle": 0, "axis": "y", "origin": [10.56066, 2, 9.93934]},
			"faces": {
				"north": {"uv": [12, 12, 13, 13], "texture": "#0"},
				"east": {"uv": [12, 12, 13, 13], "texture": "#0"},
				"south": {"uv": [12, 12, 13, 13], "texture": "#0"},
				"west": {"uv": [12, 12, 13, 13], "texture": "#0"},
				"up": {"uv": [12, 12, 13, 13], "texture": "#0"},
				"down": {"uv": [12, 12, 13, 13], "texture": "#0"}
			}
		},
		{
			"from": [11.73528, 0, 4.70711],
			"to": [15.23528, 2, 6.70711],
			"rotation": {"angle": 45, "axis": "y", "origin": [7.56066, 2, 6.93934]},
			"faces": {
				"north": {"uv": [11.5, 9.5, 13.5, 10.5], "texture": "#0"},
				"east": {"uv": [10, 9.5, 11, 10.5], "texture": "#0"},
				"south": {"uv": [11.5, 9, 13.5, 10], "texture": "#0"},
				"west": {"uv": [10, 9.5, 11, 10.5], "texture": "#0"},
				"up": {"uv": [11.5, 9, 13.5, 10], "texture": "#0"},
				"down": {"uv": [11.5, 9, 13.5, 10], "texture": "#0"}
			}
		},
		{
			"from": [10.98528, 0, 6.70711],
			"to": [15.98528, 3, 10.70711],
			"rotation": {"angle": 45, "axis": "y", "origin": [7.56066, 2, 6.93934]},
			"faces": {
				"north": {"uv": [11, 11.5, 13.5, 13], "texture": "#0"},
				"east": {"uv": [11, 11.5, 13, 13], "texture": "#0"},
				"south": {"uv": [11, 11.5, 13.5, 13], "texture": "#0"},
				"west": {"uv": [11, 11.5, 13, 13], "texture": "#0"},
				"up": {"uv": [11, 11.5, 13.5, 13.5], "texture": "#0"},
				"down": {"uv": [11, 11.5, 13.5, 13.5], "texture": "#0"}
			}
		},
		{
			"from": [12.48528, 0, 10.70711],
			"to": [14.48528, 2, 12.70711],
			"rotation": {"angle": 45, "axis": "y", "origin": [7.56066, 2, 6.93934]},
			"faces": {
				"north": {"uv": [12, 12, 13, 13], "texture": "#0"},
				"east": {"uv": [12, 12, 13, 13], "texture": "#0"},
				"south": {"uv": [12, 12, 13, 13], "texture": "#0"},
				"west": {"uv": [12, 12, 13, 13], "texture": "#0"},
				"up": {"uv": [12, 12, 13, 13], "texture": "#0"},
				"down": {"uv": [12, 12, 13, 13], "texture": "#0"}
			}
		}
	],
	"display": {
		"thirdperson_righthand": {
			"rotation": [75, 45, 0],
			"translation": [0, 2.5, 0],
			"scale": [0.375, 0.375, 0.375]
		},
		"thirdperson_lefthand": {
			"rotation": [75, 45, 0],
			"translation": [0, 2.5, 0],
			"scale": [0.375, 0.375, 0.375]
		},
		"firstperson_righthand": {
			"rotation": [-9, 155, -3],
			"translation": [0.5, 4, 0],
			"scale": [0.5, 0.5, 0.5]
		},
		"firstperson_lefthand": {
			"rotation": [-9, 155, -3],
			"translation": [0.5, 4, 0],
			"scale": [0.5, 0.5, 0.5]
		},
		"ground": {
			"translation": [0, 2, 0],
			"scale": [0.5, 0.5, 0.5]
		},
		"gui": {
			"rotation": [30, 180, 0],
			"translation": [0.5, 5, 0]
		},
		"head": {
			"rotation": [0, -9, 0],
			"translation": [0, 14.5, 0]
		},
		"fixed": {
			"translation": [0, 3.5, 0],
			"scale": [1.2, 1.2, 1.2]
		}
	},
	"groups": [
		{
			"name": "right_wing",
			"origin": [8.5, 5, 9],
			"color": 0,
			"children": []
		},
		{
			"name": "group",
			"origin": [14.5, 2.75, 6],
			"color": 0,
			"children": []
		},
		0,
		1,
		2,
		3,
		4,
		5,
		6,
		7,
		8,
		9,
		10
	]
}