{
	"credit": "by YSBB Made with Blockbench",
	"render_type": "cutout",
	"texture_size": [32, 32],
	"textures": {
		"0": "kaleidoscope:block/doll/doll_62",
		"particle": "block/white_wool"
	},
	"elements": [
		{
			"name": "face",
			"from": [5.5, 2, 0.75],
			"to": [9.5, 5, 5.25],
			"rotation": {"angle": 0, "axis": "y", "origin": [6.5, 1, -4.25]},
			"faces": {
				"north": {"uv": [0.5, 0.5, 2.5, 2], "texture": "#0"},
				"east": {"uv": [5.5, 0, 3.5, 2.5], "texture": "#0", "tintindex": 0},
				"south": {"uv": [0.5, 0.5, 2.5, 2], "texture": "#0"},
				"west": {"uv": [3.5, 0, 5.5, 2.5], "texture": "#0", "tintindex": 0},
				"up": {"uv": [6.5, 2, 9.5, 0], "texture": "#0", "tintindex": 0},
				"down": {"uv": [6.5, 0, 9.5, 2], "texture": "#0", "tintindex": 0}
			}
		},
		{
			"name": "ears",
			"from": [4.25, 3, 2],
			"to": [10.75, 5, 3],
			"rotation": {"angle": 0, "axis": "y", "origin": [5.25, 2, -3]},
			"faces": {
				"north": {"uv": [0, 0, 0.5, 2.5], "texture": "#0", "tintindex": 0},
				"east": {"uv": [4.5, 0.5, 4, 1.5], "texture": "#0", "tintindex": 0},
				"south": {"uv": [0, 0, 0.5, 2.5], "texture": "#0", "tintindex": 0},
				"west": {"uv": [4, 0.5, 4.5, 1.5], "texture": "#0", "tintindex": 0},
				"up": {"uv": [6.5, 2, 9.5, 0], "texture": "#0", "tintindex": 0},
				"down": {"uv": [6.5, 0, 9.5, 2], "texture": "#0", "tintindex": 0}
			}
		},
		{
			"from": [4.5, 1, 1],
			"to": [10.5, 6, 5],
			"rotation": {"angle": 0, "axis": "y", "origin": [5.5, 0, -4]},
			"faces": {
				"north": {"uv": [0, 0, 3, 2.5], "texture": "#0", "tintindex": 0},
				"east": {"uv": [5.5, 0, 3.5, 2.5], "texture": "#0", "tintindex": 0},
				"south": {"uv": [0, 0, 3, 2.5], "texture": "#0", "tintindex": 0},
				"west": {"uv": [3.5, 0, 5.5, 2.5], "texture": "#0", "tintindex": 0},
				"up": {"uv": [6.5, 2, 9.5, 0], "texture": "#0", "tintindex": 0},
				"down": {"uv": [6.5, 0, 9.5, 2], "texture": "#0", "tintindex": 0}
			}
		},
		{
			"from": [3, 0, 5],
			"to": [12, 7, 14],
			"rotation": {"angle": 0, "axis": "y", "origin": [6, 0, 5]},
			"faces": {
				"north": {"uv": [11.5, 5, 16, 8.5], "texture": "#0", "tintindex": 0},
				"east": {"uv": [16, 5, 11.5, 8.5], "texture": "#0", "tintindex": 0},
				"south": {"uv": [11.5, 5, 16, 8.5], "texture": "#0", "tintindex": 0},
				"west": {"uv": [11.5, 5, 16, 8.5], "texture": "#0", "tintindex": 0},
				"up": {"uv": [11.5, 4.5, 16, 0], "texture": "#0", "tintindex": 0},
				"down": {"uv": [11.5, 0, 16, 4.5], "texture": "#0", "tintindex": 0}
			}
		},
		{
			"from": [10, 0.01, 4],
			"to": [14, 2.01, 6],
			"rotation": {"angle": 22.5, "axis": "y", "origin": [12.5, 1, 5]},
			"faces": {
				"north": {"uv": [9.5, 5.5, 10.5, 7.5], "rotation": 90, "texture": "#0"},
				"east": {"uv": [9.5, 9, 10.5, 8], "rotation": 90, "texture": "#0"},
				"south": {"uv": [9.5, 7.5, 10.5, 5.5], "rotation": 90, "texture": "#0"},
				"west": {"uv": [9.5, 6.5, 10.5, 5.5], "rotation": 90, "texture": "#0"},
				"up": {"uv": [9.5, 7.5, 10.5, 5.5], "rotation": 90, "texture": "#0"},
				"down": {"uv": [9.5, 7.5, 10.5, 5.5], "rotation": 90, "texture": "#0"}
			}
		},
		{
			"from": [1, 0.01, 4],
			"to": [5, 2.01, 6],
			"rotation": {"angle": -22.5, "axis": "y", "origin": [2.5, 1, 5]},
			"faces": {
				"north": {"uv": [9.5, 7.5, 10.5, 5.5], "rotation": 90, "texture": "#0"},
				"east": {"uv": [9.5, 6.5, 10.5, 5.5], "rotation": 90, "texture": "#0"},
				"south": {"uv": [9.5, 5.5, 10.5, 7.5], "rotation": 90, "texture": "#0"},
				"west": {"uv": [9.5, 9, 10.5, 8], "rotation": 90, "texture": "#0"},
				"up": {"uv": [9.5, 5.5, 10.5, 7.5], "rotation": 90, "texture": "#0"},
				"down": {"uv": [9.5, 5.5, 10.5, 7.5], "rotation": 90, "texture": "#0"}
			}
		},
		{
			"from": [1, 0, 11],
			"to": [3, 2, 13],
			"rotation": {"angle": 0, "axis": "y", "origin": [1, 0, 11]},
			"faces": {
				"north": {"uv": [9.5, 7.5, 10.5, 6.5], "rotation": 90, "texture": "#0"},
				"east": {"uv": [9.5, 6.5, 10.5, 7.5], "rotation": 90, "texture": "#0"},
				"south": {"uv": [9.5, 6.5, 10.5, 7.5], "rotation": 90, "texture": "#0"},
				"west": {"uv": [9.5, 8, 10.5, 9], "rotation": 90, "texture": "#0"},
				"up": {"uv": [9.5, 6.5, 10.5, 7.5], "rotation": 90, "texture": "#0"},
				"down": {"uv": [9.5, 6.5, 10.5, 7.5], "rotation": 90, "texture": "#0"}
			}
		},
		{
			"from": [12, 0, 11],
			"to": [14, 2, 13],
			"rotation": {"angle": 0, "axis": "y", "origin": [12, 0, 11]},
			"faces": {
				"north": {"uv": [9.5, 7.5, 10.5, 6.5], "rotation": 270, "texture": "#0"},
				"east": {"uv": [9.5, 8, 10.5, 9], "rotation": 270, "texture": "#0"},
				"south": {"uv": [9.5, 6.5, 10.5, 7.5], "rotation": 270, "texture": "#0"},
				"west": {"uv": [9.5, 6.5, 10.5, 7.5], "rotation": 270, "texture": "#0"},
				"up": {"uv": [9.5, 6.5, 10.5, 7.5], "rotation": 270, "texture": "#0"},
				"down": {"uv": [9.5, 6.5, 10.5, 7.5], "rotation": 270, "texture": "#0"}
			}
		}
	],
	"display": {
		"thirdperson_righthand": {
			"rotation": [75, 45, 0],
			"translation": [0, 2.5, 0],
			"scale": [0.375, 0.375, 0.375]
		},
		"thirdperson_lefthand": {
			"rotation": [75, 45, 0],
			"translation": [0, 2.5, 0],
			"scale": [0.375, 0.375, 0.375]
		},
		"firstperson_righthand": {
			"rotation": [-9, 155, -3],
			"translation": [0.5, 4, 0],
			"scale": [0.5, 0.5, 0.5]
		},
		"firstperson_lefthand": {
			"rotation": [-9, 155, -3],
			"translation": [0.5, 4, 0],
			"scale": [0.5, 0.5, 0.5]
		},
		"ground": {
			"translation": [0, 2, 0],
			"scale": [0.5, 0.5, 0.5]
		},
		"gui": {
			"rotation": [30, 225, 0],
			"translation": [0, 3.5, 0]
		},
		"head": {
			"translation": [0.5, 14.5, 0]
		},
		"fixed": {
			"translation": [0, 3.5, 0],
			"scale": [1.2, 1.2, 1.2]
		}
	},
	"groups": [
		{
			"name": "right_wing",
			"origin": [8.5, 5, 9],
			"color": 0,
			"children": []
		},
		{
			"name": "head",
			"origin": [5.5, 0, -6],
			"color": 0,
			"children": [0, 1, 2]
		},
		3,
		4,
		5,
		6,
		7
	]
}