{
	"credit": "by YSBB Made with Blockbench",
	"render_type": "cutout",
	"texture_size": [32, 32],
	"textures": {
		"0": "kaleidoscope:block/doll/doll_25",
		"1": "block/carved_pumpkin",
		"2": "block/pumpkin_top",
		"3": "block/pumpkin_side",
		"particle": "kaleidoscope:block/doll/doll_25"
	},
	"elements": [
		{
			"from": [4, 7, 4],
			"to": [12, 15, 12],
			"rotation": {"angle": 0, "axis": "y", "origin": [4, 7, 4]},
			"faces": {
				"north": {"uv": [0, 0, 16, 16], "texture": "#1"},
				"east": {"uv": [0, 0, 16, 16], "texture": "#3"},
				"south": {"uv": [0, 0, 16, 16], "texture": "#3"},
				"west": {"uv": [0, 0, 16, 16], "texture": "#3"},
				"up": {"uv": [0, 0, 16, 16], "texture": "#2"},
				"down": {"uv": [0, 0, 16, 16], "texture": "#3"}
			}
		},
		{
			"from": [4, 0, 4],
			"to": [12, 7, 12],
			"rotation": {"angle": 0, "axis": "y", "origin": [8, 3.5, 8]},
			"faces": {
				"north": {"uv": [2.5, 10, 6.5, 13.5], "texture": "#0"},
				"east": {"uv": [8, 0.5, 12, 4], "texture": "#0"},
				"south": {"uv": [8, 0.5, 12, 4], "texture": "#0"},
				"west": {"uv": [8, 0.5, 12, 4], "texture": "#0"},
				"up": {"uv": [12, 0, 16, 4], "rotation": 180, "texture": "#0"},
				"down": {"uv": [12, 0, 16, 4], "rotation": 180, "texture": "#0"}
			}
		},
		{
			"from": [5, 6, 5],
			"to": [11, 12, 11],
			"rotation": {"angle": 0, "axis": "y", "origin": [8, 9, 8]},
			"faces": {
				"north": {"uv": [0, 4, 3, 7], "texture": "#0"},
				"east": {"uv": [4.5, 0, 7.5, 3], "texture": "#0"},
				"south": {"uv": [4.5, 0, 7.5, 3], "texture": "#0"},
				"west": {"uv": [4.5, 0, 7.5, 3], "texture": "#0"},
				"up": {"uv": [4.5, 0, 7.5, 3], "rotation": 180, "texture": "#0"},
				"down": {"uv": [4.5, 0, 7.5, 3], "rotation": 180, "texture": "#0"}
			}
		},
		{
			"from": [0, 4, 8],
			"to": [7, 7, 8],
			"rotation": {"angle": 0, "axis": "y", "origin": [5, 4, 8]},
			"faces": {
				"north": {"uv": [4, 7, 7.5, 8.5], "texture": "#0"},
				"east": {"uv": [0, 0, 0, 3], "texture": "#0"},
				"south": {"uv": [7.5, 7, 4, 8.5], "texture": "#0"},
				"west": {"uv": [0, 0, 0, 3], "texture": "#0"},
				"up": {"uv": [0, 0, 5.5, 0], "texture": "#0"},
				"down": {"uv": [0, 0, 5.5, 0], "texture": "#0"}
			}
		},
		{
			"from": [9, 6, 8],
			"to": [16, 9, 8],
			"rotation": {"angle": 45, "axis": "z", "origin": [12.5, 7.5, 8]},
			"faces": {
				"north": {"uv": [7.5, 7, 4, 8.5], "texture": "#0"},
				"east": {"uv": [0, 0, 0, 3], "texture": "#0"},
				"south": {"uv": [4, 7, 7.5, 8.5], "texture": "#0"},
				"west": {"uv": [0, 0, 0, 3], "texture": "#0"},
				"up": {"uv": [0, 0, 5.5, 0], "rotation": 180, "texture": "#0"},
				"down": {"uv": [0, 0, 5.5, 0], "rotation": 180, "texture": "#0"}
			}
		}
	],
	"display": {
		"thirdperson_righthand": {
			"rotation": [75, 45, 0],
			"translation": [0, 2.5, 0],
			"scale": [0.375, 0.375, 0.375]
		},
		"thirdperson_lefthand": {
			"rotation": [75, 45, 0],
			"translation": [0, 2.5, 0],
			"scale": [0.375, 0.375, 0.375]
		},
		"firstperson_righthand": {
			"rotation": [-9, 155, -3],
			"translation": [0.5, 4, 0],
			"scale": [0.5, 0.5, 0.5]
		},
		"firstperson_lefthand": {
			"rotation": [-9, 155, -3],
			"translation": [0.5, 4, 0],
			"scale": [0.5, 0.5, 0.5]
		},
		"ground": {
			"translation": [0, 2, 0],
			"scale": [0.5, 0.5, 0.5]
		},
		"gui": {
			"rotation": [30, 225, 0],
			"translation": [0.25, 2, 0]
		},
		"head": {
			"translation": [0, 14.5, 0]
		},
		"fixed": {
			"translation": [0, 1.5, 0],
			"scale": [1.2, 1.2, 1.2]
		}
	},
	"groups": [
		{
			"name": "right_wing",
			"origin": [8.5, 5, 9],
			"color": 0,
			"children": []
		},
		{
			"name": "group",
			"origin": [14.5, 2.75, 6],
			"color": 0,
			"children": [0]
		},
		1,
		2,
		3,
		4
	]
}