{
	"credit": "by YSBB Made with Blockbench",
	"render_type": "cutout",
	"texture_size": [32, 32],
	"textures": {
		"0": "kaleidoscope:block/doll/doll_44",
		"particle": "block/white_wool"
	},
	"elements": [
		{
			"from": [5, 3, 3],
			"to": [11, 9, 12],
			"rotation": {"angle": 0, "axis": "y", "origin": [6, 3, 6]},
			"faces": {
				"north": {"uv": [7, 0, 10, 3], "texture": "#0"},
				"east": {"uv": [7, 0, 11.5, 3], "texture": "#0"},
				"south": {"uv": [7, 0, 10, 3], "texture": "#0"},
				"west": {"uv": [11.5, 0, 7, 3], "texture": "#0"},
				"up": {"uv": [13, 11.5, 16, 16], "texture": "#0"},
				"down": {"uv": [11.5, 1.5, 16, 4.5], "rotation": 90, "texture": "#0"}
			}
		},
		{
			"from": [6.5, 9, 3],
			"to": [9.5, 11, 7],
			"rotation": {"angle": 0, "axis": "x", "origin": [8, 9, 4]},
			"faces": {
				"north": {"uv": [3.5, 2, 5, 3], "texture": "#0"},
				"east": {"uv": [5.5, 3.5, 3.5, 4.5], "texture": "#0"},
				"south": {"uv": [3.5, 5, 5, 6], "texture": "#0"},
				"west": {"uv": [3.5, 3.5, 5.5, 4.5], "texture": "#0"}
			}
		},
		{
			"from": [5.5, 11, 3],
			"to": [10.5, 15, 7],
			"rotation": {"angle": 0, "axis": "x", "origin": [8.5, 12, 2]},
			"faces": {
				"north": {"uv": [0, 0, 2.5, 2], "texture": "#0"},
				"east": {"uv": [0, 2, 2, 4], "texture": "#0"},
				"south": {"uv": [0, 0, 2.5, 2], "texture": "#0"},
				"west": {"uv": [2, 2, 0, 4], "texture": "#0"},
				"up": {"uv": [0, 0, 2.5, 2], "texture": "#0"},
				"down": {"uv": [0, 0, 2.5, 2], "texture": "#0"}
			}
		},
		{
			"from": [5.5, 15, 6],
			"to": [7.5, 18, 7],
			"rotation": {"angle": 0, "axis": "x", "origin": [5.5, 15, 2]},
			"faces": {
				"north": {"uv": [1, 4.5, 0, 6], "texture": "#0"},
				"east": {"uv": [1, 4.5, 0.5, 6], "texture": "#0"},
				"south": {"uv": [0, 4.5, 1, 6], "texture": "#0"},
				"west": {"uv": [0.5, 4.5, 0, 6], "texture": "#0"},
				"up": {"uv": [0, 4.5, 1, 5], "texture": "#0"},
				"down": {"uv": [1, 4.5, 0, 5], "texture": "#0"}
			}
		},
		{
			"from": [9, 14.5, 5.99],
			"to": [11, 17.5, 6.99],
			"rotation": {"angle": -22.5, "axis": "z", "origin": [10, 16, 6.49]},
			"faces": {
				"north": {"uv": [0, 4.5, 1, 6], "texture": "#0"},
				"east": {"uv": [0.5, 4.5, 0, 6], "texture": "#0"},
				"south": {"uv": [1, 4.5, 0, 6], "texture": "#0"},
				"west": {"uv": [1, 4.5, 0.5, 6], "texture": "#0"},
				"up": {"uv": [0, 4.5, 1, 5], "rotation": 180, "texture": "#0"},
				"down": {"uv": [1, 4.5, 0, 5], "rotation": 180, "texture": "#0"}
			}
		},
		{
			"from": [6, 11, 1],
			"to": [10, 14, 3],
			"rotation": {"angle": 0, "axis": "x", "origin": [9, 11, 2]},
			"faces": {
				"north": {"uv": [4.5, 0, 6.5, 1.5], "texture": "#0"},
				"east": {"uv": [3.5, 0, 4.5, 1.5], "texture": "#0"},
				"south": {"uv": [4.5, 0, 6.5, 1.5], "texture": "#0"},
				"west": {"uv": [4.5, 0, 3.5, 1.5], "texture": "#0"},
				"up": {"uv": [0, 0, 2, 1], "texture": "#0"},
				"down": {"uv": [0, 0, 2, 1], "texture": "#0"}
			}
		},
		{
			"from": [3, 5, 7],
			"to": [5, 9, 11],
			"rotation": {"angle": 0, "axis": "y", "origin": [2, 7.1, 7]},
			"faces": {
				"north": {"uv": [10.5, 13.5, 11.5, 15.5], "texture": "#0"},
				"east": {"uv": [11, 13.5, 13, 15.5], "texture": "#0"},
				"south": {"uv": [10.5, 13.5, 11.5, 15.5], "texture": "#0"},
				"west": {"uv": [11, 13.5, 13, 15.5], "texture": "#0"},
				"up": {"uv": [11, 13, 13, 14], "rotation": 90, "texture": "#0"},
				"down": {"uv": [11, 13, 13, 14], "rotation": 90, "texture": "#0"}
			}
		},
		{
			"from": [11, 5, 7],
			"to": [13, 9, 11],
			"rotation": {"angle": 0, "axis": "y", "origin": [12, 7, 9]},
			"faces": {
				"north": {"uv": [10.5, 13.5, 11.5, 15.5], "texture": "#0"},
				"east": {"uv": [11, 13.5, 13, 15.5], "texture": "#0"},
				"south": {"uv": [10.5, 13.5, 11.5, 15.5], "texture": "#0"},
				"west": {"uv": [11, 13.5, 13, 15.5], "texture": "#0"},
				"up": {"uv": [11, 13, 13, 14], "rotation": 270, "texture": "#0"},
				"down": {"uv": [11, 13, 13, 14], "rotation": 270, "texture": "#0"}
			}
		},
		{
			"from": [5, 0, 4],
			"to": [7, 3, 6],
			"rotation": {"angle": 0, "axis": "z", "origin": [6, 1.5, 5]},
			"faces": {
				"north": {"uv": [10, 2, 11, 3.5], "texture": "#0"},
				"east": {"uv": [10, 2, 11, 3.5], "texture": "#0"},
				"south": {"uv": [10, 2, 11, 3.5], "texture": "#0"},
				"west": {"uv": [10, 2, 11, 3.5], "texture": "#0"},
				"up": {"uv": [10, 2, 11, 3], "texture": "#0"},
				"down": {"uv": [10, 2, 11, 3], "texture": "#0"}
			}
		},
		{
			"from": [9, 0, 4],
			"to": [11, 3, 6],
			"rotation": {"angle": 0, "axis": "z", "origin": [10, 1.5, 5]},
			"faces": {
				"north": {"uv": [10, 2, 11, 3.5], "texture": "#0"},
				"east": {"uv": [10, 2, 11, 3.5], "texture": "#0"},
				"south": {"uv": [10, 2, 11, 3.5], "texture": "#0"},
				"west": {"uv": [10, 2, 11, 3.5], "texture": "#0"},
				"up": {"uv": [10, 2, 11, 3], "texture": "#0"},
				"down": {"uv": [10, 2, 11, 3], "texture": "#0"}
			}
		},
		{
			"from": [9, 0, 9],
			"to": [11, 3, 11],
			"rotation": {"angle": 0, "axis": "z", "origin": [10, 1.5, 10]},
			"faces": {
				"north": {"uv": [10, 2, 11, 3.5], "texture": "#0"},
				"east": {"uv": [10, 2, 11, 3.5], "texture": "#0"},
				"south": {"uv": [10, 2, 11, 3.5], "texture": "#0"},
				"west": {"uv": [10, 2, 11, 3.5], "texture": "#0"},
				"up": {"uv": [10, 2, 11, 3], "texture": "#0"},
				"down": {"uv": [10, 2, 11, 3], "texture": "#0"}
			}
		},
		{
			"from": [5, 0, 9],
			"to": [7, 3, 11],
			"rotation": {"angle": 0, "axis": "z", "origin": [6, 1.5, 10]},
			"faces": {
				"north": {"uv": [10, 2, 11, 3.5], "texture": "#0"},
				"east": {"uv": [10, 2, 11, 3.5], "texture": "#0"},
				"south": {"uv": [10, 2, 11, 3.5], "texture": "#0"},
				"west": {"uv": [10, 2, 11, 3.5], "texture": "#0"},
				"up": {"uv": [10, 2, 11, 3], "texture": "#0"},
				"down": {"uv": [10, 2, 11, 3], "texture": "#0"}
			}
		}
	],
	"display": {
		"thirdperson_righthand": {
			"rotation": [75, 45, 0],
			"translation": [0, 2.5, 0],
			"scale": [0.375, 0.375, 0.375]
		},
		"thirdperson_lefthand": {
			"rotation": [75, 45, 0],
			"translation": [0, 2.5, 0],
			"scale": [0.375, 0.375, 0.375]
		},
		"firstperson_righthand": {
			"rotation": [-9, 155, -3],
			"translation": [2.25, 2, 0],
			"scale": [0.5, 0.5, 0.5]
		},
		"firstperson_lefthand": {
			"rotation": [-9, 155, -3],
			"translation": [1.75, 2, 0],
			"scale": [0.5, 0.5, 0.5]
		},
		"ground": {
			"translation": [0, 3, 0],
			"scale": [0.25, 0.25, 0.25]
		},
		"gui": {
			"rotation": [30, 225, 0],
			"translation": [-0.25, 0.5, 0],
			"scale": [0.9, 0.9, 0.9]
		},
		"head": {
			"translation": [0, 14.5, 0]
		},
		"fixed": {
			"translation": [0, 0.5, 0],
			"scale": [1.2, 1.2, 1.2]
		}
	},
	"groups": [
		{
			"name": "right_wing",
			"origin": [8.5, 5, 9],
			"color": 0,
			"children": []
		},
		{
			"name": "group",
			"origin": [14.5, 2.75, 6],
			"color": 0,
			"children": []
		},
		0,
		1,
		2,
		3,
		4,
		5,
		6,
		7,
		8,
		9,
		10,
		11
	]
}