{
	"credit": "by YSBB Made with Blockbench",
	"render_type": "cutout",
	"texture_size": [32, 32],
	"textures": {
		"0": "kaleidoscope:block/doll/doll_45",
		"particle": "block/white_wool"
	},
	"elements": [
		{
			"from": [8, 0.01, 7],
			"to": [13, 4.01, 11],
			"rotation": {"angle": 0, "axis": "x", "origin": [10.5, 3, 7.75]},
			"faces": {
				"north": {"uv": [13.5, 0, 16, 2], "texture": "#0"},
				"east": {"uv": [11, 0, 13, 2], "texture": "#0"},
				"south": {"uv": [11, 4.5, 13.5, 2.5], "texture": "#0"},
				"west": {"uv": [0, 0, 2, 2], "texture": "#0"},
				"up": {"uv": [11, 2.5, 13.5, 4.5], "texture": "#0"},
				"down": {"uv": [0, 0, 2.5, 2], "texture": "#0"}
			}
		},
		{
			"from": [9, 0, 5],
			"to": [12, 2, 7],
			"rotation": {"angle": 0, "axis": "x", "origin": [10.5, 3, 7.75]},
			"faces": {
				"north": {"uv": [14, 2.5, 15.5, 3.5], "texture": "#0"},
				"east": {"uv": [13.5, 2.5, 14.5, 3.5], "texture": "#0"},
				"south": {"uv": [14, 2.5, 15.5, 3.5], "texture": "#0"},
				"west": {"uv": [15, 2.5, 16, 3.5], "texture": "#0"},
				"up": {"uv": [14, 3, 15.5, 2], "texture": "#0"},
				"down": {"uv": [14, 0.5, 15.5, 1.5], "texture": "#0"}
			}
		},
		{
			"from": [11, 4, 9],
			"to": [13, 6, 10],
			"rotation": {"angle": 0, "axis": "x", "origin": [10.5, 3, 7.75]},
			"faces": {
				"north": {"uv": [14.5, 4.5, 15.5, 5.5], "texture": "#0"},
				"east": {"uv": [14, 4.5, 14.5, 5.5], "texture": "#0"},
				"south": {"uv": [14.5, 5.5, 15.5, 6.5], "texture": "#0"},
				"west": {"uv": [15.5, 4.5, 16, 5.5], "texture": "#0"},
				"up": {"uv": [14.5, 4, 15.5, 4.5], "texture": "#0"},
				"down": {"uv": [14.5, 4.5, 15.5, 5], "texture": "#0"}
			}
		},
		{
			"from": [8, 4, 9],
			"to": [10, 6, 10],
			"rotation": {"angle": 0, "axis": "x", "origin": [10.5, 3, 7.75]},
			"faces": {
				"north": {"uv": [15.5, 4.5, 14.5, 5.5], "texture": "#0"},
				"east": {"uv": [14, 4.5, 14.5, 5.5], "texture": "#0"},
				"south": {"uv": [14.5, 5.5, 15.5, 6.5], "texture": "#0"},
				"west": {"uv": [15.5, 4.5, 16, 5.5], "texture": "#0"},
				"up": {"uv": [14.5, 4, 15.5, 4.5], "texture": "#0"},
				"down": {"uv": [14.5, 4.5, 15.5, 5], "texture": "#0"}
			}
		},
		{
			"from": [4.07874, 0, 8.03606],
			"to": [10.07874, 4, 13.03606],
			"rotation": {"angle": 0, "axis": "y", "origin": [7.17874, 2.5, 10.78606]},
			"faces": {
				"north": {"uv": [0, 0, 3, 2], "texture": "#0"},
				"east": {"uv": [3, 0, 5.5, 2], "texture": "#0"},
				"south": {"uv": [0, 0, 3, 2], "texture": "#0"},
				"west": {"uv": [7.5, 2, 5, 0], "texture": "#0"},
				"up": {"uv": [0, 0, 3, 2.5], "texture": "#0"},
				"down": {"uv": [0, 0, 3, 2.5], "texture": "#0"}
			}
		},
		{
			"from": [2.6565, 0.02, 3.02782],
			"to": [7.6565, 5.02, 11.02782],
			"rotation": {"angle": -22.5, "axis": "y", "origin": [4.6565, 2, 7.02782]},
			"faces": {
				"north": {"uv": [4, 3.5, 6.5, 6], "texture": "#0"},
				"east": {"uv": [4, 3.5, 0, 6], "texture": "#0"},
				"south": {"uv": [1.5, 3.5, 4, 6], "texture": "#0"},
				"west": {"uv": [0, 3.5, 4, 6], "texture": "#0"},
				"up": {"uv": [4, 3.5, 0, 6], "rotation": 270, "texture": "#0"},
				"down": {"uv": [4, 3.5, 0, 6], "rotation": 90, "texture": "#0"}
			}
		}
	],
	"display": {
		"thirdperson_righthand": {
			"rotation": [75, 45, 0],
			"translation": [0, 2.5, 0],
			"scale": [0.375, 0.375, 0.375]
		},
		"thirdperson_lefthand": {
			"rotation": [75, 45, 0],
			"translation": [0, 2.5, 0],
			"scale": [0.375, 0.375, 0.375]
		},
		"firstperson_righthand": {
			"rotation": [-9, 155, -3],
			"translation": [0.5, 4, 0],
			"scale": [0.5, 0.5, 0.5]
		},
		"firstperson_lefthand": {
			"rotation": [-9, 155, -3],
			"translation": [0.5, 4, 0],
			"scale": [0.5, 0.5, 0.5]
		},
		"ground": {
			"translation": [0, 2, 0],
			"scale": [0.5, 0.5, 0.5]
		},
		"gui": {
			"rotation": [30, 225, 0],
			"translation": [0, 5, 0],
			"scale": [1.1, 1.1, 1.1]
		},
		"head": {
			"translation": [0.5, 14.5, 0]
		},
		"fixed": {
			"translation": [0, 3.5, 0],
			"scale": [1.2, 1.2, 1.2]
		}
	},
	"groups": [
		{
			"name": "right_wing",
			"origin": [8.5, 5, 9],
			"color": 0,
			"children": []
		},
		{
			"name": "group",
			"origin": [14.5, 2.75, 6],
			"color": 0,
			"children": []
		},
		0,
		1,
		2,
		3,
		4,
		5
	]
}