{
	"credit": "Made by YSBB with Blockbench",
	"render_type": "cutout",
	"texture_size": [32, 32],
	"textures": {
		"0": "kaleidoscope:block/doll/doll_33",
		"particle": "block/white_wool"
	},
	"elements": [
		{
			"from": [5, 4, 6],
			"to": [11, 10, 12],
			"rotation": {"angle": 0, "axis": "y", "origin": [5, 4, 6]},
			"faces": {
				"north": {"uv": [0, 0, 3, 3], "texture": "#0"},
				"east": {"uv": [6.5, 0, 3.5, 3], "texture": "#0"},
				"south": {"uv": [10.5, 0, 13.5, 3], "texture": "#0"},
				"west": {"uv": [3.5, 0, 6.5, 3], "texture": "#0"},
				"up": {"uv": [7, 3, 10, 0], "texture": "#0"},
				"down": {"uv": [10.5, 0, 13.5, 3], "texture": "#0"}
			}
		},
		{
			"from": [5.5, 0, 7],
			"to": [10.5, 5, 11],
			"rotation": {"angle": 0, "axis": "y", "origin": [7.5, 3, 7]},
			"faces": {
				"north": {"uv": [5, 3.5, 7.5, 6], "texture": "#0"},
				"east": {"uv": [13, 3.5, 11, 6], "texture": "#0"},
				"south": {"uv": [10, 3.5, 12.5, 6], "texture": "#0"},
				"west": {"uv": [11, 3.5, 13, 6], "texture": "#0"},
				"down": {"uv": [10, 3.5, 12.5, 5.5], "texture": "#0"}
			}
		},
		{
			"from": [10, 3, 5.5],
			"to": [12, 5, 9.5],
			"rotation": {"angle": 0, "axis": "y", "origin": [11, 4, 9.5]},
			"faces": {
				"north": {"uv": [3.5, 6.5, 4.5, 7.5], "texture": "#0"},
				"east": {"uv": [3.5, 6, 4.5, 4], "rotation": 90, "texture": "#0"},
				"south": {"uv": [3.5, 4, 4.5, 5], "texture": "#0"},
				"west": {"uv": [3.5, 4, 4.5, 6], "rotation": 90, "texture": "#0"},
				"up": {"uv": [3.5, 6, 4.5, 4], "texture": "#0"},
				"down": {"uv": [3.5, 4, 4.5, 6], "texture": "#0"}
			}
		},
		{
			"from": [4.72074, 0, 5.11522],
			"to": [6.72074, 2, 9.11522],
			"rotation": {"angle": 22.5, "axis": "y", "origin": [5.72074, 1, 7.11522]},
			"faces": {
				"north": {"uv": [8, 7, 9, 8], "texture": "#0"},
				"east": {"uv": [8, 7.5, 9, 5.5], "rotation": 90, "texture": "#0"},
				"west": {"uv": [8, 5.5, 9, 7.5], "rotation": 90, "texture": "#0"},
				"up": {"uv": [8, 7.5, 9, 5.5], "texture": "#0"},
				"down": {"uv": [8, 5.5, 9, 7.5], "texture": "#0"}
			}
		},
		{
			"from": [9.7, 0, 5],
			"to": [11.7, 2, 9],
			"rotation": {"angle": -22.5, "axis": "y", "origin": [10.2, 1, 6]},
			"faces": {
				"north": {"uv": [9, 7, 8, 8], "rotation": 270, "texture": "#0"},
				"east": {"uv": [8, 7.5, 9, 5.5], "rotation": 90, "texture": "#0"},
				"west": {"uv": [8, 5.5, 9, 7.5], "rotation": 90, "texture": "#0"},
				"up": {"uv": [8, 7.5, 9, 5.5], "texture": "#0"},
				"down": {"uv": [8, 5.5, 9, 7.5], "texture": "#0"}
			}
		},
		{
			"from": [4, 3, 5.5],
			"to": [6, 5, 9.5],
			"rotation": {"angle": 0, "axis": "y", "origin": [5, 4, 9.5]},
			"faces": {
				"north": {"uv": [3.5, 6.5, 4.5, 7.5], "rotation": 180, "texture": "#0"},
				"east": {"uv": [3.5, 4, 4.5, 6], "rotation": 270, "texture": "#0"},
				"south": {"uv": [3.5, 5, 4.5, 6], "rotation": 180, "texture": "#0"},
				"west": {"uv": [3.5, 6, 4.5, 4], "rotation": 270, "texture": "#0"},
				"up": {"uv": [3.5, 4, 4.5, 6], "rotation": 180, "texture": "#0"},
				"down": {"uv": [3.5, 6, 4.5, 4], "rotation": 180, "texture": "#0"}
			}
		},
		{
			"from": [7, 3.5, 5],
			"to": [9, 5.5, 6],
			"rotation": {"angle": 0, "axis": "y", "origin": [7, 4.5, 4]},
			"faces": {
				"north": {"uv": [14, 0, 15, 1], "texture": "#0"},
				"east": {"uv": [14, 0, 14.5, 1], "texture": "#0"},
				"south": {"uv": [14, 0, 15, 1], "texture": "#0"},
				"west": {"uv": [14, 0, 14.5, 1], "texture": "#0"},
				"up": {"uv": [15, 0, 14, 0.5], "texture": "#0"},
				"down": {"uv": [15, 0, 14, 0.5], "texture": "#0"}
			}
		}
	],
	"display": {
		"thirdperson_righthand": {
			"rotation": [60, 0, 0],
			"translation": [-6, 0, 3]
		},
		"thirdperson_lefthand": {
			"rotation": [60, 0, 0],
			"translation": [-6, 0, 3]
		},
		"firstperson_righthand": {
			"rotation": [-9, 155, -3],
			"translation": [0.5, 4, 0],
			"scale": [0.5, 0.5, 0.5]
		},
		"firstperson_lefthand": {
			"rotation": [-9, 155, -3],
			"translation": [0.5, 4, 0],
			"scale": [0.5, 0.5, 0.5]
		},
		"ground": {
			"translation": [0, 2, 0],
			"scale": [0.5, 0.5, 0.5]
		},
		"gui": {
			"rotation": [30, 225, 0],
			"translation": [0.75, 2.25, 0]
		},
		"head": {
			"translation": [0, 14.5, 0]
		},
		"fixed": {
			"translation": [0, 3.5, 0],
			"scale": [1.2, 1.2, 1.2]
		}
	},
	"groups": [
		{
			"name": "group",
			"origin": [16.75, 11.25, 2.75],
			"color": 0,
			"children": []
		},
		0,
		1,
		2,
		3,
		4,
		5,
		6
	]
}