{
	"credit": "by YSBB Made with Blockbench",
	"render_type": "cutout",
	"texture_size": [32, 32],
	"textures": {
		"0": "kaleidoscope:block/doll/doll_40",
		"particle": "block/white_wool"
	},
	"elements": [
		{
			"from": [4, 0, 6],
			"to": [11, 5, 13],
			"faces": {
				"north": {"uv": [12, 0, 9.5, 3.5], "rotation": 90, "texture": "#0"},
				"east": {"uv": [12, 0, 9.5, 3.5], "rotation": 90, "texture": "#0"},
				"south": {"uv": [12, 0, 9.5, 3.5], "rotation": 90, "texture": "#0"},
				"west": {"uv": [12, 0, 9.5, 3.5], "rotation": 90, "texture": "#0"},
				"up": {"uv": [12.5, 0, 16, 3.5], "texture": "#0"},
				"down": {"uv": [9.5, 4, 13, 7.5], "texture": "#0"}
			}
		},
		{
			"from": [5, 0, 3],
			"to": [10, 4, 6],
			"faces": {
				"north": {"uv": [2.5, 2.5, 5, 4.5], "texture": "#0"},
				"east": {"uv": [1, 2.5, 2.5, 4.5], "texture": "#0"},
				"west": {"uv": [5, 2.5, 6.5, 4.5], "texture": "#0"},
				"up": {"uv": [5, 2.5, 2.5, 1], "texture": "#0"},
				"down": {"uv": [0, 0, 2.5, 1.5], "texture": "#0"}
			}
		},
		{
			"from": [4, 4, 4],
			"to": [11, 6, 4],
			"faces": {
				"north": {"uv": [5, 0, 8.5, 1], "texture": "#0"},
				"east": {"uv": [0, 0, 0, 1], "texture": "#0"},
				"south": {"uv": [8.5, 0, 5, 1], "texture": "#0"},
				"west": {"uv": [0, 0, 0, 1], "texture": "#0"},
				"up": {"uv": [0, 0, 3.5, 0], "texture": "#0"},
				"down": {"uv": [0, 0, 3.5, 0], "texture": "#0"}
			}
		},
		{
			"from": [6, 0, 2],
			"to": [9, 2, 3],
			"faces": {
				"north": {"uv": [3, 3.5, 4.5, 4.5], "texture": "#0"},
				"east": {"uv": [3, 3.5, 3.5, 4.5], "texture": "#0"},
				"south": {"uv": [0, 0, 1.5, 1], "texture": "#0"},
				"west": {"uv": [4, 3.5, 4.5, 4.5], "texture": "#0"},
				"up": {"uv": [3, 3.5, 4.5, 4], "texture": "#0"},
				"down": {"uv": [0, 0, 1.5, 0.5], "texture": "#0"}
			}
		},
		{
			"from": [2, 0, 5],
			"to": [5, 2, 7],
			"rotation": {"angle": -22.5, "axis": "y", "origin": [3.5, 1, 6]},
			"faces": {
				"north": {"uv": [12, 5, 13, 6.5], "rotation": 90, "texture": "#0"},
				"east": {"uv": [12, 5, 13, 6], "rotation": 90, "texture": "#0"},
				"south": {"uv": [12, 5, 13, 6.5], "rotation": 90, "texture": "#0"},
				"west": {"uv": [12, 5, 13, 6], "rotation": 90, "texture": "#0"},
				"up": {"uv": [12, 5, 13, 6.5], "rotation": 90, "texture": "#0"},
				"down": {"uv": [12, 5, 13, 6.5], "rotation": 90, "texture": "#0"}
			}
		},
		{
			"from": [10, 0, 5],
			"to": [13, 2, 7],
			"rotation": {"angle": 22.5, "axis": "y", "origin": [11.5, 1, 6]},
			"faces": {
				"north": {"uv": [12, 5, 13, 6.5], "rotation": 90, "texture": "#0"},
				"east": {"uv": [12, 5, 13, 6], "rotation": 90, "texture": "#0"},
				"south": {"uv": [12, 5, 13, 6.5], "rotation": 90, "texture": "#0"},
				"west": {"uv": [12, 5, 13, 6], "rotation": 90, "texture": "#0"},
				"up": {"uv": [12, 5, 13, 6.5], "rotation": 270, "texture": "#0"},
				"down": {"uv": [12, 5, 13, 6.5], "rotation": 270, "texture": "#0"}
			}
		},
		{
			"from": [8.5, 0, 12],
			"to": [10.5, 2, 15],
			"rotation": {"angle": 0, "axis": "y", "origin": [9.5, 1, 13.5]},
			"faces": {
				"north": {"uv": [12, 5, 13, 6], "rotation": 90, "texture": "#0"},
				"east": {"uv": [12, 5, 13, 6.5], "rotation": 90, "texture": "#0"},
				"south": {"uv": [12, 5, 13, 6], "rotation": 90, "texture": "#0"},
				"west": {"uv": [12, 5, 13, 6.5], "rotation": 90, "texture": "#0"},
				"up": {"uv": [12, 5, 13, 6.5], "texture": "#0"},
				"down": {"uv": [12, 5, 13, 6.5], "rotation": 180, "texture": "#0"}
			}
		},
		{
			"from": [2, 0, 11.5],
			"to": [5, 2, 13.5],
			"rotation": {"angle": 45, "axis": "y", "origin": [3.5, 1, 12.5]},
			"faces": {
				"north": {"uv": [12, 5, 13, 6.5], "rotation": 90, "texture": "#0"},
				"east": {"uv": [12, 5, 13, 6], "rotation": 90, "texture": "#0"},
				"south": {"uv": [12, 5, 13, 6.5], "rotation": 90, "texture": "#0"},
				"west": {"uv": [12, 5, 13, 6], "rotation": 90, "texture": "#0"},
				"up": {"uv": [12, 5, 13, 6.5], "rotation": 90, "texture": "#0"},
				"down": {"uv": [12, 5, 13, 6.5], "rotation": 90, "texture": "#0"}
			}
		},
		{
			"from": [7, 3, 13],
			"to": [8, 8, 14],
			"rotation": {"angle": 0, "axis": "y", "origin": [7, 4, 13]},
			"faces": {
				"north": {"uv": [15.5, 7.5, 16, 10], "texture": "#0"},
				"east": {"uv": [15.5, 7.5, 16, 10], "texture": "#0"},
				"south": {"uv": [15.5, 7.5, 16, 10], "texture": "#0"},
				"west": {"uv": [15.5, 7.5, 16, 10], "texture": "#0"},
				"up": {"uv": [15.5, 7.5, 16, 8], "texture": "#0"},
				"down": {"uv": [15.5, 7.5, 16, 8], "texture": "#0"}
			}
		}
	],
	"display": {
		"thirdperson_righthand": {
			"rotation": [75, 45, 0],
			"translation": [0, 2.5, 0],
			"scale": [0.375, 0.375, 0.375]
		},
		"thirdperson_lefthand": {
			"rotation": [75, 45, 0],
			"translation": [0, 2.5, 0],
			"scale": [0.375, 0.375, 0.375]
		},
		"firstperson_righthand": {
			"rotation": [-9, 155, -3],
			"translation": [0.5, 5, 0],
			"scale": [0.5, 0.5, 0.5]
		},
		"firstperson_lefthand": {
			"rotation": [-9, 155, -3],
			"translation": [0.5, 5, 0],
			"scale": [0.5, 0.5, 0.5]
		},
		"ground": {
			"translation": [0, 2, 0],
			"scale": [0.5, 0.5, 0.5]
		},
		"gui": {
			"rotation": [30, 225, 0],
			"translation": [0.25, 3.75, 0]
		},
		"head": {
			"translation": [0.5, 14.5, 0]
		},
		"fixed": {
			"translation": [0, 3.5, 0],
			"scale": [1.2, 1.2, 1.2]
		}
	},
	"groups": [
		{
			"name": "right_wing",
			"origin": [8.5, 5, 9],
			"color": 0,
			"children": []
		},
		{
			"name": "group",
			"origin": [14.5, 2.75, 6],
			"color": 0,
			"children": []
		},
		0,
		1,
		2,
		3,
		4,
		5,
		6,
		7,
		8
	]
}