{
	"credit": "by YSBB Made with Blockbench",
	"render_type": "cutout",
	"texture_size": [32, 32],
	"textures": {
		"0": "kaleidoscope:block/doll/doll_64",
		"particle": "block/white_wool"
	},
	"elements": [
		{
			"from": [5, 0, 6],
			"to": [10, 5, 10],
			"rotation": {"angle": 0, "axis": "x", "origin": [7, 0, 9]},
			"faces": {
				"north": {"uv": [6, 2.5, 8.5, 5], "texture": "#0"},
				"east": {"uv": [6, 2.5, 8, 5], "texture": "#0"},
				"south": {"uv": [6, 2.5, 8.5, 5], "texture": "#0"},
				"west": {"uv": [6, 2.5, 8, 5], "texture": "#0"},
				"up": {"uv": [6.5, 2.5, 9, 4.5], "rotation": 180, "texture": "#0"},
				"down": {"uv": [6, 3, 8.5, 5], "texture": "#0"}
			}
		},
		{
			"from": [5, 5, 5],
			"to": [10, 9, 9],
			"rotation": {"angle": 0, "axis": "y", "origin": [7, 6, 7]},
			"faces": {
				"north": {"uv": [0, 0, 2.5, 2], "texture": "#0"},
				"east": {"uv": [2, 2.5, 0, 4.5], "texture": "#0"},
				"south": {"uv": [0, 5, 2.5, 7], "texture": "#0"},
				"west": {"uv": [0, 2.5, 2, 4.5], "texture": "#0"},
				"up": {"uv": [0, 5, 2.5, 7], "texture": "#0"},
				"down": {"uv": [0, 0, 2.5, 2], "texture": "#0"}
			}
		},
		{
			"from": [6, 5, 3],
			"to": [9, 7, 5],
			"rotation": {"angle": 0, "axis": "y", "origin": [7, 5, 3]},
			"faces": {
				"north": {"uv": [3.5, 0, 5, 1], "texture": "#0"},
				"east": {"uv": [5.5, 0, 6.5, 1], "texture": "#0"},
				"south": {"uv": [5.5, 0, 7, 1], "texture": "#0"},
				"west": {"uv": [6.5, 0, 5.5, 1], "texture": "#0"},
				"up": {"uv": [7.5, 1, 9, 0], "texture": "#0"},
				"down": {"uv": [3.5, 2.5, 5, 1.5], "texture": "#0"}
			}
		},
		{
			"from": [5, 9, 6],
			"to": [7, 11, 7],
			"rotation": {"angle": 0, "axis": "y", "origin": [5, 9, 6]},
			"faces": {
				"north": {"uv": [9.5, 0, 10.5, 1], "texture": "#0"},
				"east": {"uv": [9.5, 0, 10, 1], "texture": "#0"},
				"south": {"uv": [9.5, 0, 10.5, 1], "texture": "#0"},
				"west": {"uv": [9.5, 0, 10, 1], "texture": "#0"},
				"up": {"uv": [9.5, 0, 10.5, 0.5], "texture": "#0"},
				"down": {"uv": [9.5, 0, 10.5, 0.5], "texture": "#0"}
			}
		},
		{
			"from": [8, 9, 6],
			"to": [10, 11, 7],
			"rotation": {"angle": 0, "axis": "y", "origin": [8, 9, 6]},
			"faces": {
				"north": {"uv": [9.5, 0, 10.5, 1], "texture": "#0"},
				"east": {"uv": [9.5, 0, 10, 1], "texture": "#0"},
				"south": {"uv": [9.5, 0, 10.5, 1], "texture": "#0"},
				"west": {"uv": [9.5, 0, 10, 1], "texture": "#0"},
				"up": {"uv": [9.5, 0, 10.5, 0.5], "texture": "#0"},
				"down": {"uv": [9.5, 0, 10.5, 0.5], "texture": "#0"}
			}
		},
		{
			"from": [5.1, -0.25, 5.2],
			"to": [7.1, 3.75, 6.2],
			"rotation": {"angle": 22.5, "axis": "x", "origin": [6.1, 1.75, 6.2]},
			"faces": {
				"north": {"uv": [10, 3, 11, 5], "texture": "#0"},
				"east": {"uv": [10, 3, 10.5, 5], "texture": "#0"},
				"south": {"uv": [10, 3, 11, 5], "texture": "#0"},
				"west": {"uv": [10, 3, 10.5, 5], "texture": "#0"},
				"up": {"uv": [10, 3, 11, 3.5], "texture": "#0"},
				"down": {"uv": [10, 3, 11, 3.5], "texture": "#0"}
			}
		},
		{
			"from": [7.9, -0.25, 5.2],
			"to": [9.9, 3.75, 6.2],
			"rotation": {"angle": 22.5, "axis": "x", "origin": [8.9, 1.75, 6.2]},
			"faces": {
				"north": {"uv": [10, 3, 11, 5], "texture": "#0"},
				"east": {"uv": [10, 3, 10.5, 5], "texture": "#0"},
				"south": {"uv": [10, 3, 11, 5], "texture": "#0"},
				"west": {"uv": [10, 3, 10.5, 5], "texture": "#0"},
				"up": {"uv": [10, 3, 11, 3.5], "texture": "#0"},
				"down": {"uv": [10, 3, 11, 3.5], "texture": "#0"}
			}
		},
		{
			"from": [3, 0, 7],
			"to": [5, 2, 9],
			"rotation": {"angle": 0, "axis": "y", "origin": [3, 0, 6]},
			"faces": {
				"north": {"uv": [12.5, 3, 11.5, 4], "texture": "#0"},
				"east": {"uv": [11.5, 3, 12.5, 4], "texture": "#0"},
				"south": {"uv": [11.5, 3, 12.5, 4], "texture": "#0"},
				"west": {"uv": [11.5, 3, 12.5, 4], "texture": "#0"},
				"up": {"uv": [11.5, 3, 12.5, 4], "texture": "#0"},
				"down": {"uv": [11.5, 3, 12.5, 4], "texture": "#0"}
			}
		},
		{
			"from": [10, 0, 7],
			"to": [12, 2, 9],
			"rotation": {"angle": 0, "axis": "y", "origin": [10, 0, 6]},
			"faces": {
				"north": {"uv": [11.5, 3, 12.5, 4], "texture": "#0"},
				"east": {"uv": [11.5, 3, 12.5, 4], "texture": "#0"},
				"south": {"uv": [12.5, 3, 11.5, 4], "texture": "#0"},
				"west": {"uv": [11.5, 3, 12.5, 4], "texture": "#0"},
				"up": {"uv": [12.5, 3, 11.5, 4], "texture": "#0"},
				"down": {"uv": [11.5, 3, 12.5, 4], "texture": "#0"}
			}
		}
	],
	"display": {
		"thirdperson_righthand": {
			"rotation": [75, 45, 0],
			"translation": [0, 2.5, 0],
			"scale": [0.375, 0.375, 0.375]
		},
		"thirdperson_lefthand": {
			"rotation": [75, 45, 0],
			"translation": [0, 2.5, 0],
			"scale": [0.375, 0.375, 0.375]
		},
		"firstperson_righthand": {
			"rotation": [-9, 155, -3],
			"translation": [0.5, 4, 0],
			"scale": [0.5, 0.5, 0.5]
		},
		"firstperson_lefthand": {
			"rotation": [-9, 155, -3],
			"translation": [0.5, 4, 0],
			"scale": [0.5, 0.5, 0.5]
		},
		"ground": {
			"translation": [0, 2, 0],
			"scale": [0.5, 0.5, 0.5]
		},
		"gui": {
			"rotation": [30, 225, 0],
			"translation": [-1, 3.25, 0],
			"scale": [1.1, 1.1, 1.1]
		},
		"head": {
			"translation": [0.5, 14.5, 1]
		},
		"fixed": {
			"translation": [0, 2, 0],
			"scale": [1.2, 1.2, 1.2]
		}
	},
	"groups": [
		{
			"name": "right_wing",
			"origin": [8.5, 5, 9],
			"color": 0,
			"children": []
		},
		{
			"name": "group",
			"origin": [14.5, 2.75, 6],
			"color": 0,
			"children": []
		},
		0,
		1,
		2,
		3,
		4,
		5,
		6,
		7,
		8
	]
}