{
	"credit": "by YSBB Made with Blockbench",
	"render_type": "cutout",
	"texture_size": [32, 32],
	"textures": {
		"0": "kaleidoscope:block/doll/doll_24",
		"particle": "kaleidoscope:block/doll/doll_24"
	},
	"elements": [
		{
			"from": [5, 4, 6],
			"to": [11, 10, 12],
			"rotation": {"angle": 0, "axis": "y", "origin": [8, -4, 8]},
			"faces": {
				"north": {"uv": [0.5, 0, 3.5, 3], "texture": "#0"},
				"east": {"uv": [4, 0, 7, 3], "texture": "#0"},
				"south": {"uv": [4, 0, 7, 3], "texture": "#0"},
				"west": {"uv": [4, 0, 7, 3], "texture": "#0"},
				"up": {"uv": [12, 1, 15, 4], "texture": "#0"},
				"down": {"uv": [4, 1, 6, 3], "texture": "#0"}
			}
		},
		{
			"from": [10, 0, 11],
			"to": [13, 3, 14],
			"faces": {
				"north": {"uv": [12, 7.5, 13.5, 9], "texture": "#0"},
				"east": {"uv": [12, 7.5, 13.5, 9], "texture": "#0"},
				"south": {"uv": [12, 7.5, 13.5, 9], "texture": "#0"},
				"west": {"uv": [12, 7.5, 13.5, 9], "texture": "#0"},
				"up": {"uv": [12, 9.5, 13.5, 11], "texture": "#0"},
				"down": {"uv": [12, 9.5, 13.5, 11], "texture": "#0"}
			}
		},
		{
			"from": [2, 0, 10],
			"to": [5, 3, 13],
			"rotation": {"angle": 0, "axis": "y", "origin": [0, 0, 0.75]},
			"faces": {
				"north": {"uv": [12, 7.5, 13.5, 9], "texture": "#0"},
				"east": {"uv": [12, 7.5, 13.5, 9], "texture": "#0"},
				"south": {"uv": [12, 7.5, 13.5, 9], "texture": "#0"},
				"west": {"uv": [12, 7.5, 13.5, 9], "texture": "#0"},
				"up": {"uv": [12, 9.5, 13.5, 11], "texture": "#0"},
				"down": {"uv": [12, 9.5, 13.5, 11], "texture": "#0"}
			}
		},
		{
			"from": [7, 4.5, 5],
			"to": [9, 6.5, 6],
			"rotation": {"angle": 0, "axis": "y", "origin": [7, 4.5, 4]},
			"faces": {
				"north": {"uv": [1.5, 10, 2.5, 11], "texture": "#0"},
				"east": {"uv": [1.5, 10, 2, 11], "texture": "#0"},
				"south": {"uv": [1.5, 10, 2.5, 11], "texture": "#0"},
				"west": {"uv": [1.5, 10, 2, 11], "texture": "#0"},
				"up": {"uv": [2.5, 10, 1.5, 10.5], "texture": "#0"},
				"down": {"uv": [2.5, 10, 1.5, 10.5], "texture": "#0"}
			}
		},
		{
			"from": [3, 1, 8.5],
			"to": [7, 3, 10.5],
			"rotation": {"angle": 45, "axis": "z", "origin": [5, 2, 9.5]},
			"faces": {
				"north": {"uv": [1, 3, 2, 5], "rotation": 270, "texture": "#0"},
				"east": {"uv": [1, 4, 2, 5], "rotation": 180, "texture": "#0"},
				"south": {"uv": [1, 5, 2, 3], "rotation": 270, "texture": "#0"},
				"west": {"uv": [1, 3, 2, 4], "texture": "#0"},
				"up": {"uv": [1, 3, 2, 5], "rotation": 90, "texture": "#0"},
				"down": {"uv": [1, 5, 2, 3], "rotation": 270, "texture": "#0"}
			}
		},
		{
			"from": [9.2, 0, 5],
			"to": [11.2, 2, 9],
			"rotation": {"angle": -22.5, "axis": "y", "origin": [10.2, 1, 6]},
			"faces": {
				"north": {"uv": [1, 15, 0, 16], "rotation": 270, "texture": "#0"},
				"east": {"uv": [3, 15, 4, 13], "rotation": 90, "texture": "#0"},
				"west": {"uv": [3, 13, 4, 15], "rotation": 90, "texture": "#0"},
				"up": {"uv": [3, 15, 4, 13], "texture": "#0"},
				"down": {"uv": [3, 13, 4, 15], "texture": "#0"}
			}
		},
		{
			"from": [4.18268, 0, 4.92388],
			"to": [6.18268, 2, 8.92388],
			"rotation": {"angle": 45, "axis": "y", "origin": [6.18268, 1, 6.92388]},
			"faces": {
				"north": {"uv": [0, 15, 1, 16], "texture": "#0"},
				"east": {"uv": [2, 15, 3, 13], "rotation": 90, "texture": "#0"},
				"west": {"uv": [2, 13, 3, 15], "rotation": 90, "texture": "#0"},
				"up": {"uv": [2, 15, 3, 13], "texture": "#0"},
				"down": {"uv": [2, 13, 3, 15], "texture": "#0"}
			}
		},
		{
			"from": [9, 3, 8.5],
			"to": [13, 5, 10.5],
			"rotation": {"angle": 22.5, "axis": "z", "origin": [11, 4, 9.5]},
			"faces": {
				"north": {"uv": [0.5, 3, 1.5, 5], "rotation": 90, "texture": "#0"},
				"east": {"uv": [1.5, 3, 2.5, 4], "texture": "#0"},
				"south": {"uv": [0.5, 5, 1.5, 3], "rotation": 90, "texture": "#0"},
				"west": {"uv": [0.5, 3, 1.5, 4], "texture": "#0"},
				"up": {"uv": [0.5, 5, 1.5, 3], "rotation": 90, "texture": "#0"},
				"down": {"uv": [0.5, 3, 1.5, 5], "rotation": 270, "texture": "#0"}
			}
		},
		{
			"from": [5.5, 0, 7],
			"to": [10.5, 5, 11],
			"rotation": {"angle": 0, "axis": "y", "origin": [7.5, 3, 7]},
			"faces": {
				"north": {"uv": [0.5, 3, 3, 5.5], "texture": "#0"},
				"east": {"uv": [5, 3, 7, 5.5], "texture": "#0"},
				"south": {"uv": [0.5, 3, 3, 5.5], "texture": "#0"},
				"west": {"uv": [5, 3, 7, 5.5], "texture": "#0"},
				"down": {"uv": [1, 3, 3.5, 5], "texture": "#0"}
			}
		},
		{
			"from": [2, 8, 4],
			"to": [13, 8, 15],
			"rotation": {"angle": 0, "axis": "y", "origin": [2, 8, 5]},
			"faces": {
				"up": {"uv": [10.5, 0, 16, 5.5], "texture": "#0"},
				"down": {"uv": [10.5, 0, 16, 5.5], "texture": "#0"}
			}
		},
		{
			"from": [2, 8.1, 4],
			"to": [13, 8.1, 15],
			"rotation": {"angle": 0, "axis": "y", "origin": [2, 8.1, 5]},
			"faces": {
				"up": {"uv": [10.5, 0, 16, 5.5], "texture": "#0"},
				"down": {"uv": [10.5, 0, 16, 5.5], "texture": "#0"}
			}
		},
		{
			"from": [2, 7.85, 4],
			"to": [13, 7.85, 15],
			"rotation": {"angle": 0, "axis": "y", "origin": [2, 7.85, 5]},
			"faces": {
				"up": {"uv": [10.5, 0, 16, 5.5], "texture": "#0"},
				"down": {"uv": [10.5, 0, 16, 5.5], "texture": "#0"}
			}
		},
		{
			"from": [2, 7.95, 4],
			"to": [13, 7.95, 15],
			"rotation": {"angle": 0, "axis": "y", "origin": [2, 7.95, 5]},
			"faces": {
				"up": {"uv": [10.5, 0, 16, 5.5], "texture": "#0"},
				"down": {"uv": [10.5, 0, 16, 5.5], "texture": "#0"}
			}
		},
		{
			"from": [12.4, 4.5, 8],
			"to": [14.4, 6.5, 10],
			"rotation": {"angle": 22.5, "axis": "z", "origin": [13, 6, 9]},
			"faces": {
				"north": {"uv": [8, 5, 9, 6], "rotation": 270, "texture": "#0"},
				"east": {"uv": [8, 5, 9, 6], "rotation": 90, "texture": "#0"},
				"south": {"uv": [8, 5, 9, 6], "rotation": 90, "texture": "#0"},
				"west": {"uv": [8, 5, 9, 6], "rotation": 90, "texture": "#0"},
				"up": {"uv": [8, 5, 9, 6], "rotation": 90, "texture": "#0"},
				"down": {"uv": [8, 5, 9, 6], "rotation": 90, "texture": "#0"}
			}
		}
	],
	"display": {
		"thirdperson_righthand": {
			"rotation": [75, 45, 0],
			"translation": [0, 2.5, 0],
			"scale": [0.375, 0.375, 0.375]
		},
		"thirdperson_lefthand": {
			"rotation": [75, 45, 0],
			"translation": [0, 2.5, 0],
			"scale": [0.375, 0.375, 0.375]
		},
		"firstperson_righthand": {
			"rotation": [-9, 155, -3],
			"translation": [0.5, 4, 0],
			"scale": [0.5, 0.5, 0.5]
		},
		"firstperson_lefthand": {
			"rotation": [-9, 155, -3],
			"translation": [0.5, 4, 0],
			"scale": [0.5, 0.5, 0.5]
		},
		"ground": {
			"translation": [0, 2, 0],
			"scale": [0.5, 0.5, 0.5]
		},
		"gui": {
			"rotation": [30, 225, 0],
			"translation": [1, 2.5, 0]
		},
		"head": {
			"translation": [0, 14.5, 0]
		},
		"fixed": {
			"translation": [0, 3.5, 0],
			"scale": [1.2, 1.2, 1.2]
		}
	},
	"groups": [
		{
			"name": "right_wing",
			"origin": [8.5, 5, 9],
			"color": 0,
			"children": []
		},
		{
			"name": "group",
			"origin": [14.5, 2.75, 6],
			"color": 0,
			"children": []
		},
		0,
		1,
		2,
		3,
		4,
		5,
		6,
		7,
		8,
		9,
		10,
		11,
		12,
		13
	]
}