{
	"credit": "by YSBB Made with Blockbench",
	"render_type": "cutout",
	"texture_size": [32, 32],
	"textures": {
		"0": "kaleidoscope:block/doll/doll_41",
		"particle": "block/white_wool"
	},
	"elements": [
		{
			"from": [5, 6, 5],
			"to": [11, 11, 11],
			"rotation": {"angle": 0, "axis": "y", "origin": [10, 5, 5]},
			"faces": {
				"north": {"uv": [3.5, 12.5, 6.5, 15], "texture": "#0"},
				"east": {"uv": [3.5, 12.5, 6.5, 15], "texture": "#0"},
				"south": {"uv": [3.5, 12.5, 6.5, 15], "texture": "#0"},
				"west": {"uv": [3.5, 12.5, 6.5, 15], "texture": "#0"},
				"up": {"uv": [3.5, 12.5, 6.5, 15.5], "texture": "#0"},
				"down": {"uv": [3.5, 12.5, 6.5, 15.5], "texture": "#0"}
			}
		},
		{
			"from": [7, 11, 4],
			"to": [9, 12, 6],
			"rotation": {"angle": 0, "axis": "x", "origin": [8, 11, 6.5]},
			"faces": {
				"north": {"uv": [8, 1, 9, 1.5], "texture": "#0"},
				"east": {"uv": [8, 1, 9, 1.5], "texture": "#0"},
				"south": {"uv": [8, 0.5, 9, 1], "texture": "#0"},
				"west": {"uv": [8, 1, 9, 1.5], "texture": "#0"},
				"up": {"uv": [8.5, 1, 9.5, 0], "texture": "#0"},
				"down": {"uv": [11, 0, 12, 1], "texture": "#0"}
			}
		},
		{
			"from": [5.5, 0, 8],
			"to": [10.5, 6, 8],
			"rotation": {"angle": 0, "axis": "y", "origin": [8.5, 0, 6]},
			"faces": {
				"north": {"uv": [10, 4.5, 12.5, 7], "texture": "#0"},
				"south": {"uv": [10, 4.5, 12.5, 7], "texture": "#0"}
			}
		},
		{
			"from": [6, 8, 6],
			"to": [10, 13, 10],
			"rotation": {"angle": 0, "axis": "x", "origin": [8, 11, 6.5]},
			"faces": {
				"north": {"uv": [0.5, 13.5, 2.5, 16], "texture": "#0"},
				"east": {"uv": [5.5, 13, 7.5, 15.5], "texture": "#0"},
				"south": {"uv": [4.5, 13.5, 6.5, 16], "texture": "#0"},
				"west": {"uv": [4.5, 12.5, 7, 14.5], "rotation": 90, "texture": "#0"},
				"up": {"uv": [0.5, 13, 2.5, 11], "texture": "#0"},
				"down": {"uv": [0.5, 0, 2.5, 2], "texture": "#0"}
			}
		},
		{
			"from": [3.5, 0.01, 5],
			"to": [11.5, 0.01, 9],
			"rotation": {"angle": 0, "axis": "y", "origin": [6.5, 0, 5]},
			"faces": {
				"up": {"uv": [9, 9, 13, 7], "texture": "#0"}
			}
		},
		{
			"from": [8, 9, 4],
			"to": [8, 11, 6],
			"rotation": {"angle": 0, "axis": "y", "origin": [6, 9, 3]},
			"faces": {
				"east": {"uv": [9, 2, 8, 3], "texture": "#0"},
				"west": {"uv": [8, 2, 9, 3], "texture": "#0"}
			}
		}
	],
	"display": {
		"thirdperson_righthand": {
			"rotation": [75, 45, 0],
			"translation": [0, 2.5, 0],
			"scale": [0.375, 0.375, 0.375]
		},
		"thirdperson_lefthand": {
			"rotation": [75, 45, 0],
			"translation": [0, 2.5, 0],
			"scale": [0.375, 0.375, 0.375]
		},
		"firstperson_righthand": {
			"rotation": [-9, 155, -3],
			"translation": [0.5, 4, 0],
			"scale": [0.5, 0.5, 0.5]
		},
		"firstperson_lefthand": {
			"rotation": [-9, 155, -3],
			"translation": [0.5, 4, 0],
			"scale": [0.5, 0.5, 0.5]
		},
		"ground": {
			"translation": [0, 2, 0],
			"scale": [0.5, 0.5, 0.5]
		},
		"gui": {
			"rotation": [30, 225, 0],
			"translation": [0, 1.5, 0]
		},
		"head": {
			"translation": [0, 14.5, 0]
		},
		"fixed": {
			"translation": [0, 1.5, 0],
			"scale": [1.2, 1.2, 1.2]
		}
	},
	"groups": [
		{
			"name": "right_wing",
			"origin": [8.5, 5, 9],
			"color": 0,
			"children": []
		},
		{
			"name": "group",
			"origin": [14.5, 2.75, 6],
			"color": 0,
			"children": []
		},
		0,
		1,
		2,
		3,
		4,
		5
	]
}