{
	"credit": "by YSBB Made with Blockbench",
	"render_type": "cutout",
	"texture_size": [32, 32],
	"textures": {
		"0": "kaleidoscope:block/doll/doll_60",
		"particle": "block/white_wool"
	},
	"elements": [
		{
			"from": [5.5, 2, 3],
			"to": [10.5, 6, 7],
			"rotation": {"angle": 0, "axis": "y", "origin": [4.5, 2, 3]},
			"faces": {
				"north": {"uv": [0, 0, 2.5, 2], "texture": "#0"},
				"east": {"uv": [5, 0, 3, 2], "texture": "#0"},
				"south": {"uv": [0, 0, 2.5, 2], "texture": "#0"},
				"west": {"uv": [3, 0, 5, 2], "texture": "#0"},
				"up": {"uv": [0, 0, 2.5, 2], "texture": "#0"},
				"down": {"uv": [0, 0, 2.5, 2], "texture": "#0"}
			}
		},
		{
			"from": [5, 0, 6],
			"to": [11, 5, 12],
			"rotation": {"angle": 0, "axis": "y", "origin": [5, 0, 7]},
			"faces": {
				"north": {"uv": [8.5, 0, 11.5, 2.5], "texture": "#0"},
				"east": {"uv": [8.5, 0, 5.5, 2.5], "texture": "#0"},
				"south": {"uv": [12, 0, 15, 2.5], "texture": "#0"},
				"west": {"uv": [5.5, 0, 8.5, 2.5], "texture": "#0"},
				"up": {"uv": [8.5, 0, 11.5, 3], "rotation": 90, "texture": "#0"},
				"down": {"uv": [0, 0, 3, 3], "texture": "#0"}
			}
		},
		{
			"from": [5.5, 6, 5],
			"to": [7.5, 10, 6],
			"rotation": {"angle": 0, "axis": "y", "origin": [5.5, 6, 4]},
			"faces": {
				"north": {"uv": [2, 3, 1, 5], "texture": "#0"},
				"east": {"uv": [2, 3, 1.5, 5], "texture": "#0"},
				"south": {"uv": [1, 3, 2, 5], "texture": "#0"},
				"west": {"uv": [1.5, 3, 1, 5], "texture": "#0"},
				"up": {"uv": [1, 3, 2, 3.5], "texture": "#0"},
				"down": {"uv": [2, 3, 1, 3.5], "texture": "#0"}
			}
		},
		{
			"from": [8.5, 6, 5],
			"to": [10.5, 10, 6],
			"rotation": {"angle": 0, "axis": "y", "origin": [9.5, 8, 5.5]},
			"faces": {
				"north": {"uv": [1, 3, 2, 5], "texture": "#0"},
				"east": {"uv": [1.5, 3, 1, 5], "texture": "#0"},
				"south": {"uv": [2, 3, 1, 5], "texture": "#0"},
				"west": {"uv": [2, 3, 1.5, 5], "texture": "#0"},
				"up": {"uv": [1, 3, 2, 3.5], "rotation": 180, "texture": "#0"},
				"down": {"uv": [2, 3, 1, 3.5], "rotation": 180, "texture": "#0"}
			}
		},
		{
			"from": [5, 0, 4],
			"to": [7, 2, 6],
			"rotation": {"angle": 0, "axis": "y", "origin": [5, 0, 4]},
			"faces": {
				"north": {"uv": [0, 0, 1, 1], "texture": "#0"},
				"east": {"uv": [0, 0, 1, 1], "texture": "#0"},
				"south": {"uv": [0, 0, 1, 1], "texture": "#0"},
				"west": {"uv": [0, 0, 1, 1], "texture": "#0"},
				"up": {"uv": [0, 0, 1, 1], "texture": "#0"},
				"down": {"uv": [0, 0, 1, 1], "texture": "#0"}
			}
		},
		{
			"from": [9, 0, 4],
			"to": [11, 2, 6],
			"rotation": {"angle": 0, "axis": "y", "origin": [9, 0, 4]},
			"faces": {
				"north": {"uv": [0, 0, 1, 1], "texture": "#0"},
				"east": {"uv": [0, 0, 1, 1], "texture": "#0"},
				"south": {"uv": [0, 0, 1, 1], "texture": "#0"},
				"west": {"uv": [0, 0, 1, 1], "texture": "#0"},
				"up": {"uv": [0, 0, 1, 1], "texture": "#0"},
				"down": {"uv": [0, 0, 1, 1], "texture": "#0"}
			}
		},
		{
			"from": [7, 0, 12],
			"to": [9, 2, 14],
			"rotation": {"angle": 0, "axis": "y", "origin": [7, 0, 12]},
			"faces": {
				"north": {"uv": [12.5, 0, 13.5, 1], "texture": "#0"},
				"east": {"uv": [12.5, 0, 13.5, 1], "texture": "#0"},
				"south": {"uv": [12.5, 0, 13.5, 1], "texture": "#0"},
				"west": {"uv": [12.5, 0, 13.5, 1], "texture": "#0"},
				"up": {"uv": [12.5, 0, 13.5, 1], "texture": "#0"},
				"down": {"uv": [12.5, 0, 13.5, 1], "texture": "#0"}
			}
		}
	],
	"display": {
		"thirdperson_righthand": {
			"rotation": [75, 45, 0],
			"translation": [0, 2.5, 0],
			"scale": [0.375, 0.375, 0.375]
		},
		"thirdperson_lefthand": {
			"rotation": [75, 45, 0],
			"translation": [0, 2.5, 0],
			"scale": [0.375, 0.375, 0.375]
		},
		"firstperson_righthand": {
			"rotation": [-9, 155, -3],
			"translation": [0.5, 4, 0],
			"scale": [0.5, 0.5, 0.5]
		},
		"firstperson_lefthand": {
			"rotation": [-9, 155, -3],
			"translation": [0.5, 4, 0],
			"scale": [0.5, 0.5, 0.5]
		},
		"ground": {
			"translation": [0, 2, 0],
			"scale": [0.5, 0.5, 0.5]
		},
		"gui": {
			"rotation": [30, 225, 0],
			"translation": [0, 3.75, 0]
		},
		"head": {
			"translation": [0, 14.5, 0]
		},
		"fixed": {
			"translation": [0, 3.5, 0],
			"scale": [1.2, 1.2, 1.2]
		}
	},
	"groups": [
		{
			"name": "right_wing",
			"origin": [8.5, 5, 9],
			"color": 0,
			"children": []
		},
		{
			"name": "group",
			"origin": [14.5, 2.75, 6],
			"color": 0,
			"children": []
		},
		0,
		1,
		2,
		3,
		4,
		5,
		6
	]
}