{
	"credit": "Made with Blockbench",
	"render_type": "cutout",
	"texture_size": [32, 32],
	"textures": {
		"1": "kaleidoscope:block/doll/doll_14",
		"particle": "block/white_wool"
	},
	"elements": [
		{
			"from": [7, 7.5, 3.5],
			"to": [9, 11.5, 5.5],
			"rotation": {"angle": -22.5, "axis": "x", "origin": [7.5, 11, 5]},
			"faces": {
				"north": {"uv": [3, 13, 4, 15], "texture": "#1"},
				"east": {"uv": [3, 13, 4, 15], "texture": "#1"},
				"south": {"uv": [3, 13, 4, 15], "texture": "#1"},
				"west": {"uv": [3, 13, 4, 15], "texture": "#1"},
				"up": {"uv": [3, 13, 4, 14], "texture": "#1"},
				"down": {"uv": [3, 13, 4, 14], "texture": "#1"}
			}
		},
		{
			"from": [7, 6.79811, 10.4782],
			"to": [10, 10.79811, 12.4782],
			"rotation": {"angle": 22.5, "axis": "x", "origin": [8, 4.25, 13.36209]},
			"faces": {
				"north": {"uv": [3, 15, 4, 13], "rotation": 180, "texture": "#1"},
				"east": {"uv": [3, 15, 4, 13], "rotation": 180, "texture": "#1"},
				"south": {"uv": [3, 15, 4, 13], "rotation": 180, "texture": "#1"},
				"west": {"uv": [3, 15, 4, 13], "rotation": 180, "texture": "#1"},
				"up": {"uv": [3, 13, 4, 14], "texture": "#1"},
				"down": {"uv": [3, 13, 4, 14], "texture": "#1"}
			}
		},
		{
			"from": [7, 0.95189, 10.2282],
			"to": [9, 4.95189, 12.2282],
			"rotation": {"angle": -22.5, "axis": "x", "origin": [8, 7.5, 13.11209]},
			"faces": {
				"north": {"uv": [3, 13, 4, 15], "rotation": 180, "texture": "#1"},
				"east": {"uv": [3, 13, 4, 15], "rotation": 180, "texture": "#1"},
				"south": {"uv": [3, 13, 4, 15], "rotation": 180, "texture": "#1"},
				"west": {"uv": [3, 13, 4, 15], "rotation": 180, "texture": "#1"},
				"up": {"uv": [3, 13, 4, 14], "texture": "#1"},
				"down": {"uv": [3, 13, 4, 14], "texture": "#1"}
			}
		},
		{
			"from": [10, 0.5, 3.5],
			"to": [12, 4.5, 5.5],
			"rotation": {"angle": 22.5, "axis": "x", "origin": [10.5, 1, 5]},
			"faces": {
				"north": {"uv": [3, 15, 4, 13], "texture": "#1"},
				"east": {"uv": [3, 15, 4, 13], "texture": "#1"},
				"south": {"uv": [3, 15, 4, 13], "texture": "#1"},
				"west": {"uv": [3, 15, 4, 13], "texture": "#1"},
				"up": {"uv": [3, 13, 4, 14], "texture": "#1"},
				"down": {"uv": [3, 13, 4, 14], "texture": "#1"}
			}
		},
		{
			"from": [4, 0.5, 3.5],
			"to": [6, 4.5, 5.5],
			"rotation": {"angle": 22.5, "axis": "x", "origin": [4.5, 1, 5]},
			"faces": {
				"north": {"uv": [3, 15, 4, 13], "texture": "#1"},
				"east": {"uv": [3, 15, 4, 13], "texture": "#1"},
				"south": {"uv": [3, 15, 4, 13], "texture": "#1"},
				"west": {"uv": [3, 15, 4, 13], "texture": "#1"},
				"up": {"uv": [3, 13, 4, 14], "texture": "#1"},
				"down": {"uv": [3, 13, 4, 14], "texture": "#1"}
			}
		},
		{
			"from": [2.25, 5, 3.5],
			"to": [6.25, 7, 5.5],
			"rotation": {"angle": -22.5, "axis": "y", "origin": [2.75, 6.5, 5]},
			"faces": {
				"north": {"uv": [3, 13, 4, 15], "rotation": 90, "texture": "#1"},
				"east": {"uv": [3, 13, 4, 14], "rotation": 270, "texture": "#1"},
				"south": {"uv": [3, 13, 4, 15], "rotation": 270, "texture": "#1"},
				"west": {"uv": [3, 13, 4, 14], "rotation": 270, "texture": "#1"},
				"up": {"uv": [3, 13, 4, 15], "rotation": 270, "texture": "#1"},
				"down": {"uv": [3, 13, 4, 15], "rotation": 270, "texture": "#1"}
			}
		},
		{
			"from": [9.5, 5, 3.75],
			"to": [13.5, 7, 5.75],
			"rotation": {"angle": 22.5, "axis": "y", "origin": [13, 6.5, 5.25]},
			"faces": {
				"north": {"uv": [3, 15, 4, 13], "rotation": 90, "texture": "#1"},
				"east": {"uv": [3, 14, 4, 13], "rotation": 270, "texture": "#1"},
				"south": {"uv": [3, 15, 4, 13], "rotation": 270, "texture": "#1"},
				"west": {"uv": [3, 14, 4, 13], "rotation": 270, "texture": "#1"},
				"up": {"uv": [3, 15, 4, 13], "rotation": 270, "texture": "#1"},
				"down": {"uv": [3, 13, 4, 15], "rotation": 270, "texture": "#1"}
			}
		},
		{
			"from": [9.29811, 5, 9.9782],
			"to": [13.29811, 7, 11.9782],
			"rotation": {"angle": -22.5, "axis": "y", "origin": [6.75, 6, 12.86209]},
			"faces": {
				"north": {"uv": [3, 13, 4, 15], "rotation": 270, "texture": "#1"},
				"east": {"uv": [3, 13, 4, 14], "rotation": 270, "texture": "#1"},
				"south": {"uv": [3, 13, 4, 15], "rotation": 90, "texture": "#1"},
				"west": {"uv": [3, 13, 4, 14], "rotation": 270, "texture": "#1"},
				"up": {"uv": [3, 13, 4, 15], "rotation": 90, "texture": "#1"},
				"down": {"uv": [3, 13, 4, 15], "rotation": 90, "texture": "#1"}
			}
		},
		{
			"from": [2.95189, 5, 10.2282],
			"to": [6.95189, 7, 12.2282],
			"rotation": {"angle": 22.5, "axis": "y", "origin": [9.5, 6, 13.11209]},
			"faces": {
				"north": {"uv": [3, 15, 4, 13], "rotation": 270, "texture": "#1"},
				"east": {"uv": [3, 14, 4, 13], "rotation": 270, "texture": "#1"},
				"south": {"uv": [3, 15, 4, 13], "rotation": 90, "texture": "#1"},
				"west": {"uv": [3, 14, 4, 13], "rotation": 270, "texture": "#1"},
				"up": {"uv": [3, 15, 4, 13], "rotation": 90, "texture": "#1"},
				"down": {"uv": [3, 13, 4, 15], "rotation": 90, "texture": "#1"}
			}
		},
		{
			"from": [0.5, 5.75, 8],
			"to": [4.5, 7.75, 10],
			"rotation": {"angle": 45, "axis": "z", "origin": [8.5, 6.75, 9]},
			"faces": {
				"north": {"uv": [3, 15, 4, 13], "rotation": 270, "texture": "#1"},
				"east": {"uv": [3, 14, 4, 13], "rotation": 270, "texture": "#1"},
				"south": {"uv": [3, 15, 4, 13], "rotation": 90, "texture": "#1"},
				"west": {"uv": [3, 14, 4, 13], "rotation": 270, "texture": "#1"},
				"up": {"uv": [3, 15, 4, 13], "rotation": 90, "texture": "#1"},
				"down": {"uv": [3, 13, 4, 15], "rotation": 90, "texture": "#1"}
			}
		},
		{
			"from": [7.5, 9.25, 8],
			"to": [9.5, 13.25, 10],
			"rotation": {"angle": 45, "axis": "z", "origin": [8.5, 5.25, 9]},
			"faces": {
				"north": {"uv": [3, 15, 4, 13], "rotation": 180, "texture": "#1"},
				"east": {"uv": [3, 15, 4, 13], "rotation": 180, "texture": "#1"},
				"south": {"uv": [3, 15, 4, 13], "rotation": 180, "texture": "#1"},
				"west": {"uv": [3, 15, 4, 13], "rotation": 180, "texture": "#1"},
				"up": {"uv": [3, 13, 4, 14], "texture": "#1"},
				"down": {"uv": [3, 13, 4, 14], "texture": "#1"}
			}
		},
		{
			"from": [11.5, 4.25, 8],
			"to": [15.5, 6.25, 10],
			"rotation": {"angle": 45, "axis": "z", "origin": [7.5, 5.25, 9]},
			"faces": {
				"north": {"uv": [3, 13, 4, 15], "rotation": 270, "texture": "#1"},
				"east": {"uv": [3, 13, 4, 14], "rotation": 270, "texture": "#1"},
				"south": {"uv": [3, 13, 4, 15], "rotation": 90, "texture": "#1"},
				"west": {"uv": [3, 13, 4, 14], "rotation": 270, "texture": "#1"},
				"up": {"uv": [3, 13, 4, 15], "rotation": 90, "texture": "#1"},
				"down": {"uv": [3, 13, 4, 15], "rotation": 90, "texture": "#1"}
			}
		},
		{
			"from": [6.5, -1.25, 8],
			"to": [8.5, 2.75, 10],
			"rotation": {"angle": 45, "axis": "z", "origin": [7.5, 6.75, 9]},
			"faces": {
				"north": {"uv": [3, 13, 4, 15], "rotation": 180, "texture": "#1"},
				"east": {"uv": [3, 13, 4, 15], "rotation": 180, "texture": "#1"},
				"south": {"uv": [3, 13, 4, 15], "rotation": 180, "texture": "#1"},
				"west": {"uv": [3, 13, 4, 15], "rotation": 180, "texture": "#1"},
				"up": {"uv": [3, 13, 4, 14], "texture": "#1"},
				"down": {"uv": [3, 13, 4, 14], "texture": "#1"}
			}
		},
		{
			"from": [3, 1, 4],
			"to": [13, 11, 14],
			"rotation": {"angle": 0, "axis": "y", "origin": [0, -1, 0]},
			"faces": {
				"north": {"uv": [5.5, 11, 10.5, 16], "texture": "#1"},
				"east": {"uv": [11, 11, 16, 16], "texture": "#1"},
				"south": {"uv": [11, 11, 16, 16], "texture": "#1"},
				"west": {"uv": [11, 11, 16, 16], "texture": "#1"},
				"up": {"uv": [16, 11, 11, 16], "texture": "#1"},
				"down": {"uv": [11, 11, 16, 16], "texture": "#1"}
			}
		}
	],
	"display": {
		"thirdperson_righthand": {
			"rotation": [60, 0, 0],
			"translation": [-6, 2, 3]
		},
		"thirdperson_lefthand": {
			"rotation": [60, 0, 0],
			"translation": [-6, 2, 3]
		},
		"firstperson_righthand": {
			"rotation": [-9, 155, -3],
			"translation": [0.5, 4, 0],
			"scale": [0.5, 0.5, 0.5]
		},
		"firstperson_lefthand": {
			"rotation": [-9, 155, -3],
			"translation": [0.5, 4, 0],
			"scale": [0.5, 0.5, 0.5]
		},
		"ground": {
			"translation": [0, 2, 0],
			"scale": [0.5, 0.5, 0.5]
		},
		"gui": {
			"rotation": [30, 225, 0],
			"translation": [0.5, 1.5, 0],
			"scale": [0.9, 0.9, 0.9]
		},
		"head": {
			"translation": [0, 14.5, 0]
		},
		"fixed": {
			"translation": [0, 3.5, 0],
			"scale": [1.2, 1.2, 1.2]
		}
	}
}