{
	"credit": "Made with Blockbench",
	"render_type": "cutout",
	"texture_size": [32, 32],
	"textures": {
		"1": "kaleidoscope:block/doll/doll_2",
		"particle": "block/white_wool"
	},
	"elements": [
		{
			"from": [5, 5, 4],
			"to": [11, 11, 10],
			"rotation": {"angle": 0, "axis": "y", "origin": [8, 5.5, 7.5]},
			"faces": {
				"north": {"uv": [9, 9.5, 12, 12.5], "texture": "#1"},
				"east": {"uv": [12.5, 9.5, 15.5, 12.5], "texture": "#1"},
				"south": {"uv": [12.5, 9.5, 15.5, 12.5], "texture": "#1"},
				"west": {"uv": [12.5, 9.5, 15.5, 12.5], "texture": "#1"},
				"up": {"uv": [5.5, 9.5, 8.5, 12.5], "rotation": 90, "texture": "#1"},
				"down": {"uv": [1.5, 9.5, 4.5, 12.5], "rotation": 270, "texture": "#1"}
			}
		},
		{
			"from": [4.5, 11.5, 3.5],
			"to": [11.5, 4.5, 10.5],
			"rotation": {"angle": 0, "axis": "y", "origin": [7.5, 11, 7]},
			"faces": {
				"north": {"uv": [0, 3.5, 3, 0.5], "texture": "#1"},
				"east": {"uv": [0, 3.5, 3, 0.5], "texture": "#1"},
				"south": {"uv": [0, 3.5, 3, 0.5], "texture": "#1"},
				"west": {"uv": [0, 3.5, 3, 0.5], "texture": "#1"},
				"up": {"uv": [4.5, 5, 7.5, 8], "rotation": 90, "texture": "#1"},
				"down": {"uv": [0, 5, 3, 8], "rotation": 270, "texture": "#1"}
			}
		},
		{
			"from": [11, 3, 2],
			"to": [13, 7, 4],
			"rotation": {"angle": 0, "axis": "y", "origin": [8, 4.5, 7.5]},
			"faces": {
				"north": {"uv": [9, 13, 10, 15], "texture": "#1"},
				"east": {"uv": [9, 13, 10, 15], "texture": "#1"},
				"south": {"uv": [9, 13, 10, 15], "texture": "#1"},
				"west": {"uv": [9, 13, 10, 15], "texture": "#1"},
				"up": {"uv": [9, 13, 10, 14], "rotation": 90, "texture": "#1"},
				"down": {"uv": [2.5, 10.5, 3.5, 11.5], "rotation": 270, "texture": "#1"}
			}
		},
		{
			"from": [12, 4, 8],
			"to": [14, 8, 10],
			"rotation": {"angle": 0, "axis": "y", "origin": [8, 5.5, 7.5]},
			"faces": {
				"north": {"uv": [9, 13, 10, 15], "texture": "#1"},
				"east": {"uv": [9, 13, 10, 15], "texture": "#1"},
				"south": {"uv": [9, 13, 10, 15], "texture": "#1"},
				"west": {"uv": [9, 13, 10, 15], "texture": "#1"},
				"up": {"uv": [9, 13, 10, 14], "rotation": 90, "texture": "#1"},
				"down": {"uv": [2.5, 10.5, 3.5, 11.5], "rotation": 270, "texture": "#1"}
			}
		},
		{
			"from": [7, 4, 11],
			"to": [9, 8, 13],
			"rotation": {"angle": 0, "axis": "y", "origin": [8, 5.5, 7.5]},
			"faces": {
				"north": {"uv": [9, 13, 10, 15], "texture": "#1"},
				"east": {"uv": [9, 13, 10, 15], "texture": "#1"},
				"south": {"uv": [9, 13, 10, 15], "texture": "#1"},
				"west": {"uv": [9, 13, 10, 15], "texture": "#1"},
				"up": {"uv": [9, 13, 10, 14], "rotation": 90, "texture": "#1"},
				"down": {"uv": [2.5, 10.5, 3.5, 11.5], "rotation": 270, "texture": "#1"}
			}
		},
		{
			"from": [3, 3, 2],
			"to": [5, 7, 4],
			"rotation": {"angle": 0, "axis": "y", "origin": [8, 4.5, 7.5]},
			"faces": {
				"north": {"uv": [9, 13, 10, 15], "texture": "#1"},
				"east": {"uv": [9, 13, 10, 15], "texture": "#1"},
				"south": {"uv": [9, 13, 10, 15], "texture": "#1"},
				"west": {"uv": [9, 13, 10, 15], "texture": "#1"},
				"up": {"uv": [9, 13, 10, 14], "rotation": 90, "texture": "#1"},
				"down": {"uv": [2.5, 10.5, 3.5, 11.5], "rotation": 270, "texture": "#1"}
			}
		},
		{
			"from": [5, 1, 4],
			"to": [7, 4, 6],
			"rotation": {"angle": 0, "axis": "y", "origin": [8, 4.5, 7.5]},
			"faces": {
				"north": {"uv": [10, 13.5, 9, 15], "texture": "#1"},
				"east": {"uv": [10, 13.5, 9, 15], "texture": "#1"},
				"south": {"uv": [10, 13.5, 9, 15], "texture": "#1"},
				"west": {"uv": [10, 13.5, 9, 15], "texture": "#1"},
				"up": {"uv": [10, 13.5, 9, 14.5], "rotation": 90, "texture": "#1"},
				"down": {"uv": [3.5, 11, 2.5, 12], "rotation": 270, "texture": "#1"}
			}
		},
		{
			"from": [9, 1, 4],
			"to": [11, 4, 6],
			"rotation": {"angle": 0, "axis": "y", "origin": [8, 4.5, 7.5]},
			"faces": {
				"north": {"uv": [10, 13.5, 9, 15], "texture": "#1"},
				"east": {"uv": [10, 13.5, 9, 15], "texture": "#1"},
				"south": {"uv": [10, 13.5, 9, 15], "texture": "#1"},
				"west": {"uv": [10, 13.5, 9, 15], "texture": "#1"},
				"up": {"uv": [10, 13.5, 9, 14.5], "rotation": 90, "texture": "#1"},
				"down": {"uv": [3.5, 11, 2.5, 12], "rotation": 270, "texture": "#1"}
			}
		},
		{
			"from": [5, 1, 8],
			"to": [7, 4, 10],
			"rotation": {"angle": 0, "axis": "y", "origin": [8, 4.5, 7.5]},
			"faces": {
				"north": {"uv": [10, 13.5, 9, 15], "texture": "#1"},
				"east": {"uv": [10, 13.5, 9, 15], "texture": "#1"},
				"south": {"uv": [10, 13.5, 9, 15], "texture": "#1"},
				"west": {"uv": [10, 13.5, 9, 15], "texture": "#1"},
				"up": {"uv": [10, 13.5, 9, 14.5], "rotation": 90, "texture": "#1"},
				"down": {"uv": [3.5, 11, 2.5, 12], "rotation": 270, "texture": "#1"}
			}
		},
		{
			"from": [9, 1, 8],
			"to": [11, 4, 10],
			"rotation": {"angle": 0, "axis": "y", "origin": [8, 4.5, 7.5]},
			"faces": {
				"north": {"uv": [10, 13.5, 9, 15], "texture": "#1"},
				"east": {"uv": [10, 13.5, 9, 15], "texture": "#1"},
				"south": {"uv": [10, 13.5, 9, 15], "texture": "#1"},
				"west": {"uv": [10, 13.5, 9, 15], "texture": "#1"},
				"up": {"uv": [10, 13.5, 9, 14.5], "rotation": 90, "texture": "#1"},
				"down": {"uv": [3.5, 11, 2.5, 12], "rotation": 270, "texture": "#1"}
			}
		},
		{
			"from": [2, 4, 8],
			"to": [4, 8, 10],
			"rotation": {"angle": 0, "axis": "y", "origin": [8, 5.5, 7.5]},
			"faces": {
				"north": {"uv": [9, 13, 10, 15], "texture": "#1"},
				"east": {"uv": [9, 13, 10, 15], "texture": "#1"},
				"south": {"uv": [9, 13, 10, 15], "texture": "#1"},
				"west": {"uv": [9, 13, 10, 15], "texture": "#1"},
				"up": {"uv": [9, 13, 10, 14], "rotation": 90, "texture": "#1"},
				"down": {"uv": [2.5, 10.5, 3.5, 11.5], "rotation": 270, "texture": "#1"}
			}
		}
	],
	"display": {
		"thirdperson_righthand": {
			"rotation": [75, 45, 0],
			"translation": [0, 2.5, 0],
			"scale": [0.375, 0.375, 0.375]
		},
		"thirdperson_lefthand": {
			"rotation": [75, 45, 0],
			"translation": [0, 2.5, 0],
			"scale": [0.375, 0.375, 0.375]
		},
		"firstperson_righthand": {
			"rotation": [-9, 155, -3],
			"translation": [0.5, 4, 0],
			"scale": [0.5, 0.5, 0.5]
		},
		"firstperson_lefthand": {
			"rotation": [-9, 155, -3],
			"translation": [0.5, 4, 0],
			"scale": [0.5, 0.5, 0.5]
		},
		"ground": {
			"translation": [0, 2, 0],
			"scale": [0.5, 0.5, 0.5]
		},
		"gui": {
			"rotation": [30, 225, 0],
			"translation": [-1, 1.75, 0]
		},
		"head": {
			"translation": [0, 15, 0.5]
		},
		"fixed": {
			"translation": [0, 2, 0],
			"scale": [1.2, 1.2, 1.2]
		}
	},
	"groups": [
		{
			"name": "group",
			"origin": [8, 8, 8],
			"color": 0,
			"children": []
		},
		0,
		1,
		2,
		3,
		4,
		5,
		6,
		7,
		8,
		9,
		10
	]
}