{
	"credit": "Made by YSBB with Blockbench",
	"render_type": "cutout",
	"texture_size": [32, 32],
	"textures": {
		"1": "kaleidoscope:block/doll/doll_6",
		"particle": "block/white_wool"
	},
	"elements": [
		{
			"from": [5, 0, 8],
			"to": [11, 6, 12],
			"rotation": {"angle": 0, "axis": "y", "origin": [-1, -2, 3]},
			"faces": {
				"north": {"uv": [7.5, 10, 10, 13], "texture": "#1"},
				"east": {"uv": [1, 10, 3, 13], "texture": "#1"},
				"south": {"uv": [4, 10.5, 7, 13.5], "texture": "#1"},
				"west": {"uv": [2, 10, 4, 13], "texture": "#1"},
				"down": {"uv": [4, 14, 7, 16], "texture": "#1"}
			}
		},
		{
			"from": [3.09134, -0.03806, 9],
			"to": [5.09134, 5.96194, 11],
			"rotation": {"angle": 0, "axis": "y", "origin": [4.09134, 4.46194, 10]},
			"faces": {
				"north": {"uv": [8, 6, 9, 8.5], "texture": "#1"},
				"east": {"uv": [8, 6, 9, 8.5], "texture": "#1"},
				"south": {"uv": [9, 6, 8, 8.5], "texture": "#1"},
				"west": {"uv": [8, 6, 9, 8.5], "texture": "#1"},
				"up": {"uv": [8, 6, 9, 7], "texture": "#1"},
				"down": {"uv": [9, 6, 8, 7], "texture": "#1"}
			}
		},
		{
			"from": [9, 0, 2.9],
			"to": [11, 2, 7.9],
			"rotation": {"angle": 0, "axis": "y", "origin": [10, 1, 5.9]},
			"faces": {
				"north": {"uv": [8, 7.5, 9, 8.5], "rotation": 90, "texture": "#1"},
				"east": {"uv": [8, 7.5, 9, 9.5], "rotation": 90, "texture": "#1"},
				"south": {"uv": [8, 7.5, 9, 8.5], "rotation": 90, "texture": "#1"},
				"west": {"uv": [9, 7.5, 8, 9.5], "rotation": 270, "texture": "#1"},
				"up": {"uv": [8, 7.5, 9, 9.5], "texture": "#1"},
				"down": {"uv": [8, 7.5, 9, 9.5], "rotation": 180, "texture": "#1"}
			}
		},
		{
			"from": [10.90866, -0.03806, 9],
			"to": [12.90866, 5.96194, 11],
			"rotation": {"angle": 0, "axis": "y", "origin": [11.90866, 4.46194, 10]},
			"faces": {
				"north": {"uv": [9, 5.5, 8, 8.5], "texture": "#1"},
				"east": {"uv": [9, 5.5, 8, 8.5], "texture": "#1"},
				"south": {"uv": [8, 5.5, 9, 8.5], "texture": "#1"},
				"west": {"uv": [8, 5.5, 9, 8.5], "texture": "#1"},
				"up": {"uv": [8, 5.5, 9, 6.5], "texture": "#1"},
				"down": {"uv": [8, 5.5, 9, 6.5], "texture": "#1"}
			}
		},
		{
			"from": [5, 6, 7],
			"to": [11, 12, 13],
			"rotation": {"angle": 0, "axis": "y", "origin": [8, 9, 10]},
			"faces": {
				"north": {"uv": [0, 0, 3, 3], "texture": "#1"},
				"east": {"uv": [6.5, 0, 3.5, 3], "texture": "#1"},
				"south": {"uv": [7, 0, 10, 3], "texture": "#1"},
				"west": {"uv": [3.5, 0, 6.5, 3], "texture": "#1"},
				"up": {"uv": [10.5, 0, 13.5, 3], "texture": "#1"},
				"down": {"uv": [10.5, 0, 13.5, 3], "texture": "#1"}
			}
		},
		{
			"from": [5, 0, 12],
			"to": [11, 6, 8],
			"rotation": {"angle": 0, "axis": "y", "origin": [8, 4, 10]},
			"faces": {
				"north": {"uv": [4, 10.5, 7, 13.5], "texture": "#1"},
				"east": {"uv": [2, 10, 4, 13], "texture": "#1"},
				"south": {"uv": [7.5, 10, 10, 13], "texture": "#1"},
				"west": {"uv": [1, 10, 3, 13], "texture": "#1"},
				"down": {"uv": [4, 14, 7, 16], "rotation": 180, "texture": "#1"}
			}
		},
		{
			"from": [5, 0, 2.9],
			"to": [7, 2, 7.9],
			"rotation": {"angle": 0, "axis": "y", "origin": [6.5, 1, 4.9]},
			"faces": {
				"north": {"uv": [8, 7.5, 9, 8.5], "rotation": 90, "texture": "#1"},
				"east": {"uv": [8, 7.5, 9, 9.5], "rotation": 270, "texture": "#1"},
				"south": {"uv": [8, 7.5, 9, 8.5], "texture": "#1"},
				"west": {"uv": [8, 7.5, 9, 9.5], "rotation": 90, "texture": "#1"},
				"up": {"uv": [8, 7.5, 9, 9.5], "rotation": 180, "texture": "#1"},
				"down": {"uv": [9, 7.5, 8, 9.5], "texture": "#1"}
			}
		}
	],
	"display": {
		"thirdperson_righthand": {
			"rotation": [60, 90, 0],
			"translation": [-6.25, 0, 3]
		},
		"thirdperson_lefthand": {
			"rotation": [60, -90, 0],
			"translation": [-5.75, 0, 3]
		},
		"firstperson_righthand": {
			"rotation": [-9, 155, -3],
			"translation": [0.5, 4, 0],
			"scale": [0.5, 0.5, 0.5]
		},
		"firstperson_lefthand": {
			"rotation": [-9, 155, -3],
			"translation": [0.5, 4, 0],
			"scale": [0.5, 0.5, 0.5]
		},
		"ground": {
			"translation": [0, 2, 0],
			"scale": [0.5, 0.5, 0.5]
		},
		"gui": {
			"rotation": [30, 225, 0],
			"translation": [0.5, 1.5, 0],
			"scale": [0.9, 0.9, 0.9]
		},
		"head": {
			"translation": [0, 14.5, 0]
		},
		"fixed": {
			"translation": [0, 1.5, -2],
			"scale": [1.2, 1.2, 1.2]
		}
	},
	"groups": [
		{
			"name": "group",
			"origin": [5.90866, 1, 5.03806],
			"color": 0,
			"children": [0, 1, 2, 3, 4, 5, 6]
		}
	]
}