{
	"credit": "by YSBB Made with Blockbench",
	"render_type": "cutout",
	"texture_size": [32, 32],
	"textures": {
		"0": "kaleidoscope:block/doll/doll_39",
		"particle": "block/white_wool"
	},
	"elements": [
		{
			"from": [5, 5, 7],
			"to": [11, 8, 13],
			"rotation": {"angle": 0, "axis": "y", "origin": [7, 5, 8]},
			"faces": {
				"north": {"uv": [13, 3.5, 16, 5], "texture": "#0"},
				"east": {"uv": [13, 3.5, 16, 5], "texture": "#0"},
				"south": {"uv": [13, 3.5, 16, 5], "texture": "#0"},
				"west": {"uv": [13, 3.5, 16, 5], "texture": "#0"},
				"up": {"uv": [13, 0, 16, 3], "texture": "#0"},
				"down": {"uv": [0, 0, 3, 3], "texture": "#0"}
			}
		},
		{
			"from": [6, 9, 0],
			"to": [10, 12, 2],
			"rotation": {"angle": 0, "axis": "y", "origin": [7, 8, -2]},
			"faces": {
				"north": {"uv": [6, 0, 8, 1.5], "texture": "#0"},
				"east": {"uv": [7, 0, 8, 1.5], "texture": "#0"},
				"south": {"uv": [0, 0, 2, 1.5], "texture": "#0"},
				"west": {"uv": [6, 0, 7, 1.5], "texture": "#0"},
				"up": {"uv": [6, 2, 8, 3], "texture": "#0"},
				"down": {"uv": [6, 2, 8, 3], "texture": "#0"}
			}
		},
		{
			"from": [5, 0.01, 2],
			"to": [11, 11.91, 7],
			"rotation": {"angle": 0, "axis": "y", "origin": [7, 6, 1]},
			"faces": {
				"north": {"uv": [0, 0, 3, 6], "texture": "#0"},
				"east": {"uv": [6, 0, 3.5, 6], "texture": "#0"},
				"south": {"uv": [9, 0, 12, 6], "texture": "#0"},
				"west": {"uv": [3.5, 0, 6, 6], "texture": "#0"},
				"up": {"uv": [0, 1, 3, 3.5], "texture": "#0"},
				"down": {"uv": [0, 0, 3, 2.5], "texture": "#0"}
			}
		},
		{
			"from": [3, 0, 4],
			"to": [13, 5, 14],
			"rotation": {"angle": 0, "axis": "y", "origin": [7, 0, 8]},
			"faces": {
				"north": {"uv": [11, 12.5, 16, 15], "texture": "#0"},
				"east": {"uv": [11, 12.5, 16, 15], "texture": "#0"},
				"south": {"uv": [5.5, 12.5, 10.5, 15], "texture": "#0"},
				"west": {"uv": [11, 12.5, 16, 15], "texture": "#0"},
				"up": {"uv": [11, 7, 16, 12], "texture": "#0"},
				"down": {"uv": [11, 7, 16, 12], "texture": "#0"}
			}
		},
		{
			"from": [10.7, 0.01, 1],
			"to": [13.7, 2.01, 6],
			"rotation": {"angle": -45, "axis": "y", "origin": [12.5, 1, 3]},
			"faces": {
				"north": {"uv": [5, 10.5, 6.5, 11.5], "texture": "#0"},
				"east": {"uv": [5, 8.5, 6, 11], "rotation": 270, "texture": "#0"},
				"south": {"uv": [5, 8.5, 6.5, 9.5], "texture": "#0"},
				"west": {"uv": [5, 8.5, 6, 11], "rotation": 90, "texture": "#0"},
				"up": {"uv": [5, 11, 6.5, 8.5], "texture": "#0"},
				"down": {"uv": [5, 8.5, 6.5, 11], "texture": "#0"}
			}
		},
		{
			"from": [2.74645, 0.01, 0.85355],
			"to": [5.74645, 2.01, 5.85355],
			"rotation": {"angle": 45, "axis": "y", "origin": [4.14645, 1.1, 3.35355]},
			"faces": {
				"north": {"uv": [5, 10.5, 6.5, 11.5], "texture": "#0"},
				"east": {"uv": [5, 8.5, 6, 11], "rotation": 270, "texture": "#0"},
				"south": {"uv": [5, 8.5, 6.5, 9.5], "texture": "#0"},
				"west": {"uv": [5, 8.5, 6, 11], "rotation": 90, "texture": "#0"},
				"up": {"uv": [5, 11, 6.5, 8.5], "texture": "#0"},
				"down": {"uv": [5, 8.5, 6.5, 11], "texture": "#0"}
			}
		},
		{
			"from": [3.81802, 0.1, 13.53198],
			"to": [6.81802, 2.1, 18.53198],
			"rotation": {"angle": -45, "axis": "y", "origin": [8.14645, 1.1, 13.10355]},
			"faces": {
				"north": {"uv": [5, 8.5, 6.5, 9.5], "texture": "#0"},
				"east": {"uv": [5, 8.5, 6, 11], "rotation": 90, "texture": "#0"},
				"south": {"uv": [5, 10.5, 6.5, 11.5], "texture": "#0"},
				"west": {"uv": [5, 8.5, 6, 11], "rotation": 270, "texture": "#0"},
				"up": {"uv": [5, 11, 6.5, 8.5], "rotation": 180, "texture": "#0"},
				"down": {"uv": [5, 8.5, 6.5, 11], "rotation": 180, "texture": "#0"}
			}
		},
		{
			"from": [8.47487, 0.1, 8.77513],
			"to": [13.47487, 2.1, 11.77513],
			"rotation": {"angle": -45, "axis": "y", "origin": [8.14645, 1.1, 13.10355]},
			"faces": {
				"north": {"uv": [5, 8.5, 6, 11], "rotation": 90, "texture": "#0"},
				"east": {"uv": [5, 10.5, 6.5, 11.5], "texture": "#0"},
				"south": {"uv": [5, 8.5, 6, 11], "rotation": 270, "texture": "#0"},
				"west": {"uv": [5, 8.5, 6.5, 9.5], "texture": "#0"},
				"up": {"uv": [5, 11, 6.5, 8.5], "rotation": 90, "texture": "#0"},
				"down": {"uv": [5, 8.5, 6.5, 11], "rotation": 270, "texture": "#0"}
			}
		},
		{
			"from": [3, 11, 3],
			"to": [5, 12, 5],
			"rotation": {"angle": -22.5, "axis": "z", "origin": [4, 10.5, 4]},
			"faces": {
				"north": {"uv": [0.5, 0, 1.5, 0.5], "texture": "#0"},
				"east": {"uv": [0.5, 0, 1.5, 0.5], "texture": "#0"},
				"south": {"uv": [0.5, 0, 1.5, 0.5], "texture": "#0"},
				"west": {"uv": [0.5, 0, 1.5, 0.5], "texture": "#0"},
				"up": {"uv": [0.5, 0, 1.5, 1], "texture": "#0"},
				"down": {"uv": [0.5, 0, 1.5, 1], "texture": "#0"}
			}
		},
		{
			"from": [10.88268, 10.17388, 3],
			"to": [12.88268, 11.17388, 5],
			"rotation": {"angle": 0, "axis": "z", "origin": [11.88268, 10.67388, 4]},
			"faces": {
				"north": {"uv": [0.5, 0, 1.5, 0.5], "texture": "#0"},
				"east": {"uv": [0.5, 0, 1.5, 0.5], "texture": "#0"},
				"south": {"uv": [0.5, 0, 1.5, 0.5], "texture": "#0"},
				"west": {"uv": [0.5, 0, 1.5, 0.5], "texture": "#0"},
				"up": {"uv": [0.5, 0, 1.5, 1], "texture": "#0"},
				"down": {"uv": [0.5, 0, 1.5, 1], "texture": "#0"}
			}
		}
	],
	"display": {
		"thirdperson_righthand": {
			"rotation": [75, 45, 0],
			"translation": [0, 2.5, 0],
			"scale": [0.375, 0.375, 0.375]
		},
		"thirdperson_lefthand": {
			"rotation": [75, 45, 0],
			"translation": [0, 2.5, 0],
			"scale": [0.375, 0.375, 0.375]
		},
		"firstperson_righthand": {
			"rotation": [-9, 155, -3],
			"translation": [0.5, 4, 0],
			"scale": [0.5, 0.5, 0.5]
		},
		"firstperson_lefthand": {
			"rotation": [-9, 155, -3],
			"translation": [0.5, 4, 0],
			"scale": [0.5, 0.5, 0.5]
		},
		"ground": {
			"translation": [0, 2, 0],
			"scale": [0.5, 0.5, 0.5]
		},
		"gui": {
			"rotation": [30, 225, 0],
			"translation": [0.25, 3.25, 0],
			"scale": [0.9, 0.9, 0.9]
		},
		"head": {
			"translation": [0, 14.5, 0]
		},
		"fixed": {
			"translation": [0, 3.5, 0],
			"scale": [1.2, 1.2, 1.2]
		}
	},
	"groups": [
		{
			"name": "right_wing",
			"origin": [8.5, 5, 9],
			"color": 0,
			"children": []
		},
		{
			"name": "group",
			"origin": [14.5, 2.75, 6],
			"color": 0,
			"children": []
		},
		0,
		1,
		2,
		3,
		4,
		5,
		6,
		7,
		8,
		9
	]
}