{
	"credit": "by YSBB Made with Blockbench",
	"render_type": "cutout",
	"texture_size": [32, 32],
	"textures": {
		"0": "kaleidoscope:block/doll/doll_50",
		"particle": "block/white_wool"
	},
	"elements": [
		{
			"from": [5, 4, 3],
			"to": [11, 10, 12],
			"rotation": {"angle": 0, "axis": "y", "origin": [6, 4, 6]},
			"faces": {
				"north": {"uv": [7, 0, 10, 3], "texture": "#0"},
				"east": {"uv": [7, 0, 11.5, 3], "texture": "#0"},
				"south": {"uv": [7, 0, 10, 3], "texture": "#0"},
				"west": {"uv": [11.5, 4, 7, 7], "texture": "#0"},
				"up": {"uv": [13, 11.5, 16, 16], "texture": "#0"},
				"down": {"uv": [11.5, 1.5, 16, 4.5], "rotation": 90, "texture": "#0"}
			}
		},
		{
			"from": [6.5, 10, 3],
			"to": [9.5, 13, 7],
			"rotation": {"angle": 0, "axis": "y", "origin": [8, 10, 4]},
			"faces": {
				"north": {"uv": [3.5, 2, 5, 3.5], "texture": "#0"},
				"east": {"uv": [5.5, 3.5, 3.5, 5], "texture": "#0"},
				"south": {"uv": [3.5, 5, 5, 6.5], "texture": "#0"},
				"west": {"uv": [3.5, 3.5, 5.5, 5], "texture": "#0"}
			}
		},
		{
			"from": [5.5, 13, 3],
			"to": [10.5, 17, 7],
			"rotation": {"angle": 0, "axis": "y", "origin": [8.5, 14, 2]},
			"faces": {
				"north": {"uv": [0, 0, 2.5, 2], "texture": "#0"},
				"east": {"uv": [0, 2, 2, 4], "texture": "#0"},
				"south": {"uv": [13.5, 5, 16, 7], "texture": "#0"},
				"west": {"uv": [2, 2, 0, 4], "texture": "#0"},
				"up": {"uv": [0, 0, 2.5, 2], "texture": "#0"},
				"down": {"uv": [0, 0, 2.5, 2], "texture": "#0"}
			}
		},
		{
			"from": [5.5, 17, 6],
			"to": [7.5, 19, 7],
			"rotation": {"angle": 0, "axis": "y", "origin": [5.5, 16, 2]},
			"faces": {
				"north": {"uv": [1, 4.5, 0, 5.5], "texture": "#0"},
				"east": {"uv": [1, 4.5, 0.5, 5.5], "texture": "#0"},
				"south": {"uv": [0, 4.5, 1, 5.5], "texture": "#0"},
				"west": {"uv": [0.5, 4.5, 0, 5.5], "texture": "#0"},
				"up": {"uv": [0, 4.5, 1, 5], "texture": "#0"},
				"down": {"uv": [1, 4.5, 0, 5], "texture": "#0"}
			}
		},
		{
			"from": [8.5, 17, 5.99],
			"to": [10.5, 19, 6.99],
			"rotation": {"angle": 0, "axis": "z", "origin": [9.5, 17.5, 6.49]},
			"faces": {
				"north": {"uv": [0, 4.5, 1, 5.5], "texture": "#0"},
				"east": {"uv": [0.5, 4.5, 0, 5.5], "texture": "#0"},
				"south": {"uv": [1, 4.5, 0, 5.5], "texture": "#0"},
				"west": {"uv": [1, 4.5, 0.5, 5.5], "texture": "#0"},
				"up": {"uv": [0, 4.5, 1, 5], "rotation": 180, "texture": "#0"},
				"down": {"uv": [1, 4.5, 0, 5], "rotation": 180, "texture": "#0"}
			}
		},
		{
			"from": [6, 13, 1],
			"to": [10, 17, 3],
			"rotation": {"angle": 0, "axis": "y", "origin": [9, 13, 2]},
			"faces": {
				"north": {"uv": [4.5, 0, 6.5, 2], "texture": "#0"},
				"east": {"uv": [3.5, 0, 4.5, 2], "texture": "#0"},
				"south": {"uv": [4.5, 0, 6.5, 2], "texture": "#0"},
				"west": {"uv": [4.5, 0, 3.5, 2], "texture": "#0"},
				"up": {"uv": [0, 0.5, 2, 1.5], "texture": "#0"},
				"down": {"uv": [0, 0, 2, 1], "texture": "#0"}
			}
		},
		{
			"from": [5, 0, 4],
			"to": [7, 4, 6],
			"rotation": {"angle": 0, "axis": "y", "origin": [6, 1.5, 5]},
			"faces": {
				"north": {"uv": [10, 1.5, 11, 3.5], "texture": "#0"},
				"east": {"uv": [10, 1.5, 11, 3.5], "texture": "#0"},
				"south": {"uv": [10, 1.5, 11, 3.5], "texture": "#0"},
				"west": {"uv": [10, 1.5, 11, 3.5], "texture": "#0"},
				"up": {"uv": [10, 1.5, 11, 2.5], "texture": "#0"},
				"down": {"uv": [10, 1.5, 11, 2.5], "texture": "#0"}
			}
		},
		{
			"from": [9, 0, 4],
			"to": [11, 4, 6],
			"rotation": {"angle": 0, "axis": "y", "origin": [10, 1.5, 5]},
			"faces": {
				"north": {"uv": [10, 1.5, 11, 3.5], "texture": "#0"},
				"east": {"uv": [10, 1.5, 11, 3.5], "texture": "#0"},
				"south": {"uv": [10, 1.5, 11, 3.5], "texture": "#0"},
				"west": {"uv": [10, 1.5, 11, 3.5], "texture": "#0"},
				"up": {"uv": [10, 1.5, 11, 2.5], "texture": "#0"},
				"down": {"uv": [10, 1.5, 11, 2.5], "texture": "#0"}
			}
		},
		{
			"from": [9, 0, 9],
			"to": [11, 4, 11],
			"rotation": {"angle": 0, "axis": "y", "origin": [10, 1.5, 10]},
			"faces": {
				"north": {"uv": [10, 1.5, 11, 3.5], "texture": "#0"},
				"east": {"uv": [10, 1.5, 11, 3.5], "texture": "#0"},
				"south": {"uv": [10, 1.5, 11, 3.5], "texture": "#0"},
				"west": {"uv": [10, 1.5, 11, 3.5], "texture": "#0"},
				"up": {"uv": [10, 1.5, 11, 2.5], "texture": "#0"},
				"down": {"uv": [10, 1.5, 11, 2.5], "texture": "#0"}
			}
		},
		{
			"from": [5, 0, 9],
			"to": [7, 4, 11],
			"rotation": {"angle": 0, "axis": "y", "origin": [6, 1.5, 10]},
			"faces": {
				"north": {"uv": [10, 1.5, 11, 3.5], "texture": "#0"},
				"east": {"uv": [10, 1.5, 11, 3.5], "texture": "#0"},
				"south": {"uv": [10, 1.5, 11, 3.5], "texture": "#0"},
				"west": {"uv": [10, 1.5, 11, 3.5], "texture": "#0"},
				"up": {"uv": [10, 1.5, 11, 2.5], "texture": "#0"},
				"down": {"uv": [10, 1.5, 11, 2.5], "texture": "#0"}
			}
		},
		{
			"from": [7, 3, 12],
			"to": [9, 8, 14],
			"rotation": {"angle": 0, "axis": "y", "origin": [7, 6, 12]},
			"faces": {
				"north": {"uv": [8.5, 13, 9.5, 15.5], "texture": "#0"},
				"east": {"uv": [8.5, 13, 9.5, 15.5], "texture": "#0"},
				"south": {"uv": [8.5, 13, 9.5, 15.5], "texture": "#0"},
				"west": {"uv": [8.5, 13, 9.5, 15.5], "texture": "#0"},
				"up": {"uv": [8.5, 13, 9.5, 14], "texture": "#0"},
				"down": {"uv": [8.5, 13, 9.5, 14], "texture": "#0"}
			}
		}
	],
	"display": {
		"thirdperson_righthand": {
			"rotation": [75, 45, 0],
			"translation": [0, 2.5, 0],
			"scale": [0.375, 0.375, 0.375]
		},
		"thirdperson_lefthand": {
			"rotation": [75, 45, 0],
			"translation": [0, 2.5, 0],
			"scale": [0.375, 0.375, 0.375]
		},
		"firstperson_righthand": {
			"rotation": [-9, 155, -3],
			"translation": [1.75, 2, 0],
			"scale": [0.5, 0.5, 0.5]
		},
		"firstperson_lefthand": {
			"rotation": [-9, 155, -3],
			"translation": [1.5, 2, 0],
			"scale": [0.5, 0.5, 0.5]
		},
		"ground": {
			"translation": [0, 2, 0],
			"scale": [0.5, 0.5, 0.5]
		},
		"gui": {
			"rotation": [30, 225, 0],
			"translation": [-0.25, 0.5, 0],
			"scale": [0.9, 0.9, 0.9]
		},
		"head": {
			"translation": [0, 14.5, 0]
		},
		"fixed": {
			"translation": [0, 0.5, 0],
			"scale": [1.2, 1.2, 1.2]
		}
	},
	"groups": [
		{
			"name": "right_wing",
			"origin": [8.5, 5, 9],
			"color": 0,
			"children": []
		},
		{
			"name": "group",
			"origin": [14.5, 2.75, 6],
			"color": 0,
			"children": []
		},
		0,
		1,
		2,
		3,
		4,
		5,
		6,
		7,
		8,
		9,
		10
	]
}