{
	"credit": "by YSBB Made with Blockbench",
	"render_type": "cutout",
	"texture_size": [32, 32],
	"textures": {
		"0": "kaleidoscope:block/doll/doll_57",
		"particle": "block/white_wool"
	},
	"elements": [
		{
			"from": [4, 0, 7],
			"to": [12, 6, 15],
			"rotation": {"angle": 0, "axis": "y", "origin": [-15, 0, 6]},
			"faces": {
				"north": {"uv": [7.5, 4, 11.5, 7], "texture": "#0"},
				"east": {"uv": [7, 4, 3, 7], "texture": "#0"},
				"south": {"uv": [12, 4, 16, 7], "texture": "#0"},
				"west": {"uv": [7, 4, 3, 7], "texture": "#0"},
				"up": {"uv": [7.5, 3.5, 11.5, 7.5], "texture": "#0"},
				"down": {"uv": [7.5, 7.5, 11.5, 3.5], "texture": "#0"}
			}
		},
		{
			"from": [5, 0.01, 2],
			"to": [11, 5.01, 7],
			"rotation": {"angle": 0, "axis": "y", "origin": [-8, 3, 6]},
			"faces": {
				"north": {"uv": [0, 0, 3, 2.5], "texture": "#0"},
				"east": {"uv": [6, 0, 3.5, 2.5], "texture": "#0"},
				"south": {"uv": [0, 0, 3, 2.5], "texture": "#0"},
				"west": {"uv": [3.5, 0, 6, 2.5], "texture": "#0"},
				"up": {"uv": [7, 0, 10, 2.5], "texture": "#0"},
				"down": {"uv": [3.5, 6.5, 6.5, 4], "texture": "#0"}
			}
		},
		{
			"from": [2, 0, 12],
			"to": [4, 2, 15],
			"rotation": {"angle": 0, "axis": "y", "origin": [0, 0, 1]},
			"faces": {
				"north": {"uv": [10.5, 11, 11.5, 10], "rotation": 90, "texture": "#0"},
				"east": {"uv": [10.5, 8.5, 12, 9.5], "texture": "#0"},
				"south": {"uv": [10.5, 10, 11.5, 11], "rotation": 90, "texture": "#0"},
				"west": {"uv": [10, 11, 11.5, 12], "texture": "#0"},
				"up": {"uv": [10, 10.5, 11.5, 11.5], "rotation": 90, "texture": "#0"},
				"down": {"uv": [10, 10.5, 11.5, 11.5], "rotation": 90, "texture": "#0"}
			}
		},
		{
			"from": [12, 0, 12],
			"to": [14, 2, 15],
			"rotation": {"angle": 0, "axis": "y", "origin": [17, 1, 13.5]},
			"faces": {
				"north": {"uv": [10.5, 10, 11.5, 11], "rotation": 90, "texture": "#0"},
				"east": {"uv": [10, 11, 11.5, 12], "texture": "#0"},
				"south": {"uv": [10.5, 11, 11.5, 10], "rotation": 90, "texture": "#0"},
				"west": {"uv": [10.5, 8.5, 12, 9.5], "texture": "#0"},
				"up": {"uv": [10, 10.5, 11.5, 11.5], "rotation": 270, "texture": "#0"},
				"down": {"uv": [10, 10.5, 11.5, 11.5], "rotation": 270, "texture": "#0"}
			}
		},
		{
			"from": [2, 0.01, 4],
			"to": [7, 2.01, 7],
			"rotation": {"angle": -22.5, "axis": "y", "origin": [3.5, 1, 5.5]},
			"faces": {
				"north": {"uv": [10.5, 11.5, 11.5, 9], "rotation": 90, "texture": "#0"},
				"east": {"uv": [10.5, 8.5, 12, 9.5], "texture": "#0"},
				"south": {"uv": [10.5, 9, 11.5, 11.5], "rotation": 90, "texture": "#0"},
				"west": {"uv": [10, 11, 11.5, 12], "texture": "#0"},
				"up": {"uv": [10, 9, 11.5, 11.5], "rotation": 90, "texture": "#0"},
				"down": {"uv": [10, 9.5, 11.5, 12], "rotation": 90, "texture": "#0"}
			}
		},
		{
			"from": [9, 0.01, 4],
			"to": [14, 2.01, 7],
			"rotation": {"angle": 22.5, "axis": "y", "origin": [12.5, 1.01, 5.5]},
			"faces": {
				"north": {"uv": [10.5, 9, 11.5, 11.5], "rotation": 90, "texture": "#0"},
				"east": {"uv": [10, 11, 11.5, 12], "texture": "#0"},
				"south": {"uv": [10.5, 11.5, 11.5, 9], "rotation": 90, "texture": "#0"},
				"west": {"uv": [10.5, 8.5, 12, 9.5], "texture": "#0"},
				"up": {"uv": [10, 9, 11.5, 11.5], "rotation": 270, "texture": "#0"},
				"down": {"uv": [10, 9.5, 11.5, 12], "rotation": 270, "texture": "#0"}
			}
		},
		{
			"from": [6, 1, 1],
			"to": [10, 3, 2],
			"rotation": {"angle": 0, "axis": "y", "origin": [0, 0, 1]},
			"faces": {
				"north": {"uv": [10.5, 0.5, 12.5, 1.5], "texture": "#0"},
				"east": {"uv": [10.5, 0.5, 11, 1.5], "texture": "#0"},
				"south": {"uv": [10.5, 0.5, 12.5, 1.5], "texture": "#0"},
				"west": {"uv": [10.5, 0.5, 11, 1.5], "texture": "#0"},
				"up": {"uv": [10.5, 0.5, 12.5, 1], "texture": "#0"},
				"down": {"uv": [10.5, 1, 12.5, 1.5], "texture": "#0"}
			}
		},
		{
			"from": [7.25, 5, 4.5],
			"to": [10.25, 8, 4.5],
			"rotation": {"angle": 45, "axis": "y", "origin": [8.75, 6, 5.5]},
			"faces": {
				"north": {"uv": [3.5, 12.5, 5, 14], "texture": "#0"},
				"south": {"uv": [3.5, 12.5, 5, 14], "texture": "#0"}
			}
		},
		{
			"from": [8.75, 5, 3],
			"to": [8.75, 8, 6],
			"rotation": {"angle": 45, "axis": "y", "origin": [8.75, 6.5, 5.5]},
			"faces": {
				"east": {"uv": [3.5, 12.5, 5, 14], "texture": "#0"},
				"west": {"uv": [3.5, 12.5, 5, 14], "texture": "#0"}
			}
		}
	],
	"display": {
		"thirdperson_righthand": {
			"rotation": [75, 45, 0],
			"translation": [0, 2.5, 0],
			"scale": [0.375, 0.375, 0.375]
		},
		"thirdperson_lefthand": {
			"rotation": [75, 45, 0],
			"translation": [0, 2.5, 0],
			"scale": [0.375, 0.375, 0.375]
		},
		"firstperson_righthand": {
			"rotation": [-9, 155, -3],
			"translation": [0.5, 4, 0],
			"scale": [0.5, 0.5, 0.5]
		},
		"firstperson_lefthand": {
			"rotation": [-9, 155, -3],
			"translation": [0.5, 4, 0],
			"scale": [0.5, 0.5, 0.5]
		},
		"ground": {
			"translation": [0, 2, 0],
			"scale": [0.5, 0.5, 0.5]
		},
		"gui": {
			"rotation": [30, 225, 0],
			"translation": [1, 3.75, 0],
			"scale": [0.9, 0.9, 0.9]
		},
		"head": {
			"translation": [0, 14.5, 0]
		},
		"fixed": {
			"translation": [0, 3.5, 0],
			"scale": [1.2, 1.2, 1.2]
		}
	},
	"groups": [
		{
			"name": "right_wing",
			"origin": [8.5, 5, 9],
			"color": 0,
			"children": []
		},
		{
			"name": "group",
			"origin": [14.5, 2.75, 6],
			"color": 0,
			"children": []
		},
		0,
		1,
		2,
		3,
		4,
		5,
		6,
		7,
		8
	]
}