{
	"credit": "by YSBB Made with Blockbench",
	"render_type": "cutout",
	"texture_size": [32, 32],
	"textures": {
		"0": "kaleidoscope:block/doll/doll_55",
		"particle": "block/white_wool"
	},
	"elements": [
		{
			"from": [4, -0.01, 5],
			"to": [12, 6.99, 13],
			"rotation": {"angle": 0, "axis": "y", "origin": [7, 0, 14]},
			"faces": {
				"north": {"uv": [12, 8.5, 16, 12], "texture": "#0"},
				"east": {"uv": [16, 4.5, 12, 8], "texture": "#0"},
				"south": {"uv": [12, 8.5, 16, 12], "texture": "#0"},
				"west": {"uv": [12, 4.5, 16, 8], "texture": "#0"},
				"up": {"uv": [12, 0, 16, 4], "texture": "#0"},
				"down": {"uv": [0, 0, 4, 4], "texture": "#0"}
			}
		},
		{
			"from": [5, 0, 1],
			"to": [11, 5, 5],
			"rotation": {"angle": 0, "axis": "y", "origin": [7, 0, 3]},
			"faces": {
				"north": {"uv": [0, 0, 3, 2.5], "texture": "#0"},
				"east": {"uv": [9, 0, 7, 2.5], "texture": "#0"},
				"south": {"uv": [0, 0, 3, 2.5], "texture": "#0"},
				"west": {"uv": [7, 0, 9, 2.5], "texture": "#0"},
				"up": {"uv": [3.5, 2, 6.5, 0], "texture": "#0"},
				"down": {"uv": [3.5, 0, 6.5, 2], "texture": "#0"}
			}
		},
		{
			"from": [9, 3.5, 3],
			"to": [12, 6.5, 4],
			"rotation": {"angle": 0, "axis": "y", "origin": [11, 3.5, 2]},
			"faces": {
				"north": {"uv": [11, 0, 9.5, 1.5], "texture": "#0"},
				"east": {"uv": [10, 0, 9.5, 1.5], "texture": "#0"},
				"south": {"uv": [11, 0, 9.5, 1.5], "texture": "#0"},
				"west": {"uv": [10, 0, 9.5, 1.5], "texture": "#0"},
				"up": {"uv": [11, 0, 9.5, 0.5], "texture": "#0"},
				"down": {"uv": [11, 0, 9.5, 0.5], "texture": "#0"}
			}
		},
		{
			"from": [4, 3.5, 3],
			"to": [7, 6.5, 4],
			"rotation": {"angle": 0, "axis": "y", "origin": [6, 3.5, 2]},
			"faces": {
				"north": {"uv": [9.5, 0, 11, 1.5], "texture": "#0"},
				"east": {"uv": [9.5, 0, 10, 1.5], "texture": "#0"},
				"south": {"uv": [9.5, 0, 11, 1.5], "texture": "#0"},
				"west": {"uv": [9.5, 0, 10, 1.5], "texture": "#0"},
				"up": {"uv": [9.5, 0, 11, 0.5], "texture": "#0"},
				"down": {"uv": [9.5, 0, 11, 0.5], "texture": "#0"}
			}
		},
		{
			"from": [3, 0, 11],
			"to": [6, 3, 14],
			"rotation": {"angle": 0, "axis": "y", "origin": [3, 0, 12]},
			"faces": {
				"north": {"uv": [9, 5.5, 10.5, 7], "texture": "#0"},
				"east": {"uv": [9, 5.5, 10.5, 7], "texture": "#0"},
				"south": {"uv": [9, 5.5, 10.5, 7], "texture": "#0"},
				"west": {"uv": [9, 5.5, 10.5, 7], "texture": "#0"},
				"up": {"uv": [9, 5.5, 10.5, 7], "texture": "#0"},
				"down": {"uv": [9, 5.5, 10.5, 7], "texture": "#0"}
			}
		},
		{
			"from": [10, 0, 11],
			"to": [13, 3, 14],
			"rotation": {"angle": 0, "axis": "y", "origin": [10, 0, 12]},
			"faces": {
				"north": {"uv": [9, 5.5, 10.5, 7], "texture": "#0"},
				"east": {"uv": [9, 5.5, 10.5, 7], "texture": "#0"},
				"south": {"uv": [9, 5.5, 10.5, 7], "texture": "#0"},
				"west": {"uv": [9, 5.5, 10.5, 7], "texture": "#0"},
				"up": {"uv": [9, 5.5, 10.5, 7], "texture": "#0"},
				"down": {"uv": [9, 5.5, 10.5, 7], "texture": "#0"}
			}
		},
		{
			"from": [3, 0, 3],
			"to": [6, 3, 7],
			"rotation": {"angle": 0, "axis": "y", "origin": [3, 0, 5]},
			"faces": {
				"north": {"uv": [9, 5.5, 10.5, 7], "texture": "#0"},
				"east": {"uv": [9, 5.5, 11, 7], "texture": "#0"},
				"south": {"uv": [9, 5.5, 10.5, 7], "texture": "#0"},
				"west": {"uv": [9, 5.5, 11, 7], "texture": "#0"},
				"up": {"uv": [9, 5.5, 10.5, 7.5], "texture": "#0"},
				"down": {"uv": [9, 5.5, 10.5, 7.5], "texture": "#0"}
			}
		},
		{
			"from": [10, 0, 3],
			"to": [13, 3, 7],
			"rotation": {"angle": 0, "axis": "y", "origin": [10, 0, 5]},
			"faces": {
				"north": {"uv": [9, 5.5, 10.5, 7], "texture": "#0"},
				"east": {"uv": [9, 5.5, 11, 7], "texture": "#0"},
				"south": {"uv": [9, 5.5, 10.5, 7], "texture": "#0"},
				"west": {"uv": [9, 5.5, 11, 7], "texture": "#0"},
				"up": {"uv": [9, 5.5, 10.5, 7.5], "texture": "#0"},
				"down": {"uv": [9, 5.5, 10.5, 7.5], "texture": "#0"}
			}
		},
		{
			"from": [6, 0.01, 0],
			"to": [10, 2.01, 2],
			"rotation": {"angle": 0, "axis": "y", "origin": [7, 0.1, 0]},
			"faces": {
				"north": {"uv": [0, 3, 2, 4], "texture": "#0"},
				"east": {"uv": [1.5, 3, 2.5, 4], "texture": "#0"},
				"south": {"uv": [0, 3, 2, 4], "texture": "#0"},
				"west": {"uv": [0, 3, 1, 4], "texture": "#0"},
				"up": {"uv": [0, 3, 2, 4], "texture": "#0"},
				"down": {"uv": [0, 3, 2, 4], "texture": "#0"}
			}
		}
	],
	"display": {
		"thirdperson_righthand": {
			"rotation": [75, 45, 0],
			"translation": [0, 2.5, 0],
			"scale": [0.375, 0.375, 0.375]
		},
		"thirdperson_lefthand": {
			"rotation": [75, 45, 0],
			"translation": [0, 2.5, 0],
			"scale": [0.375, 0.375, 0.375]
		},
		"firstperson_righthand": {
			"rotation": [-9, 155, -3],
			"translation": [0.5, 5.5, 0],
			"scale": [0.5, 0.5, 0.5]
		},
		"firstperson_lefthand": {
			"rotation": [-9, 155, -3],
			"translation": [0.5, 5.25, 0],
			"scale": [0.5, 0.5, 0.5]
		},
		"ground": {
			"translation": [0, 2, 0],
			"scale": [0.5, 0.5, 0.5]
		},
		"gui": {
			"rotation": [30, 225, 0],
			"translation": [0.25, 4.25, 0]
		},
		"head": {
			"translation": [0, 14.5, 0]
		},
		"fixed": {
			"translation": [0, 3.5, 0],
			"scale": [1.2, 1.2, 1.2]
		}
	},
	"groups": [
		{
			"name": "right_wing",
			"origin": [8.5, 5, 9],
			"color": 0,
			"children": []
		},
		{
			"name": "group",
			"origin": [14.5, 2.75, 6],
			"color": 0,
			"children": []
		},
		0,
		1,
		2,
		3,
		4,
		5,
		6,
		7,
		8
	]
}