{
	"credit": "by YSBB Made with Blockbench",
	"render_type": "cutout",
	"texture_size": [32, 32],
	"textures": {
		"0": "kaleidoscope:block/doll/doll_63",
		"particle": "block/white_wool"
	},
	"elements": [
		{
			"from": [3, 0, 4],
			"to": [12, 6, 13],
			"rotation": {"angle": 0, "axis": "y", "origin": [6, 0, 4]},
			"faces": {
				"north": {"uv": [7.5, 0, 12, 3], "texture": "#0"},
				"east": {"uv": [12, 3.5, 7.5, 6.5], "texture": "#0"},
				"south": {"uv": [7.5, 0, 12, 3], "texture": "#0"},
				"west": {"uv": [7.5, 3.5, 12, 6.5], "texture": "#0"},
				"up": {"uv": [11, 11.5, 15.5, 7], "texture": "#0"},
				"down": {"uv": [2, 3.5, 6.5, 8], "texture": "#0"}
			}
		},
		{
			"from": [5.5, 0.01, 1],
			"to": [9.5, 3.01, 5],
			"rotation": {"angle": 0, "axis": "y", "origin": [5.5, -1, -4]},
			"faces": {
				"north": {"uv": [0, 0, 2, 1.5], "texture": "#0"},
				"east": {"uv": [2.5, 0, 4.5, 1.5], "texture": "#0"},
				"south": {"uv": [0, 0, 2, 1.5], "texture": "#0"},
				"west": {"uv": [4.5, 0, 2.5, 1.5], "texture": "#0"},
				"up": {"uv": [5, 2, 7, 0], "texture": "#0"},
				"down": {"uv": [5, 0, 7, 2], "texture": "#0"}
			}
		},
		{
			"from": [11, 0.01, 3],
			"to": [14, 1.01, 8],
			"rotation": {"angle": 0, "axis": "y", "origin": [11, 0, 4]},
			"faces": {
				"north": {"uv": [15, 3.5, 13.5, 4], "rotation": 180, "texture": "#0"},
				"east": {"uv": [15.5, 4, 13, 4.5], "rotation": 180, "texture": "#0"},
				"south": {"uv": [13.5, 4, 15, 4.5], "rotation": 180, "texture": "#0"},
				"west": {"uv": [13.5, 5, 14, 7.5], "rotation": 90, "texture": "#0"},
				"up": {"uv": [15.5, 4.5, 13, 3], "rotation": 90, "texture": "#0"},
				"down": {"uv": [15.5, 3, 13, 4.5], "rotation": 270, "texture": "#0"}
			}
		},
		{
			"from": [1, 0.01, 3],
			"to": [4, 1.01, 8],
			"rotation": {"angle": 0, "axis": "z", "origin": [2.5, 0.51, 5.5]},
			"faces": {
				"north": {"uv": [15, 3.5, 13.5, 4], "texture": "#0"},
				"east": {"uv": [13.5, 5, 14, 7.5], "rotation": 270, "texture": "#0"},
				"south": {"uv": [13.5, 4, 15, 4.5], "texture": "#0"},
				"west": {"uv": [15.5, 4, 13, 4.5], "texture": "#0"},
				"up": {"uv": [15.5, 3, 13, 4.5], "rotation": 90, "texture": "#0"},
				"down": {"uv": [15.5, 4.5, 13, 3], "rotation": 270, "texture": "#0"}
			}
		},
		{
			"from": [4, 0, 13],
			"to": [6, 1, 16],
			"rotation": {"angle": 0, "axis": "y", "origin": [4, 0, 13]},
			"faces": {
				"north": {"uv": [14, 3, 15, 3.5], "texture": "#0"},
				"east": {"uv": [14, 3, 15.5, 3.5], "texture": "#0"},
				"south": {"uv": [14, 3, 15, 3.5], "texture": "#0"},
				"west": {"uv": [14, 3, 15.5, 3.5], "texture": "#0"},
				"up": {"uv": [14, 3, 15, 4.5], "texture": "#0"},
				"down": {"uv": [14, 3, 15, 4.5], "texture": "#0"}
			}
		},
		{
			"from": [9, 0, 13],
			"to": [11, 1, 16],
			"rotation": {"angle": 0, "axis": "y", "origin": [9, 0, 13]},
			"faces": {
				"north": {"uv": [14, 3, 15, 3.5], "texture": "#0"},
				"east": {"uv": [14, 3, 15.5, 3.5], "texture": "#0"},
				"south": {"uv": [14, 3, 15, 3.5], "texture": "#0"},
				"west": {"uv": [14, 3, 15.5, 3.5], "texture": "#0"},
				"up": {"uv": [14, 3, 15, 4.5], "texture": "#0"},
				"down": {"uv": [14, 3, 15, 4.5], "texture": "#0"}
			}
		}
	],
	"display": {
		"thirdperson_righthand": {
			"rotation": [75, 45, 0],
			"translation": [0, 2.5, 0],
			"scale": [0.375, 0.375, 0.375]
		},
		"thirdperson_lefthand": {
			"rotation": [75, 45, 0],
			"translation": [0, 2.5, 0],
			"scale": [0.375, 0.375, 0.375]
		},
		"firstperson_righthand": {
			"rotation": [-9, 155, -3],
			"translation": [0.5, 4, 0],
			"scale": [0.5, 0.5, 0.5]
		},
		"firstperson_lefthand": {
			"rotation": [-9, 155, -3],
			"translation": [0.5, 4, 0],
			"scale": [0.5, 0.5, 0.5]
		},
		"ground": {
			"translation": [0, 2, 0],
			"scale": [0.5, 0.5, 0.5]
		},
		"gui": {
			"rotation": [30, 225, 0],
			"translation": [-0.5, 3.75, 0],
			"scale": [0.9, 0.9, 0.9]
		},
		"head": {
			"translation": [0.5, 14.5, 0]
		},
		"fixed": {
			"translation": [0, 3.5, 0],
			"scale": [1.2, 1.2, 1.2]
		}
	},
	"groups": [
		{
			"name": "right_wing",
			"origin": [8.5, 5, 9],
			"color": 0,
			"children": []
		},
		{
			"name": "group",
			"origin": [14.5, 2.75, 6],
			"color": 0,
			"children": []
		},
		0,
		1,
		2,
		3,
		4,
		5
	]
}