{
	"credit": "by YSBB Made with Blockbench",
	"render_type": "cutout",
	"texture_size": [32, 32],
	"textures": {
		"0": "kaleidoscope:block/doll/doll_65",
		"particle": "block/white_wool"
	},
	"elements": [
		{
			"from": [4, 5, 4],
			"to": [12, 11, 11],
			"rotation": {"angle": 0, "axis": "y", "origin": [10, 4, 4]},
			"faces": {
				"north": {"uv": [0, 3, 4, 6], "texture": "#0"},
				"east": {"uv": [8, 3, 4.5, 6], "texture": "#0"},
				"south": {"uv": [0, 5.5, 4, 2.5], "texture": "#0"},
				"west": {"uv": [8, 6.5, 4.5, 9.5], "texture": "#0"},
				"up": {"uv": [0, 6.5, 4, 10], "rotation": 180, "texture": "#0"},
				"down": {"uv": [0, 6.5, 4, 10], "texture": "#0"}
			}
		},
		{
			"from": [6, 11, 6],
			"to": [10, 15, 10],
			"rotation": {"angle": 0, "axis": "y", "origin": [7, 11, 6]},
			"faces": {
				"north": {"uv": [0.5, 0, 2.5, 2], "texture": "#0"},
				"east": {"uv": [5, 0, 3, 2], "texture": "#0"},
				"south": {"uv": [5.5, 0, 7.5, 2], "texture": "#0"},
				"west": {"uv": [3, 0, 5, 2], "texture": "#0"},
				"up": {"uv": [7.5, 2, 5.5, 0], "texture": "#0"}
			}
		},
		{
			"from": [5, 0, 7],
			"to": [7.5, 4, 10],
			"rotation": {"angle": 0, "axis": "y", "origin": [5, -2, 8]},
			"faces": {
				"north": {"uv": [14.5, 1.5, 15.5, 3.5], "texture": "#0"},
				"east": {"uv": [14.5, 1.5, 16, 3.5], "texture": "#0"},
				"south": {"uv": [14.5, 1.5, 15.5, 3.5], "texture": "#0"},
				"west": {"uv": [14.5, 1.5, 16, 3.5], "texture": "#0"},
				"down": {"uv": [14.5, 1.5, 15.5, 3], "texture": "#0"}
			}
		},
		{
			"from": [8.5, 0, 7],
			"to": [11, 4, 10],
			"rotation": {"angle": 0, "axis": "y", "origin": [8, -2, 8]},
			"faces": {
				"north": {"uv": [14.5, 1, 15.5, 3], "texture": "#0"},
				"east": {"uv": [14.5, 1, 16, 3], "texture": "#0"},
				"south": {"uv": [14.5, 1, 15.5, 3], "texture": "#0"},
				"west": {"uv": [14.5, 1, 16, 3.5], "texture": "#0"},
				"down": {"uv": [14.5, 1, 15.5, 2.5], "texture": "#0"}
			}
		},
		{
			"from": [2, 0, 7],
			"to": [4, 11, 10],
			"rotation": {"angle": 0, "axis": "y", "origin": [2, 3, 7]},
			"faces": {
				"north": {"uv": [14.5, 0, 15.5, 5.5], "texture": "#0"},
				"east": {"uv": [14.5, 0, 16, 5.5], "texture": "#0"},
				"south": {"uv": [14.5, 0, 15.5, 5.5], "texture": "#0"},
				"west": {"uv": [14.5, 0, 16, 5.5], "texture": "#0"},
				"up": {"uv": [14.5, 0, 15.5, 1.5], "texture": "#0"},
				"down": {"uv": [14.5, 0, 15.5, 1.5], "texture": "#0"}
			}
		},
		{
			"from": [12, 0, 7],
			"to": [14, 11, 10],
			"rotation": {"angle": 0, "axis": "y", "origin": [12, 3, 7]},
			"faces": {
				"north": {"uv": [15.5, 6, 14.5, 11.5], "texture": "#0"},
				"east": {"uv": [12.5, 6, 14, 11.5], "texture": "#0"},
				"south": {"uv": [14.5, 0, 15.5, 5.5], "texture": "#0"},
				"west": {"uv": [14.5, 0, 16, 5.5], "texture": "#0"},
				"up": {"uv": [14.5, 0, 15.5, 1.5], "texture": "#0"},
				"down": {"uv": [14.5, 0, 15.5, 1.5], "texture": "#0"}
			}
		},
		{
			"from": [5, 4, 6],
			"to": [11, 5, 11],
			"rotation": {"angle": 0, "axis": "y", "origin": [8, 3, 6]},
			"faces": {
				"north": {"uv": [6.5, 13, 9.5, 13.5], "texture": "#0"},
				"east": {"uv": [6.5, 13, 9, 13.5], "texture": "#0"},
				"south": {"uv": [6.5, 13, 9.5, 13.5], "texture": "#0"},
				"west": {"uv": [6.5, 13, 9, 13.5], "texture": "#0"},
				"down": {"uv": [0.5, 15.5, 3.5, 13], "texture": "#0"}
			}
		}
	],
	"display": {
		"thirdperson_righthand": {
			"rotation": [75, 45, 0],
			"translation": [0, 2.5, 0],
			"scale": [0.375, 0.375, 0.375]
		},
		"thirdperson_lefthand": {
			"rotation": [75, 45, 0],
			"translation": [0, 2.5, 0],
			"scale": [0.375, 0.375, 0.375]
		},
		"firstperson_righthand": {
			"rotation": [-9, 155, -3],
			"translation": [0.5, 4, 0],
			"scale": [0.5, 0.5, 0.5]
		},
		"firstperson_lefthand": {
			"rotation": [-9, 155, -3],
			"translation": [0.5, 4, 0],
			"scale": [0.5, 0.5, 0.5]
		},
		"ground": {
			"translation": [0, 2, 0],
			"scale": [0.5, 0.5, 0.5]
		},
		"gui": {
			"rotation": [30, 225, 0],
			"translation": [0, 1.25, 0]
		},
		"head": {
			"translation": [0, 14.5, 0]
		},
		"fixed": {
			"translation": [0, 1, 0],
			"scale": [1.2, 1.2, 1.2]
		}
	},
	"groups": [
		{
			"name": "right_wing",
			"origin": [8.5, 5, 9],
			"color": 0,
			"children": []
		},
		{
			"name": "group",
			"origin": [14.5, 2.75, 6],
			"color": 0,
			"children": []
		},
		0,
		1,
		2,
		3,
		4,
		5,
		6
	]
}