{
	"credit": "Made by YSBB with Blockbench",
	"render_type": "cutout",
	"texture_size": [32, 32],
	"textures": {
		"0": "kaleidoscope:block/doll/doll_29",
		"particle": "block/white_wool"
	},
	"elements": [
		{
			"from": [17, 4.5, -3],
			"to": [19, 6.5, -2],
			"rotation": {"angle": 0, "axis": "y", "origin": [17, 4.5, -4]},
			"faces": {
				"north": {"uv": [14, 0, 15, 1], "texture": "#0"},
				"east": {"uv": [14, 0, 14.5, 1], "texture": "#0"},
				"south": {"uv": [14, 0, 15, 1], "texture": "#0"},
				"west": {"uv": [14, 0, 14.5, 1], "texture": "#0"},
				"up": {"uv": [15, 0, 14, 0.5], "texture": "#0"},
				"down": {"uv": [15, 0, 14, 0.5], "texture": "#0"}
			}
		},
		{
			"from": [15, 4, -2],
			"to": [21, 10, 4],
			"rotation": {"angle": 0, "axis": "y", "origin": [15, 4, -2]},
			"faces": {
				"north": {"uv": [0, 0, 3, 3], "texture": "#0"},
				"east": {"uv": [6.5, 0, 3.5, 3], "texture": "#0"},
				"south": {"uv": [0, 3.5, 3, 6.5], "texture": "#0"},
				"west": {"uv": [3.5, 0, 6.5, 3], "texture": "#0"},
				"up": {"uv": [7, 0, 10, 3], "texture": "#0"},
				"down": {"uv": [10.5, 0, 13.5, 3], "texture": "#0"}
			}
		},
		{
			"from": [15.5, 0, -1],
			"to": [20.5, 5, 3],
			"rotation": {"angle": 0, "axis": "y", "origin": [17.5, 3, -1]},
			"faces": {
				"north": {"uv": [5, 3.5, 7.5, 6], "texture": "#0"},
				"east": {"uv": [10, 3.5, 12, 6], "texture": "#0"},
				"south": {"uv": [10, 3.5, 12.5, 6], "texture": "#0"},
				"west": {"uv": [10, 3.5, 12, 6], "texture": "#0"},
				"down": {"uv": [10, 3.5, 12.5, 5.5], "texture": "#0"}
			}
		},
		{
			"from": [19.8, -0.1, 0.5],
			"to": [21.8, 3.9, 2.5],
			"rotation": {"angle": 22.5, "axis": "z", "origin": [20.8, 1.9, 1.5]},
			"faces": {
				"north": {"uv": [3.5, 4, 4.5, 6], "texture": "#0"},
				"east": {"uv": [3.5, 6, 4.5, 4], "rotation": 180, "texture": "#0"},
				"south": {"uv": [3.5, 6, 4.5, 4], "rotation": 180, "texture": "#0"},
				"west": {"uv": [3.5, 4, 4.5, 6], "texture": "#0"},
				"up": {"uv": [3.5, 4, 4.5, 5], "rotation": 90, "texture": "#0"},
				"down": {"uv": [3.5, 6.5, 4.5, 7.5], "rotation": 90, "texture": "#0"}
			}
		},
		{
			"from": [14.8, 0, -3],
			"to": [16.8, 2, 1],
			"rotation": {"angle": 22.5, "axis": "y", "origin": [15.8, 1, -2]},
			"faces": {
				"north": {"uv": [8, 7, 9, 8], "texture": "#0"},
				"east": {"uv": [8, 7, 9, 5], "rotation": 90, "texture": "#0"},
				"west": {"uv": [8, 5, 9, 7], "rotation": 90, "texture": "#0"},
				"up": {"uv": [8, 7, 9, 5], "texture": "#0"},
				"down": {"uv": [8, 5, 9, 7], "texture": "#0"}
			}
		},
		{
			"from": [19.2, 0, -3],
			"to": [21.2, 2, 1],
			"rotation": {"angle": -22.5, "axis": "y", "origin": [20.2, 1, -2]},
			"faces": {
				"north": {"uv": [9, 7, 8, 8], "rotation": 270, "texture": "#0"},
				"east": {"uv": [8, 7, 9, 5], "rotation": 90, "texture": "#0"},
				"west": {"uv": [8, 5, 9, 7], "rotation": 90, "texture": "#0"},
				"up": {"uv": [8, 7, 9, 5], "texture": "#0"},
				"down": {"uv": [8, 5, 9, 7], "texture": "#0"}
			}
		},
		{
			"from": [13, 3, 0.5],
			"to": [17, 5, 2.5],
			"rotation": {"angle": -22.5, "axis": "z", "origin": [15, 4, 1.5]},
			"faces": {
				"north": {"uv": [3.5, 4, 4.5, 6], "rotation": 270, "texture": "#0"},
				"east": {"uv": [3.5, 5, 4.5, 6], "rotation": 180, "texture": "#0"},
				"south": {"uv": [3.5, 6, 4.5, 4], "rotation": 270, "texture": "#0"},
				"west": {"uv": [3.5, 6.5, 4.5, 7.5], "rotation": 180, "texture": "#0"},
				"up": {"uv": [3.5, 4, 4.5, 6], "rotation": 90, "texture": "#0"},
				"down": {"uv": [3.5, 6, 4.5, 4], "rotation": 270, "texture": "#0"}
			}
		},
		{
			"from": [-4, 4.5, 5],
			"to": [-2, 6.5, 6],
			"rotation": {"angle": 0, "axis": "y", "origin": [-4, 4.5, 4]},
			"faces": {
				"north": {"uv": [14, 0, 15, 1], "texture": "#0"},
				"east": {"uv": [14, 0, 14.5, 1], "texture": "#0"},
				"south": {"uv": [14, 0, 15, 1], "texture": "#0"},
				"west": {"uv": [14, 0, 14.5, 1], "texture": "#0"},
				"up": {"uv": [15, 0, 14, 0.5], "texture": "#0"},
				"down": {"uv": [15, 0, 14, 0.5], "texture": "#0"}
			}
		},
		{
			"from": [-6, 4, 6],
			"to": [0, 10, 12],
			"rotation": {"angle": 0, "axis": "y", "origin": [-6, 4, 6]},
			"faces": {
				"north": {"uv": [0, 0, 3, 3], "texture": "#0"},
				"east": {"uv": [6.5, 0, 3.5, 3], "texture": "#0"},
				"south": {"uv": [0, 3.5, 3, 6.5], "texture": "#0"},
				"west": {"uv": [3.5, 0, 6.5, 3], "texture": "#0"},
				"up": {"uv": [7, 0, 10, 3], "texture": "#0"},
				"down": {"uv": [10.5, 0, 13.5, 3], "texture": "#0"}
			}
		},
		{
			"from": [-5.5, 0, 7],
			"to": [-0.5, 5, 11],
			"rotation": {"angle": 0, "axis": "y", "origin": [-3.5, 3, 7]},
			"faces": {
				"north": {"uv": [5, 3.5, 7.5, 6], "texture": "#0"},
				"east": {"uv": [10, 3.5, 12, 6], "texture": "#0"},
				"south": {"uv": [10, 3.5, 12.5, 6], "texture": "#0"},
				"west": {"uv": [10, 3.5, 12, 6], "texture": "#0"},
				"down": {"uv": [10, 3.5, 12.5, 5.5], "texture": "#0"}
			}
		},
		{
			"from": [-1.2, -0.1, 8.5],
			"to": [0.8, 3.9, 10.5],
			"rotation": {"angle": 22.5, "axis": "z", "origin": [-0.2, 1.9, 9.5]},
			"faces": {
				"north": {"uv": [3.5, 4, 4.5, 6], "texture": "#0"},
				"east": {"uv": [3.5, 6, 4.5, 4], "rotation": 180, "texture": "#0"},
				"south": {"uv": [3.5, 6, 4.5, 4], "rotation": 180, "texture": "#0"},
				"west": {"uv": [3.5, 4, 4.5, 6], "texture": "#0"},
				"up": {"uv": [3.5, 4, 4.5, 5], "rotation": 90, "texture": "#0"},
				"down": {"uv": [3.5, 6.5, 4.5, 7.5], "rotation": 90, "texture": "#0"}
			}
		},
		{
			"from": [-6.2, 0, 5],
			"to": [-4.2, 2, 9],
			"rotation": {"angle": 22.5, "axis": "y", "origin": [-5.2, 1, 6]},
			"faces": {
				"north": {"uv": [8, 7, 9, 8], "texture": "#0"},
				"east": {"uv": [8, 7, 9, 5], "rotation": 90, "texture": "#0"},
				"west": {"uv": [8, 5, 9, 7], "rotation": 90, "texture": "#0"},
				"up": {"uv": [8, 7, 9, 5], "texture": "#0"},
				"down": {"uv": [8, 5, 9, 7], "texture": "#0"}
			}
		},
		{
			"from": [-1.8, 0, 5],
			"to": [0.2, 2, 9],
			"rotation": {"angle": -22.5, "axis": "y", "origin": [-0.8, 1, 6]},
			"faces": {
				"north": {"uv": [9, 7, 8, 8], "rotation": 270, "texture": "#0"},
				"east": {"uv": [8, 7, 9, 5], "rotation": 90, "texture": "#0"},
				"west": {"uv": [8, 5, 9, 7], "rotation": 90, "texture": "#0"},
				"up": {"uv": [8, 7, 9, 5], "texture": "#0"},
				"down": {"uv": [8, 5, 9, 7], "texture": "#0"}
			}
		},
		{
			"from": [-8, 3, 8.5],
			"to": [-4, 5, 10.5],
			"rotation": {"angle": -22.5, "axis": "z", "origin": [-6, 4, 9.5]},
			"faces": {
				"north": {"uv": [3.5, 4, 4.5, 6], "rotation": 270, "texture": "#0"},
				"east": {"uv": [3.5, 5, 4.5, 6], "rotation": 180, "texture": "#0"},
				"south": {"uv": [3.5, 6, 4.5, 4], "rotation": 270, "texture": "#0"},
				"west": {"uv": [3.5, 6.5, 4.5, 7.5], "rotation": 180, "texture": "#0"},
				"up": {"uv": [3.5, 4, 4.5, 6], "rotation": 90, "texture": "#0"},
				"down": {"uv": [3.5, 6, 4.5, 4], "rotation": 270, "texture": "#0"}
			}
		},
		{
			"from": [16, 4.5, 14],
			"to": [18, 6.5, 15],
			"rotation": {"angle": 0, "axis": "y", "origin": [16, 4.5, 13]},
			"faces": {
				"north": {"uv": [14, 0, 15, 1], "texture": "#0"},
				"east": {"uv": [14, 0, 14.5, 1], "texture": "#0"},
				"south": {"uv": [14, 0, 15, 1], "texture": "#0"},
				"west": {"uv": [14, 0, 14.5, 1], "texture": "#0"},
				"up": {"uv": [15, 0, 14, 0.5], "texture": "#0"},
				"down": {"uv": [15, 0, 14, 0.5], "texture": "#0"}
			}
		},
		{
			"from": [14, 4, 15],
			"to": [20, 10, 21],
			"rotation": {"angle": 0, "axis": "y", "origin": [14, 4, 15]},
			"faces": {
				"north": {"uv": [0, 0, 3, 3], "texture": "#0"},
				"east": {"uv": [6.5, 0, 3.5, 3], "texture": "#0"},
				"south": {"uv": [0, 3.5, 3, 6.5], "texture": "#0"},
				"west": {"uv": [3.5, 0, 6.5, 3], "texture": "#0"},
				"up": {"uv": [7, 0, 10, 3], "texture": "#0"},
				"down": {"uv": [10.5, 0, 13.5, 3], "texture": "#0"}
			}
		},
		{
			"from": [14.5, 0, 16],
			"to": [19.5, 5, 20],
			"rotation": {"angle": 0, "axis": "y", "origin": [16.5, 3, 16]},
			"faces": {
				"north": {"uv": [5, 3.5, 7.5, 6], "texture": "#0"},
				"east": {"uv": [10, 3.5, 12, 6], "texture": "#0"},
				"south": {"uv": [10, 3.5, 12.5, 6], "texture": "#0"},
				"west": {"uv": [10, 3.5, 12, 6], "texture": "#0"},
				"down": {"uv": [10, 3.5, 12.5, 5.5], "texture": "#0"}
			}
		},
		{
			"from": [18.8, -0.1, 17.5],
			"to": [20.8, 3.9, 19.5],
			"rotation": {"angle": 22.5, "axis": "z", "origin": [19.8, 1.9, 18.5]},
			"faces": {
				"north": {"uv": [3.5, 4, 4.5, 6], "texture": "#0"},
				"east": {"uv": [3.5, 6, 4.5, 4], "rotation": 180, "texture": "#0"},
				"south": {"uv": [3.5, 6, 4.5, 4], "rotation": 180, "texture": "#0"},
				"west": {"uv": [3.5, 4, 4.5, 6], "texture": "#0"},
				"up": {"uv": [3.5, 4, 4.5, 5], "rotation": 90, "texture": "#0"},
				"down": {"uv": [3.5, 6.5, 4.5, 7.5], "rotation": 90, "texture": "#0"}
			}
		},
		{
			"from": [13.8, 0, 14],
			"to": [15.8, 2, 18],
			"rotation": {"angle": 22.5, "axis": "y", "origin": [14.8, 1, 15]},
			"faces": {
				"north": {"uv": [8, 7, 9, 8], "texture": "#0"},
				"east": {"uv": [8, 7, 9, 5], "rotation": 90, "texture": "#0"},
				"west": {"uv": [8, 5, 9, 7], "rotation": 90, "texture": "#0"},
				"up": {"uv": [8, 7, 9, 5], "texture": "#0"},
				"down": {"uv": [8, 5, 9, 7], "texture": "#0"}
			}
		},
		{
			"from": [18.2, 0, 14],
			"to": [20.2, 2, 18],
			"rotation": {"angle": -22.5, "axis": "y", "origin": [19.2, 1, 15]},
			"faces": {
				"north": {"uv": [9, 7, 8, 8], "rotation": 270, "texture": "#0"},
				"east": {"uv": [8, 7, 9, 5], "rotation": 90, "texture": "#0"},
				"west": {"uv": [8, 5, 9, 7], "rotation": 90, "texture": "#0"},
				"up": {"uv": [8, 7, 9, 5], "texture": "#0"},
				"down": {"uv": [8, 5, 9, 7], "texture": "#0"}
			}
		},
		{
			"from": [12, 3, 17.5],
			"to": [16, 5, 19.5],
			"rotation": {"angle": -22.5, "axis": "z", "origin": [14, 4, 18.5]},
			"faces": {
				"north": {"uv": [3.5, 4, 4.5, 6], "rotation": 270, "texture": "#0"},
				"east": {"uv": [3.5, 5, 4.5, 6], "rotation": 180, "texture": "#0"},
				"south": {"uv": [3.5, 6, 4.5, 4], "rotation": 270, "texture": "#0"},
				"west": {"uv": [3.5, 6.5, 4.5, 7.5], "rotation": 180, "texture": "#0"},
				"up": {"uv": [3.5, 4, 4.5, 6], "rotation": 90, "texture": "#0"},
				"down": {"uv": [3.5, 6, 4.5, 4], "rotation": 270, "texture": "#0"}
			}
		},
		{
			"from": [1, 4.5, 23],
			"to": [3, 6.5, 24],
			"rotation": {"angle": 0, "axis": "y", "origin": [1, 4.5, 22]},
			"faces": {
				"north": {"uv": [14, 0, 15, 1], "texture": "#0"},
				"east": {"uv": [14, 0, 14.5, 1], "texture": "#0"},
				"south": {"uv": [14, 0, 15, 1], "texture": "#0"},
				"west": {"uv": [14, 0, 14.5, 1], "texture": "#0"},
				"up": {"uv": [15, 0, 14, 0.5], "texture": "#0"},
				"down": {"uv": [15, 0, 14, 0.5], "texture": "#0"}
			}
		},
		{
			"from": [-1, 4, 24],
			"to": [5, 10, 30],
			"rotation": {"angle": 0, "axis": "y", "origin": [-1, 4, 24]},
			"faces": {
				"north": {"uv": [0, 0, 3, 3], "texture": "#0"},
				"east": {"uv": [6.5, 0, 3.5, 3], "texture": "#0"},
				"south": {"uv": [0, 3.5, 3, 6.5], "texture": "#0"},
				"west": {"uv": [3.5, 0, 6.5, 3], "texture": "#0"},
				"up": {"uv": [7, 0, 10, 3], "texture": "#0"},
				"down": {"uv": [10.5, 0, 13.5, 3], "texture": "#0"}
			}
		},
		{
			"from": [-0.5, 0, 25],
			"to": [4.5, 5, 29],
			"rotation": {"angle": 0, "axis": "y", "origin": [1.5, 3, 25]},
			"faces": {
				"north": {"uv": [5, 3.5, 7.5, 6], "texture": "#0"},
				"east": {"uv": [10, 3.5, 12, 6], "texture": "#0"},
				"south": {"uv": [10, 3.5, 12.5, 6], "texture": "#0"},
				"west": {"uv": [10, 3.5, 12, 6], "texture": "#0"},
				"down": {"uv": [10, 3.5, 12.5, 5.5], "texture": "#0"}
			}
		},
		{
			"from": [3.8, -0.1, 26.5],
			"to": [5.8, 3.9, 28.5],
			"rotation": {"angle": 22.5, "axis": "z", "origin": [4.8, 1.9, 27.5]},
			"faces": {
				"north": {"uv": [3.5, 4, 4.5, 6], "texture": "#0"},
				"east": {"uv": [3.5, 6, 4.5, 4], "rotation": 180, "texture": "#0"},
				"south": {"uv": [3.5, 6, 4.5, 4], "rotation": 180, "texture": "#0"},
				"west": {"uv": [3.5, 4, 4.5, 6], "texture": "#0"},
				"up": {"uv": [3.5, 4, 4.5, 5], "rotation": 90, "texture": "#0"},
				"down": {"uv": [3.5, 6.5, 4.5, 7.5], "rotation": 90, "texture": "#0"}
			}
		},
		{
			"from": [-1.2, 0, 23],
			"to": [0.8, 2, 27],
			"rotation": {"angle": 22.5, "axis": "y", "origin": [-0.2, 1, 24]},
			"faces": {
				"north": {"uv": [8, 7, 9, 8], "texture": "#0"},
				"east": {"uv": [8, 7, 9, 5], "rotation": 90, "texture": "#0"},
				"west": {"uv": [8, 5, 9, 7], "rotation": 90, "texture": "#0"},
				"up": {"uv": [8, 7, 9, 5], "texture": "#0"},
				"down": {"uv": [8, 5, 9, 7], "texture": "#0"}
			}
		},
		{
			"from": [3.2, 0, 23],
			"to": [5.2, 2, 27],
			"rotation": {"angle": -22.5, "axis": "y", "origin": [4.2, 1, 24]},
			"faces": {
				"north": {"uv": [9, 7, 8, 8], "rotation": 270, "texture": "#0"},
				"east": {"uv": [8, 7, 9, 5], "rotation": 90, "texture": "#0"},
				"west": {"uv": [8, 5, 9, 7], "rotation": 90, "texture": "#0"},
				"up": {"uv": [8, 7, 9, 5], "texture": "#0"},
				"down": {"uv": [8, 5, 9, 7], "texture": "#0"}
			}
		},
		{
			"from": [-3, 3, 26.5],
			"to": [1, 5, 28.5],
			"rotation": {"angle": -22.5, "axis": "z", "origin": [-1, 4, 27.5]},
			"faces": {
				"north": {"uv": [3.5, 4, 4.5, 6], "rotation": 270, "texture": "#0"},
				"east": {"uv": [3.5, 5, 4.5, 6], "rotation": 180, "texture": "#0"},
				"south": {"uv": [3.5, 6, 4.5, 4], "rotation": 270, "texture": "#0"},
				"west": {"uv": [3.5, 6.5, 4.5, 7.5], "rotation": 180, "texture": "#0"},
				"up": {"uv": [3.5, 4, 4.5, 6], "rotation": 90, "texture": "#0"},
				"down": {"uv": [3.5, 6, 4.5, 4], "rotation": 270, "texture": "#0"}
			}
		}
	],
	"display": {
		"thirdperson_righthand": {
			"rotation": [60, 0, 0],
			"translation": [-6, 0, 3]
		},
		"thirdperson_lefthand": {
			"rotation": [60, 0, 0],
			"translation": [-6, 0, 3]
		},
		"firstperson_righthand": {
			"rotation": [-9, 155, -3],
			"translation": [0.5, 4, 0],
			"scale": [0.5, 0.5, 0.5]
		},
		"firstperson_lefthand": {
			"rotation": [-9, 155, -3],
			"translation": [0.5, 4, 0],
			"scale": [0.5, 0.5, 0.5]
		},
		"ground": {
			"translation": [0, 2, 0],
			"scale": [0.5, 0.5, 0.5]
		},
		"gui": {
			"rotation": [30, 225, 0],
			"translation": [0.75, 2.25, 0]
		},
		"head": {
			"translation": [0, 14.5, 0]
		},
		"fixed": {
			"translation": [0, 3.5, 0],
			"scale": [1.2, 1.2, 1.2]
		}
	},
	"groups": [
		{
			"name": "group",
			"origin": [5, 4, 9.5],
			"color": 0,
			"children": [0, 1, 2, 3, 4, 5, 6]
		},
		{
			"name": "group",
			"origin": [5, 4, 9.5],
			"color": 0,
			"children": [7, 8, 9, 10, 11, 12, 13]
		},
		{
			"name": "group",
			"origin": [5, 4, 9.5],
			"color": 0,
			"children": [14, 15, 16, 17, 18, 19, 20]
		},
		{
			"name": "group",
			"origin": [5, 4, 9.5],
			"color": 0,
			"children": [21, 22, 23, 24, 25, 26, 27]
		}
	]
}