{
	"credit": "by YSBB Made with Blockbench",
	"render_type": "cutout",
	"texture_size": [32, 32],
	"textures": {
		"0": "kaleidoscope:block/doll/doll_52",
		"particle": "block/white_wool"
	},
	"elements": [
		{
			"from": [4, 3, 5],
			"to": [12, 10, 14],
			"rotation": {"angle": 0, "axis": "y", "origin": [6, 4, 8]},
			"faces": {
				"north": {"uv": [6, 4, 10, 7.5], "texture": "#0"},
				"east": {"uv": [6, 0, 10.5, 3.5], "texture": "#0"},
				"south": {"uv": [6, 4, 10, 7.5], "texture": "#0"},
				"west": {"uv": [10.5, 0, 6, 3.5], "texture": "#0"},
				"up": {"uv": [11.5, 7.5, 16, 11.5], "rotation": 90, "texture": "#0"},
				"down": {"uv": [11.5, 0, 16, 4], "rotation": 90, "texture": "#0"}
			}
		},
		{
			"from": [5.5, 6, 3],
			"to": [10.5, 16, 7],
			"rotation": {"angle": 0, "axis": "y", "origin": [8, 10, 4]},
			"faces": {
				"north": {"uv": [0.5, 3, 3, 8], "texture": "#0"},
				"east": {"uv": [5.5, 3, 3.5, 8], "texture": "#0"},
				"south": {"uv": [13.5, 4, 16, 9], "texture": "#0"},
				"west": {"uv": [3.5, 3, 5.5, 8], "texture": "#0"},
				"up": {"uv": [3.5, 8.5, 6, 10.5], "texture": "#0"},
				"down": {"uv": [0.5, 8.5, 3, 10.5], "texture": "#0"}
			}
		},
		{
			"from": [5.5, 16, 6],
			"to": [7.5, 18, 7],
			"rotation": {"angle": 0, "axis": "y", "origin": [5.5, 15, 2]},
			"faces": {
				"north": {"uv": [5, 0, 4, 1], "texture": "#0"},
				"east": {"uv": [5, 0, 4.5, 1], "texture": "#0"},
				"south": {"uv": [4, 0, 5, 1], "texture": "#0"},
				"west": {"uv": [4.5, 0, 4, 1], "texture": "#0"},
				"up": {"uv": [4, 0, 5, 0.5], "texture": "#0"},
				"down": {"uv": [5, 0, 4, 0.5], "texture": "#0"}
			}
		},
		{
			"from": [8.5, 16, 5.99],
			"to": [10.5, 18, 6.99],
			"rotation": {"angle": 0, "axis": "y", "origin": [9.5, 16.5, 6.49]},
			"faces": {
				"north": {"uv": [4, 0, 5, 1], "texture": "#0"},
				"east": {"uv": [4.5, 0, 4, 1], "texture": "#0"},
				"south": {"uv": [5, 0, 4, 1], "texture": "#0"},
				"west": {"uv": [5, 0, 4.5, 1], "texture": "#0"},
				"up": {"uv": [4, 0, 5, 0.5], "rotation": 180, "texture": "#0"},
				"down": {"uv": [5, 0, 4, 0.5], "rotation": 180, "texture": "#0"}
			}
		},
		{
			"from": [6.5, 12, 1],
			"to": [9.5, 15, 3],
			"rotation": {"angle": 0, "axis": "y", "origin": [9.5, 12, 2]},
			"faces": {
				"north": {"uv": [1, 1, 2.5, 2.5], "texture": "#0"},
				"east": {"uv": [0, 1, 1, 2.5], "texture": "#0"},
				"south": {"uv": [4.5, 0.5, 6, 2], "texture": "#0"},
				"west": {"uv": [1, 1, 0, 2.5], "texture": "#0"},
				"up": {"uv": [1, 1, 2.5, 0], "texture": "#0"},
				"down": {"uv": [1, 0, 2.5, 1], "texture": "#0"}
			}
		},
		{
			"from": [4, 0, 5],
			"to": [6, 3, 7],
			"rotation": {"angle": 0, "axis": "y", "origin": [5, 1.5, 6]},
			"faces": {
				"north": {"uv": [10.5, 6, 11.5, 7.5], "texture": "#0"},
				"east": {"uv": [10.5, 6, 11.5, 7.5], "texture": "#0"},
				"south": {"uv": [10.5, 6, 11.5, 7.5], "texture": "#0"},
				"west": {"uv": [10.5, 6, 11.5, 7.5], "texture": "#0"},
				"up": {"uv": [10.5, 6, 11.5, 7], "texture": "#0"},
				"down": {"uv": [10.5, 6, 11.5, 7], "texture": "#0"}
			}
		},
		{
			"from": [10, 0, 5],
			"to": [12, 3, 7],
			"rotation": {"angle": 0, "axis": "y", "origin": [11, 1.5, 6]},
			"faces": {
				"north": {"uv": [10.5, 6, 11.5, 7.5], "texture": "#0"},
				"east": {"uv": [10.5, 6, 11.5, 7.5], "texture": "#0"},
				"south": {"uv": [10.5, 6, 11.5, 7.5], "texture": "#0"},
				"west": {"uv": [10.5, 6, 11.5, 7.5], "texture": "#0"},
				"up": {"uv": [10.5, 6, 11.5, 7], "texture": "#0"},
				"down": {"uv": [10.5, 6, 11.5, 7], "texture": "#0"}
			}
		},
		{
			"from": [10, 0, 12],
			"to": [12, 3, 14],
			"rotation": {"angle": 0, "axis": "y", "origin": [11, 1.5, 13]},
			"faces": {
				"north": {"uv": [10.5, 6, 11.5, 7.5], "texture": "#0"},
				"east": {"uv": [10.5, 6, 11.5, 7.5], "texture": "#0"},
				"south": {"uv": [10.5, 6, 11.5, 7.5], "texture": "#0"},
				"west": {"uv": [10.5, 6, 11.5, 7.5], "texture": "#0"},
				"up": {"uv": [10.5, 6, 11.5, 7], "texture": "#0"},
				"down": {"uv": [10.5, 6, 11.5, 7], "texture": "#0"}
			}
		},
		{
			"from": [4, 0, 12],
			"to": [6, 3, 14],
			"rotation": {"angle": 0, "axis": "y", "origin": [5, 1.5, 13]},
			"faces": {
				"north": {"uv": [10.5, 6, 11.5, 7.5], "texture": "#0"},
				"east": {"uv": [10.5, 6, 11.5, 7.5], "texture": "#0"},
				"south": {"uv": [10.5, 6, 11.5, 7.5], "texture": "#0"},
				"west": {"uv": [10.5, 6, 11.5, 7.5], "texture": "#0"},
				"up": {"uv": [10.5, 6, 11.5, 7], "texture": "#0"},
				"down": {"uv": [10.5, 6, 11.5, 7], "texture": "#0"}
			}
		}
	],
	"display": {
		"thirdperson_righthand": {
			"rotation": [75, 45, 0],
			"translation": [0, 2.5, 0],
			"scale": [0.375, 0.375, 0.375]
		},
		"thirdperson_lefthand": {
			"rotation": [75, 45, 0],
			"translation": [0, 2.5, 0],
			"scale": [0.375, 0.375, 0.375]
		},
		"firstperson_righthand": {
			"rotation": [-9, 155, -3],
			"translation": [2.25, 2, 0],
			"scale": [0.5, 0.5, 0.5]
		},
		"firstperson_lefthand": {
			"rotation": [-9, 155, -3],
			"translation": [2, 2, 0],
			"scale": [0.5, 0.5, 0.5]
		},
		"ground": {
			"translation": [0, 2, 0],
			"scale": [0.5, 0.5, 0.5]
		},
		"gui": {
			"rotation": [30, 225, 0],
			"translation": [0.5, 0.5, 0],
			"scale": [0.9, 0.9, 0.9]
		},
		"head": {
			"translation": [0, 14.5, 0]
		},
		"fixed": {
			"translation": [0, 0.5, 0],
			"scale": [1.2, 1.2, 1.2]
		}
	},
	"groups": [
		{
			"name": "right_wing",
			"origin": [8.5, 5, 9],
			"color": 0,
			"children": []
		},
		{
			"name": "group",
			"origin": [14.5, 2.75, 6],
			"color": 0,
			"children": []
		},
		0,
		1,
		2,
		3,
		4,
		5,
		6,
		7,
		8
	]
}