{
	"credit": "Made with Blockbench",
	"render_type": "cutout",
	"texture_size": [32, 32],
	"textures": {
		"1": "kaleidoscope:block/doll/doll_14",
		"particle": "block/white_wool"
	},
	"elements": [
		{
			"from": [3, 1, 4],
			"to": [13, 11, 14],
			"rotation": {"angle": 0, "axis": "y", "origin": [0, -1, 0]},
			"faces": {
				"north": {"uv": [5.5, 11, 10.5, 16], "texture": "#1"},
				"east": {"uv": [11, 11, 16, 16], "texture": "#1"},
				"south": {"uv": [11, 11, 16, 16], "texture": "#1"},
				"west": {"uv": [11, 11, 16, 16], "texture": "#1"},
				"up": {"uv": [16, 11, 11, 16], "texture": "#1"},
				"down": {"uv": [11, 11, 16, 16], "texture": "#1"}
			}
		},
		{
			"from": [7, 9, 3],
			"to": [9, 13, 5],
			"rotation": {"angle": -22.5, "axis": "x", "origin": [7.5, 12.5, 4.5]},
			"faces": {
				"north": {"uv": [3, 13, 4, 15], "texture": "#1"},
				"east": {"uv": [3, 13, 4, 15], "texture": "#1"},
				"south": {"uv": [3, 13, 4, 15], "texture": "#1"},
				"west": {"uv": [3, 13, 4, 15], "texture": "#1"},
				"up": {"uv": [3, 13, 4, 14], "texture": "#1"},
				"down": {"uv": [3, 13, 4, 14], "texture": "#1"}
			}
		},
		{
			"from": [0.5, 5, 3],
			"to": [4.5, 7, 5],
			"rotation": {"angle": -22.5, "axis": "y", "origin": [1, 6.5, 4.5]},
			"faces": {
				"north": {"uv": [3, 13, 4, 15], "rotation": 90, "texture": "#1"},
				"east": {"uv": [3, 13, 4, 14], "rotation": 270, "texture": "#1"},
				"south": {"uv": [3, 13, 4, 15], "rotation": 270, "texture": "#1"},
				"west": {"uv": [3, 13, 4, 14], "rotation": 270, "texture": "#1"},
				"up": {"uv": [3, 13, 4, 15], "rotation": 270, "texture": "#1"},
				"down": {"uv": [3, 13, 4, 15], "rotation": 270, "texture": "#1"}
			}
		},
		{
			"from": [10.5, 5, 3],
			"to": [14.5, 7, 5],
			"rotation": {"angle": 22.5, "axis": "y", "origin": [14, 6.5, 4.5]},
			"faces": {
				"north": {"uv": [3, 15, 4, 13], "rotation": 90, "texture": "#1"},
				"east": {"uv": [3, 14, 4, 13], "rotation": 270, "texture": "#1"},
				"south": {"uv": [3, 15, 4, 13], "rotation": 270, "texture": "#1"},
				"west": {"uv": [3, 14, 4, 13], "rotation": 270, "texture": "#1"},
				"up": {"uv": [3, 15, 4, 13], "rotation": 270, "texture": "#1"},
				"down": {"uv": [3, 13, 4, 15], "rotation": 270, "texture": "#1"}
			}
		},
		{
			"from": [10, -1, 3],
			"to": [12, 3, 5],
			"rotation": {"angle": 22.5, "axis": "x", "origin": [10.5, -0.5, 4.5]},
			"faces": {
				"north": {"uv": [3, 15, 4, 13], "texture": "#1"},
				"east": {"uv": [3, 15, 4, 13], "texture": "#1"},
				"south": {"uv": [3, 15, 4, 13], "texture": "#1"},
				"west": {"uv": [3, 15, 4, 13], "texture": "#1"},
				"up": {"uv": [3, 13, 4, 14], "texture": "#1"},
				"down": {"uv": [3, 13, 4, 14], "texture": "#1"}
			}
		},
		{
			"from": [0.95189, 5, 10.7282],
			"to": [4.95189, 7, 12.7282],
			"rotation": {"angle": 22.5, "axis": "y", "origin": [7.5, 6, 13.61209]},
			"faces": {
				"north": {"uv": [3, 15, 4, 13], "rotation": 270, "texture": "#1"},
				"east": {"uv": [3, 14, 4, 13], "rotation": 270, "texture": "#1"},
				"south": {"uv": [3, 15, 4, 13], "rotation": 90, "texture": "#1"},
				"west": {"uv": [3, 14, 4, 13], "rotation": 270, "texture": "#1"},
				"up": {"uv": [3, 15, 4, 13], "rotation": 90, "texture": "#1"},
				"down": {"uv": [3, 13, 4, 15], "rotation": 90, "texture": "#1"}
			}
		},
		{
			"from": [10.04811, 5, 10.7282],
			"to": [14.04811, 7, 12.7282],
			"rotation": {"angle": -22.5, "axis": "y", "origin": [7.5, 6, 13.61209]},
			"faces": {
				"north": {"uv": [3, 13, 4, 15], "rotation": 270, "texture": "#1"},
				"east": {"uv": [3, 13, 4, 14], "rotation": 270, "texture": "#1"},
				"south": {"uv": [3, 13, 4, 15], "rotation": 90, "texture": "#1"},
				"west": {"uv": [3, 13, 4, 14], "rotation": 270, "texture": "#1"},
				"up": {"uv": [3, 13, 4, 15], "rotation": 90, "texture": "#1"},
				"down": {"uv": [3, 13, 4, 15], "rotation": 90, "texture": "#1"}
			}
		},
		{
			"from": [7, -0.54811, 10.7282],
			"to": [9, 3.45189, 12.7282],
			"rotation": {"angle": -22.5, "axis": "x", "origin": [8, 6, 13.61209]},
			"faces": {
				"north": {"uv": [3, 13, 4, 15], "rotation": 180, "texture": "#1"},
				"east": {"uv": [3, 13, 4, 15], "rotation": 180, "texture": "#1"},
				"south": {"uv": [3, 13, 4, 15], "rotation": 180, "texture": "#1"},
				"west": {"uv": [3, 13, 4, 15], "rotation": 180, "texture": "#1"},
				"up": {"uv": [3, 13, 4, 14], "texture": "#1"},
				"down": {"uv": [3, 13, 4, 14], "texture": "#1"}
			}
		},
		{
			"from": [7, 8.54811, 10.7282],
			"to": [10, 12.54811, 12.7282],
			"rotation": {"angle": 22.5, "axis": "x", "origin": [8, 6, 13.61209]},
			"faces": {
				"north": {"uv": [3, 15, 4, 13], "rotation": 180, "texture": "#1"},
				"east": {"uv": [3, 15, 4, 13], "rotation": 180, "texture": "#1"},
				"south": {"uv": [3, 15, 4, 13], "rotation": 180, "texture": "#1"},
				"west": {"uv": [3, 15, 4, 13], "rotation": 180, "texture": "#1"},
				"up": {"uv": [3, 13, 4, 14], "texture": "#1"},
				"down": {"uv": [3, 13, 4, 14], "texture": "#1"}
			}
		},
		{
			"from": [4, -1, 3],
			"to": [6, 3, 5],
			"rotation": {"angle": 22.5, "axis": "x", "origin": [4.5, -0.5, 4.5]},
			"faces": {
				"north": {"uv": [3, 15, 4, 13], "texture": "#1"},
				"east": {"uv": [3, 15, 4, 13], "texture": "#1"},
				"south": {"uv": [3, 15, 4, 13], "texture": "#1"},
				"west": {"uv": [3, 15, 4, 13], "texture": "#1"},
				"up": {"uv": [3, 13, 4, 14], "texture": "#1"},
				"down": {"uv": [3, 13, 4, 14], "texture": "#1"}
			}
		},
		{
			"from": [7, -2, 8],
			"to": [9, 2, 10],
			"rotation": {"angle": 45, "axis": "z", "origin": [8, 6, 9]},
			"faces": {
				"north": {"uv": [3, 13, 4, 15], "rotation": 180, "texture": "#1"},
				"east": {"uv": [3, 13, 4, 15], "rotation": 180, "texture": "#1"},
				"south": {"uv": [3, 13, 4, 15], "rotation": 180, "texture": "#1"},
				"west": {"uv": [3, 13, 4, 15], "rotation": 180, "texture": "#1"},
				"up": {"uv": [3, 13, 4, 14], "texture": "#1"},
				"down": {"uv": [3, 13, 4, 14], "texture": "#1"}
			}
		},
		{
			"from": [12, 5, 8],
			"to": [16, 7, 10],
			"rotation": {"angle": 45, "axis": "z", "origin": [8, 6, 9]},
			"faces": {
				"north": {"uv": [3, 13, 4, 15], "rotation": 270, "texture": "#1"},
				"east": {"uv": [3, 13, 4, 14], "rotation": 270, "texture": "#1"},
				"south": {"uv": [3, 13, 4, 15], "rotation": 90, "texture": "#1"},
				"west": {"uv": [3, 13, 4, 14], "rotation": 270, "texture": "#1"},
				"up": {"uv": [3, 13, 4, 15], "rotation": 90, "texture": "#1"},
				"down": {"uv": [3, 13, 4, 15], "rotation": 90, "texture": "#1"}
			}
		},
		{
			"from": [7, 10, 8],
			"to": [9, 14, 10],
			"rotation": {"angle": 45, "axis": "z", "origin": [8, 6, 9]},
			"faces": {
				"north": {"uv": [3, 15, 4, 13], "rotation": 180, "texture": "#1"},
				"east": {"uv": [3, 15, 4, 13], "rotation": 180, "texture": "#1"},
				"south": {"uv": [3, 15, 4, 13], "rotation": 180, "texture": "#1"},
				"west": {"uv": [3, 15, 4, 13], "rotation": 180, "texture": "#1"},
				"up": {"uv": [3, 13, 4, 14], "texture": "#1"},
				"down": {"uv": [3, 13, 4, 14], "texture": "#1"}
			}
		},
		{
			"from": [0, 5, 8],
			"to": [4, 7, 10],
			"rotation": {"angle": 45, "axis": "z", "origin": [8, 6, 9]},
			"faces": {
				"north": {"uv": [3, 15, 4, 13], "rotation": 270, "texture": "#1"},
				"east": {"uv": [3, 14, 4, 13], "rotation": 270, "texture": "#1"},
				"south": {"uv": [3, 15, 4, 13], "rotation": 90, "texture": "#1"},
				"west": {"uv": [3, 14, 4, 13], "rotation": 270, "texture": "#1"},
				"up": {"uv": [3, 15, 4, 13], "rotation": 90, "texture": "#1"},
				"down": {"uv": [3, 13, 4, 15], "rotation": 90, "texture": "#1"}
			}
		}
	],
	"display": {
		"thirdperson_righthand": {
			"rotation": [60, 0, 0],
			"translation": [-6, 2, 3]
		},
		"thirdperson_lefthand": {
			"rotation": [60, 0, 0],
			"translation": [-6, 2, 3]
		},
		"firstperson_righthand": {
			"rotation": [-9, 155, -3],
			"translation": [0.5, 4, 0],
			"scale": [0.5, 0.5, 0.5]
		},
		"firstperson_lefthand": {
			"rotation": [-9, 155, -3],
			"translation": [0.5, 4, 0],
			"scale": [0.5, 0.5, 0.5]
		},
		"ground": {
			"translation": [0, 2, 0],
			"scale": [0.5, 0.5, 0.5]
		},
		"gui": {
			"rotation": [30, 225, 0],
			"translation": [0.5, 1.5, 0],
			"scale": [0.9, 0.9, 0.9]
		},
		"head": {
			"translation": [0, 14.5, 0]
		},
		"fixed": {
			"translation": [0, 3.5, 0],
			"scale": [1.2, 1.2, 1.2]
		}
	}
}