{
	"credit": "by YSBB Made with Blockbench",
	"render_type": "cutout",
	"texture_size": [32, 32],
	"textures": {
		"0": "kaleidoscope:block/doll/doll_59",
		"particle": "block/white_wool"
	},
	"elements": [
		{
			"from": [4, 1, 4],
			"to": [12, 9, 12],
			"rotation": {"angle": 0, "axis": "y", "origin": [7, 1, 4]},
			"faces": {
				"north": {"uv": [13, 10, 9, 14], "texture": "#0"},
				"east": {"uv": [0, 10, 4, 14], "texture": "#0"},
				"south": {"uv": [0, 10, 4, 14], "texture": "#0"},
				"west": {"uv": [4, 10, 0, 14], "texture": "#0"},
				"up": {"uv": [4.5, 10, 8.5, 14], "texture": "#0"},
				"down": {"uv": [0, 10, 4, 14], "texture": "#0"}
			}
		},
		{
			"from": [3.5, 4, 6],
			"to": [3.5, 6, 9],
			"rotation": {"angle": -22.5, "axis": "z", "origin": [3.5, 4.5, 7.5]},
			"faces": {
				"east": {"uv": [13.5, 11.5, 15, 12.5], "texture": "#0"},
				"west": {"uv": [15, 11.5, 13.5, 12.5], "texture": "#0"}
			}
		},
		{
			"from": [12.44134, 3.96194, 6],
			"to": [12.44134, 5.96194, 9],
			"rotation": {"angle": 22.5, "axis": "z", "origin": [12.44134, 4.96194, 7.5]},
			"faces": {
				"east": {"uv": [13.5, 11.5, 15, 12.5], "texture": "#0"},
				"west": {"uv": [13.5, 11.5, 15, 12.5], "texture": "#0"}
			}
		},
		{
			"from": [3, 0, 9],
			"to": [13, 10, 9],
			"rotation": {"angle": 0, "axis": "y", "origin": [3, 1, 9]},
			"faces": {
				"north": {"uv": [8.5, 2.5, 13.5, 7.5], "texture": "#0"},
				"south": {"uv": [8.5, 2.5, 13.5, 7.5], "texture": "#0"}
			}
		}
	],
	"display": {
		"thirdperson_righthand": {
			"rotation": [75, 45, 0],
			"translation": [0, 2.5, 0],
			"scale": [0.375, 0.375, 0.375]
		},
		"thirdperson_lefthand": {
			"rotation": [75, 45, 0],
			"translation": [0, 2.5, 0],
			"scale": [0.375, 0.375, 0.375]
		},
		"firstperson_righthand": {
			"rotation": [-9, 155, -3],
			"translation": [0.5, 4, 0],
			"scale": [0.5, 0.5, 0.5]
		},
		"firstperson_lefthand": {
			"rotation": [-9, 155, -3],
			"translation": [0.5, 4, 0],
			"scale": [0.5, 0.5, 0.5]
		},
		"ground": {
			"translation": [0, 2, 0],
			"scale": [0.5, 0.5, 0.5]
		},
		"gui": {
			"rotation": [30, 225, 0],
			"translation": [0, 2.75, 0]
		},
		"head": {
			"translation": [0, 14.5, 0]
		},
		"fixed": {
			"translation": [0, 3.5, 0],
			"scale": [1.2, 1.2, 1.2]
		}
	},
	"groups": [
		{
			"name": "right_wing",
			"origin": [8.5, 5, 9],
			"color": 0,
			"children": []
		},
		{
			"name": "group",
			"origin": [14.5, 2.75, 6],
			"color": 0,
			"children": []
		},
		0,
		1,
		2,
		3
	]
}