{
	"credit": "Made by YSBB with Blockbench",
	"render_type": "cutout",
	"texture_size": [32, 32],
	"textures": {
		"0": "kaleidoscope:block/doll/doll_32",
		"particle": "block/white_wool"
	},
	"elements": [
		{
			"from": [5, 4, 6],
			"to": [11, 10, 12],
			"rotation": {"angle": 0, "axis": "y", "origin": [5, 4, 6]},
			"faces": {
				"north": {"uv": [0, 0, 3, 3], "texture": "#0"},
				"east": {"uv": [6.5, 0, 3.5, 3], "texture": "#0"},
				"south": {"uv": [0, 3.5, 3, 6.5], "texture": "#0"},
				"west": {"uv": [3.5, 0, 6.5, 3], "texture": "#0"},
				"down": {"uv": [10.5, 0, 13.5, 3], "texture": "#0"}
			}
		},
		{
			"from": [5.5, 0, 7],
			"to": [10.5, 5, 11],
			"rotation": {"angle": 0, "axis": "y", "origin": [7.5, 3, 7]},
			"faces": {
				"north": {"uv": [5, 3.5, 7.5, 6], "texture": "#0"},
				"east": {"uv": [10, 3.5, 12, 6], "texture": "#0"},
				"south": {"uv": [10, 3.5, 12.5, 6], "texture": "#0"},
				"west": {"uv": [10, 3.5, 12, 6], "texture": "#0"},
				"down": {"uv": [10, 3.5, 12.5, 5.5], "texture": "#0"}
			}
		},
		{
			"from": [9, 3, 8.5],
			"to": [13, 5, 10.5],
			"rotation": {"angle": 22.5, "axis": "z", "origin": [11, 4, 9.5]},
			"faces": {
				"north": {"uv": [3.5, 4, 4.5, 6], "rotation": 90, "texture": "#0"},
				"east": {"uv": [3.5, 6.5, 4.5, 7.5], "texture": "#0"},
				"south": {"uv": [3.5, 6, 4.5, 4], "rotation": 90, "texture": "#0"},
				"west": {"uv": [3.5, 4, 4.5, 5], "texture": "#0"},
				"up": {"uv": [3.5, 6, 4.5, 4], "rotation": 90, "texture": "#0"},
				"down": {"uv": [3.5, 4, 4.5, 6], "rotation": 270, "texture": "#0"}
			}
		},
		{
			"from": [4.18268, 0, 4.92388],
			"to": [6.18268, 2, 8.92388],
			"rotation": {"angle": 45, "axis": "y", "origin": [6.18268, 1, 6.92388]},
			"faces": {
				"north": {"uv": [8, 7, 9, 8], "texture": "#0"},
				"east": {"uv": [8, 7, 9, 5], "rotation": 90, "texture": "#0"},
				"west": {"uv": [8, 5, 9, 7], "rotation": 90, "texture": "#0"},
				"up": {"uv": [8, 7, 9, 5], "texture": "#0"},
				"down": {"uv": [8, 5, 9, 7], "texture": "#0"}
			}
		},
		{
			"from": [9.2, 0, 5],
			"to": [11.2, 2, 9],
			"rotation": {"angle": -22.5, "axis": "y", "origin": [10.2, 1, 6]},
			"faces": {
				"north": {"uv": [9, 7, 8, 8], "rotation": 270, "texture": "#0"},
				"east": {"uv": [8, 7, 9, 5], "rotation": 90, "texture": "#0"},
				"west": {"uv": [8, 5, 9, 7], "rotation": 90, "texture": "#0"},
				"up": {"uv": [8, 7, 9, 5], "texture": "#0"},
				"down": {"uv": [8, 5, 9, 7], "texture": "#0"}
			}
		},
		{
			"from": [3, 1, 8.5],
			"to": [7, 3, 10.5],
			"rotation": {"angle": 45, "axis": "z", "origin": [5, 2, 9.5]},
			"faces": {
				"north": {"uv": [3.5, 4, 4.5, 6], "rotation": 270, "texture": "#0"},
				"east": {"uv": [3.5, 5, 4.5, 6], "rotation": 180, "texture": "#0"},
				"south": {"uv": [3.5, 6, 4.5, 4], "rotation": 270, "texture": "#0"},
				"west": {"uv": [3.5, 6.5, 4.5, 7.5], "rotation": 180, "texture": "#0"},
				"up": {"uv": [3.5, 4, 4.5, 6], "rotation": 90, "texture": "#0"},
				"down": {"uv": [3.5, 6, 4.5, 4], "rotation": 270, "texture": "#0"}
			}
		},
		{
			"from": [7, 4.5, 5],
			"to": [9, 6.5, 6],
			"rotation": {"angle": 0, "axis": "y", "origin": [7, 4.5, 4]},
			"faces": {
				"north": {"uv": [14, 0, 15, 1], "texture": "#0"},
				"east": {"uv": [14, 0, 14.5, 1], "texture": "#0"},
				"south": {"uv": [14, 0, 15, 1], "texture": "#0"},
				"west": {"uv": [14, 0, 14.5, 1], "texture": "#0"},
				"up": {"uv": [15, 0, 14, 0.5], "texture": "#0"},
				"down": {"uv": [15, 0, 14, 0.5], "texture": "#0"}
			}
		},
		{
			"from": [3, 8, 4],
			"to": [13, 9, 14],
			"faces": {
				"north": {"uv": [0, 8.5, 4.5, 9], "texture": "#0"},
				"east": {"uv": [0, 8.5, 4, 9], "texture": "#0"},
				"south": {"uv": [0, 8.5, 4.5, 9], "texture": "#0"},
				"west": {"uv": [0, 8.5, 4, 9], "texture": "#0"},
				"up": {"uv": [2, 11.5, 6.5, 15.5], "texture": "#0"},
				"down": {"uv": [2, 11.5, 6.5, 15.5], "texture": "#0"}
			}
		},
		{
			"from": [5.1, 7.3, 6.35],
			"to": [10.9, 11.3, 12.35],
			"rotation": {"angle": 22.5, "axis": "x", "origin": [8, 9.5, 9]},
			"faces": {
				"north": {"uv": [3, 8.5, 5.9, 10.5], "texture": "#0"},
				"east": {"uv": [0, 8.5, 3, 10.5], "texture": "#0"},
				"south": {"uv": [0, 8.5, 2.9, 10.5], "texture": "#0"},
				"west": {"uv": [0, 8.5, 3, 10.5], "texture": "#0"},
				"up": {"uv": [0, 12, 2.9, 15], "texture": "#0"},
				"down": {"uv": [0, 8.5, 2.9, 11.5], "texture": "#0"}
			}
		},
		{
			"from": [6.5, 11, 10],
			"to": [9.5, 14, 13],
			"rotation": {"angle": 45, "axis": "x", "origin": [8, 12.5, 10]},
			"faces": {
				"north": {"uv": [5, 14, 6.5, 15.5], "texture": "#0"},
				"east": {"uv": [5, 14, 6.5, 15.5], "texture": "#0"},
				"south": {"uv": [5, 14, 6.5, 15.5], "texture": "#0"},
				"west": {"uv": [5, 14, 6.5, 15.5], "texture": "#0"},
				"up": {"uv": [5, 14, 6.5, 15.5], "texture": "#0"},
				"down": {"uv": [5, 14, 6.5, 15.5], "texture": "#0"}
			}
		},
		{
			"from": [3, 0, 10.75],
			"to": [5, 3, 12.75],
			"rotation": {"angle": 0, "axis": "y", "origin": [0, 0, 0.75]},
			"faces": {
				"north": {"uv": [8, 13.5, 9, 15], "texture": "#0"},
				"east": {"uv": [8, 13.5, 9, 15], "texture": "#0"},
				"south": {"uv": [8, 13.5, 9, 15], "texture": "#0"},
				"west": {"uv": [8, 13.5, 9, 15], "texture": "#0"},
				"up": {"uv": [8, 13, 9, 14], "texture": "#0"},
				"down": {"uv": [8, 14, 9, 15], "texture": "#0"}
			}
		},
		{
			"from": [10, 0, 11],
			"to": [12, 3, 13],
			"faces": {
				"north": {"uv": [8, 13.5, 9, 15], "texture": "#0"},
				"east": {"uv": [8, 13.5, 9, 15], "texture": "#0"},
				"south": {"uv": [8, 13.5, 9, 15], "texture": "#0"},
				"west": {"uv": [8, 13.5, 9, 15], "texture": "#0"},
				"up": {"uv": [8, 13, 9, 14], "texture": "#0"},
				"down": {"uv": [8, 14, 9, 15], "texture": "#0"}
			}
		},
		{
			"from": [12, 0, 7],
			"to": [14, 3, 9],
			"faces": {
				"north": {"uv": [8, 13.5, 9, 15], "texture": "#0"},
				"east": {"uv": [8, 13.5, 9, 15], "texture": "#0"},
				"south": {"uv": [8, 13.5, 9, 15], "texture": "#0"},
				"west": {"uv": [8, 13.5, 9, 15], "texture": "#0"},
				"up": {"uv": [8, 13, 9, 14], "texture": "#0"},
				"down": {"uv": [8, 14, 9, 15], "texture": "#0"}
			}
		}
	],
	"display": {
		"thirdperson_righthand": {
			"rotation": [60, 0, 0],
			"translation": [-6, 0, 3]
		},
		"thirdperson_lefthand": {
			"rotation": [60, 0, 0],
			"translation": [-6, 0, 3]
		},
		"firstperson_righthand": {
			"rotation": [-9, 155, -3],
			"translation": [0.5, 4, 0],
			"scale": [0.5, 0.5, 0.5]
		},
		"firstperson_lefthand": {
			"rotation": [-9, 155, -3],
			"translation": [0.5, 4, 0],
			"scale": [0.5, 0.5, 0.5]
		},
		"ground": {
			"translation": [0, 2, 0],
			"scale": [0.5, 0.5, 0.5]
		},
		"gui": {
			"rotation": [30, 225, 0],
			"translation": [1, 2.25, 0]
		},
		"head": {
			"translation": [0, 14.5, 0]
		},
		"fixed": {
			"translation": [0, 3.5, 0],
			"scale": [1.2, 1.2, 1.2]
		}
	},
	"groups": [
		{
			"name": "group",
			"origin": [16.75, 11.25, 2.75],
			"color": 0,
			"children": []
		},
		0,
		1,
		2,
		3,
		4,
		5,
		6,
		7,
		8,
		9,
		10,
		11,
		12
	]
}