{
	"credit": "by YSBB Made with Blockbench",
	"render_type": "cutout",
	"texture_size": [32, 32],
	"textures": {
		"0": "kaleidoscope:block/doll/doll_36",
		"particle": "block/white_wool"
	},
	"elements": [
		{
			"from": [4, 0, 5],
			"to": [12, 7, 12],
			"rotation": {"angle": 0, "axis": "y", "origin": [7, 0, 3]},
			"faces": {
				"north": {"uv": [0.5, 5, 4.5, 8.5], "texture": "#0"},
				"east": {"uv": [9, 0, 5.5, 3.5], "texture": "#0"},
				"south": {"uv": [0.5, 5, 4.5, 8.5], "texture": "#0"},
				"west": {"uv": [9, 0, 5.5, 3.5], "texture": "#0"},
				"up": {"uv": [0.5, 4, 4.5, 0.5], "texture": "#0"},
				"down": {"uv": [11, 0, 15, 3.5], "texture": "#0"}
			}
		},
		{
			"from": [6, 0, 2],
			"to": [10, 5, 5],
			"rotation": {"angle": 0, "axis": "y", "origin": [7, 1, 3]},
			"faces": {
				"north": {"uv": [4, 12, 6, 14.5], "texture": "#0"},
				"east": {"uv": [2.5, 12, 4, 14.5], "texture": "#0"},
				"south": {"uv": [0, 0, 2, 2.5], "texture": "#0"},
				"west": {"uv": [6, 12, 7.5, 14.5], "texture": "#0"},
				"up": {"uv": [4, 10.5, 6, 12], "texture": "#0"},
				"down": {"uv": [4, 16, 6, 14.5], "texture": "#0"}
			}
		},
		{
			"from": [5, 2, 3],
			"to": [11, 9, 3],
			"rotation": {"angle": 0, "axis": "y", "origin": [7, 3, 1]},
			"faces": {
				"north": {"uv": [9.5, 12.5, 12.5, 16], "texture": "#0"},
				"east": {"uv": [0, 0, 0, 3.5], "texture": "#0"},
				"south": {"uv": [9.5, 12.5, 12.5, 16], "texture": "#0"},
				"west": {"uv": [0, 0, 0, 3.5], "texture": "#0"},
				"up": {"uv": [0, 0, 3, 0], "texture": "#0"},
				"down": {"uv": [0, 0, 3, 0], "texture": "#0"}
			}
		},
		{
			"from": [4, 0, 3],
			"to": [6, 2, 5],
			"rotation": {"angle": 0, "axis": "y", "origin": [4, 0, 3]},
			"faces": {
				"north": {"uv": [10.5, 7.5, 11.5, 8.5], "texture": "#0"},
				"east": {"uv": [10.5, 7.5, 11.5, 8.5], "texture": "#0"},
				"south": {"uv": [10.5, 7.5, 11.5, 8.5], "texture": "#0"},
				"west": {"uv": [10.5, 7.5, 11.5, 8.5], "texture": "#0"},
				"up": {"uv": [9.5, 7.5, 10.5, 8.5], "texture": "#0"},
				"down": {"uv": [11.5, 7.5, 12.5, 8.5], "texture": "#0"}
			}
		},
		{
			"from": [4, 0, 12],
			"to": [6, 2, 14],
			"rotation": {"angle": 0, "axis": "y", "origin": [4, 0, 12]},
			"faces": {
				"north": {"uv": [10.5, 7.5, 11.5, 8.5], "texture": "#0"},
				"east": {"uv": [10.5, 7.5, 11.5, 8.5], "texture": "#0"},
				"south": {"uv": [10.5, 7.5, 11.5, 8.5], "texture": "#0"},
				"west": {"uv": [10.5, 7.5, 11.5, 8.5], "texture": "#0"},
				"up": {"uv": [9.5, 7.5, 10.5, 8.5], "texture": "#0"},
				"down": {"uv": [11.5, 7.5, 12.5, 8.5], "texture": "#0"}
			}
		},
		{
			"from": [10, 0, 3],
			"to": [12, 2, 5],
			"rotation": {"angle": 0, "axis": "y", "origin": [10, 0, 3]},
			"faces": {
				"north": {"uv": [10.5, 7.5, 11.5, 8.5], "texture": "#0"},
				"east": {"uv": [10.5, 7.5, 11.5, 8.5], "texture": "#0"},
				"south": {"uv": [10.5, 7.5, 11.5, 8.5], "texture": "#0"},
				"west": {"uv": [10.5, 7.5, 11.5, 8.5], "texture": "#0"},
				"up": {"uv": [9.5, 7.5, 10.5, 8.5], "texture": "#0"},
				"down": {"uv": [11.5, 7.5, 12.5, 8.5], "texture": "#0"}
			}
		},
		{
			"from": [10, 0, 12],
			"to": [12, 2, 14],
			"rotation": {"angle": 0, "axis": "y", "origin": [10, 0, 12]},
			"faces": {
				"north": {"uv": [10.5, 7.5, 11.5, 8.5], "texture": "#0"},
				"east": {"uv": [10.5, 7.5, 11.5, 8.5], "texture": "#0"},
				"south": {"uv": [10.5, 7.5, 11.5, 8.5], "texture": "#0"},
				"west": {"uv": [10.5, 7.5, 11.5, 8.5], "texture": "#0"},
				"up": {"uv": [9.5, 7.5, 10.5, 8.5], "texture": "#0"},
				"down": {"uv": [11.5, 7.5, 12.5, 8.5], "texture": "#0"}
			}
		}
	],
	"display": {
		"thirdperson_righthand": {
			"rotation": [75, 45, 0],
			"translation": [0, 2.5, 0],
			"scale": [0.375, 0.375, 0.375]
		},
		"thirdperson_lefthand": {
			"rotation": [75, 45, 0],
			"translation": [0, 2.5, 0],
			"scale": [0.375, 0.375, 0.375]
		},
		"firstperson_righthand": {
			"rotation": [-9, 155, -3],
			"translation": [0.5, 4, 0],
			"scale": [0.5, 0.5, 0.5]
		},
		"firstperson_lefthand": {
			"rotation": [-9, 155, -3],
			"translation": [0.5, 4, 0],
			"scale": [0.5, 0.5, 0.5]
		},
		"ground": {
			"translation": [0, 2, 0],
			"scale": [0.5, 0.5, 0.5]
		},
		"gui": {
			"rotation": [30, 225, 0],
			"translation": [0.5, 3.75, 0]
		},
		"head": {
			"translation": [0, 13.25, 0],
			"scale": [0.85, 0.85, 0.85]
		},
		"fixed": {
			"translation": [0, 3.5, 0],
			"scale": [1.2, 1.2, 1.2]
		}
	},
	"groups": [
		{
			"name": "right_wing",
			"origin": [8.5, 5, 9],
			"color": 0,
			"children": []
		},
		{
			"name": "group",
			"origin": [14.5, 2.75, 6],
			"color": 0,
			"children": []
		},
		0,
		1,
		2,
		3,
		4,
		5,
		6
	]
}