{
	"credit": "Made with Blockbench",
	"render_type": "cutout",
	"textures": {
		"1": "kaleidoscope:block/doll/doll_9",
		"particle": "block/white_wool"
	},
	"elements": [
		{
			"from": [8, 0, 6],
			"to": [14, 6, 12],
			"rotation": {"angle": 22.5, "axis": "y", "origin": [11, 3, 9]},
			"faces": {
				"north": {"uv": [7, 9, 13, 15], "texture": "#1"},
				"east": {"uv": [0, 9, 6, 15], "texture": "#1"},
				"south": {"uv": [0, 9, 6, 15], "texture": "#1"},
				"west": {"uv": [0, 9, 6, 15], "texture": "#1"},
				"up": {"uv": [0, 9, 6, 15], "texture": "#1"},
				"down": {"uv": [0, 9, 6, 15], "texture": "#1"}
			}
		},
		{
			"from": [2, 0, 6],
			"to": [6, 4, 10],
			"rotation": {"angle": 0, "axis": "y", "origin": [-1.01186, 3.5, 8.58171]},
			"faces": {
				"north": {"uv": [9, 4, 13, 8], "texture": "#1"},
				"east": {"uv": [0, 9, 4, 13], "texture": "#1"},
				"south": {"uv": [0, 9, 4, 13], "texture": "#1"},
				"west": {"uv": [0, 9, 4, 13], "texture": "#1"},
				"up": {"uv": [0, 9, 4, 13], "texture": "#1"},
				"down": {"uv": [0, 9, 4, 13], "texture": "#1"}
			}
		}
	],
	"display": {
		"thirdperson_righthand": {
			"rotation": [60, 0, 0],
			"translation": [-6, 2, 3]
		},
		"thirdperson_lefthand": {
			"rotation": [60, 0, 0],
			"translation": [-6, 2, 3]
		},
		"firstperson_righthand": {
			"rotation": [-9, 155, -3],
			"translation": [0.5, 4, 0],
			"scale": [0.5, 0.5, 0.5]
		},
		"firstperson_lefthand": {
			"rotation": [-9, 155, -3],
			"translation": [0.5, 4, 0],
			"scale": [0.5, 0.5, 0.5]
		},
		"ground": {
			"translation": [0, 2, 0],
			"scale": [0.5, 0.5, 0.5]
		},
		"gui": {
			"rotation": [30, 225, 0],
			"translation": [0.75, 4.5, 0],
			"scale": [1.1, 1.1, 1.1]
		},
		"head": {
			"translation": [-0.25, 14.5, 0]
		},
		"fixed": {
			"translation": [0, 3.5, 0],
			"scale": [1.2, 1.2, 1.2]
		}
	}
}