{
	"credit": "Made with Blockbench",
	"render_type": "cutout",
	"texture_size": [32, 32],
	"textures": {
		"3": "kaleidoscope:block/doll/doll_4",
		"particle": "block/white_wool"
	},
	"elements": [
		{
			"from": [5, 0, 3],
			"to": [10, 4, 7],
			"rotation": {"angle": 0, "axis": "y", "origin": [8, 0, 2]},
			"faces": {
				"north": {"uv": [12, 13.5, 14.5, 15.5], "texture": "#3"},
				"east": {"uv": [11.5, 13.5, 9.5, 15.5], "texture": "#3"},
				"south": {"uv": [0, 0, 2.5, 2], "texture": "#3"},
				"west": {"uv": [9.5, 13.5, 11.5, 15.5], "texture": "#3"},
				"up": {"uv": [12, 13, 14.5, 11], "texture": "#3"},
				"down": {"uv": [12, 11, 14.5, 13], "texture": "#3"}
			}
		},
		{
			"from": [4, 0, 7],
			"to": [11, 6, 14],
			"rotation": {"angle": 0, "axis": "y", "origin": [8, 0, 7]},
			"faces": {
				"north": {"uv": [3, 3.5, 6.5, 6.5], "texture": "#3"},
				"east": {"uv": [0, 7.5, 3, 11], "rotation": 90, "texture": "#3"},
				"south": {"uv": [5, 8, 8.5, 11], "texture": "#3"},
				"west": {"uv": [0, 11, 3, 7.5], "rotation": 90, "texture": "#3"},
				"up": {"uv": [0, 7.5, 3.5, 11], "texture": "#3"},
				"down": {"uv": [0, 7.5, 3.5, 11], "texture": "#3"}
			}
		},
		{
			"from": [10.03806, 0, 6],
			"to": [14.03806, 2, 8],
			"rotation": {"angle": 0, "axis": "z", "origin": [12.03806, 0.94134, 7]},
			"faces": {
				"north": {"uv": [0, 0, 1, 2], "rotation": 90, "texture": "#3"},
				"east": {"uv": [0, 0, 1, 1], "rotation": 90, "texture": "#3"},
				"south": {"uv": [0, 0, 1, 2], "rotation": 90, "texture": "#3"},
				"west": {"uv": [0, 0, 1, 1], "rotation": 90, "texture": "#3"},
				"up": {"uv": [0, 2, 1, 0], "rotation": 90, "texture": "#3"},
				"down": {"uv": [0, 0, 1, 2], "rotation": 90, "texture": "#3"}
			}
		},
		{
			"from": [11, 0, 9],
			"to": [14, 2, 11],
			"rotation": {"angle": 0, "axis": "z", "origin": [13.03806, 0.94134, 10]},
			"faces": {
				"north": {"uv": [0, 0.5, 1, 2], "rotation": 90, "texture": "#3"},
				"east": {"uv": [0, 0.5, 1, 1.5], "rotation": 90, "texture": "#3"},
				"south": {"uv": [0, 0.5, 1, 2], "rotation": 90, "texture": "#3"},
				"west": {"uv": [0, 0.5, 1, 1.5], "rotation": 90, "texture": "#3"},
				"up": {"uv": [0, 2, 1, 0.5], "rotation": 90, "texture": "#3"},
				"down": {"uv": [0, 0.5, 1, 2], "rotation": 90, "texture": "#3"}
			}
		},
		{
			"from": [1, 0, 9],
			"to": [4, 2, 11],
			"rotation": {"angle": 0, "axis": "z", "origin": [1.96194, 0.94134, 10]},
			"faces": {
				"north": {"uv": [0, 0.5, 1, 2], "rotation": 270, "texture": "#3"},
				"east": {"uv": [0, 0.5, 1, 1.5], "rotation": 270, "texture": "#3"},
				"south": {"uv": [0, 0.5, 1, 2], "rotation": 270, "texture": "#3"},
				"west": {"uv": [0, 0.5, 1, 1.5], "rotation": 270, "texture": "#3"},
				"up": {"uv": [1, 2, 0, 0.5], "rotation": 270, "texture": "#3"},
				"down": {"uv": [0, 0.5, 1, 2], "rotation": 270, "texture": "#3"}
			}
		},
		{
			"from": [1, 0, 6],
			"to": [5, 2, 8],
			"rotation": {"angle": 0, "axis": "z", "origin": [3.21194, 0.94134, 7]},
			"faces": {
				"north": {"uv": [1, 0, 0, 2], "rotation": 270, "texture": "#3"},
				"east": {"uv": [0, 0, 1, 1], "rotation": 270, "texture": "#3"},
				"south": {"uv": [0, 0, 1, 2], "rotation": 270, "texture": "#3"},
				"west": {"uv": [0, 0, 1, 1], "rotation": 270, "texture": "#3"},
				"up": {"uv": [1, 2, 0, 0], "rotation": 270, "texture": "#3"},
				"down": {"uv": [0, 2, 1, 0], "rotation": 270, "texture": "#3"}
			}
		},
		{
			"from": [10.46194, 0, 10.99],
			"to": [13.46194, 2, 12.99],
			"rotation": {"angle": 0, "axis": "z", "origin": [12.46194, 1.09134, 11.99]},
			"faces": {
				"north": {"uv": [1, 0.5, 0, 2], "rotation": 90, "texture": "#3"},
				"east": {"uv": [0, 0.5, 1, 1.5], "rotation": 90, "texture": "#3"},
				"south": {"uv": [0, 0.5, 1, 2], "rotation": 90, "texture": "#3"},
				"west": {"uv": [0, 0.5, 1, 1.5], "rotation": 90, "texture": "#3"},
				"up": {"uv": [0, 2, 1, 0.5], "rotation": 90, "texture": "#3"},
				"down": {"uv": [1, 2, 0, 0.5], "rotation": 90, "texture": "#3"}
			}
		},
		{
			"from": [1.5, 0, 10.99],
			"to": [4.5, 2, 12.99],
			"rotation": {"angle": 0, "axis": "z", "origin": [2.46194, 2.19134, 11.99]},
			"faces": {
				"north": {"uv": [0, 0.5, 1, 2], "rotation": 270, "texture": "#3"},
				"east": {"uv": [0, 0.5, 1, 1.5], "rotation": 270, "texture": "#3"},
				"south": {"uv": [1, 2, 0, 0.5], "rotation": 270, "texture": "#3"},
				"west": {"uv": [0, 0.5, 1, 1.5], "rotation": 270, "texture": "#3"},
				"up": {"uv": [1, 2, 0, 0.5], "rotation": 270, "texture": "#3"},
				"down": {"uv": [0, 0.5, 1, 2], "rotation": 270, "texture": "#3"}
			}
		},
		{
			"from": [3, 0, 2],
			"to": [5, 1.75, 6],
			"rotation": {"angle": 0, "axis": "z", "origin": [4, 0.875, 4]},
			"faces": {
				"north": {"uv": [1, 0, 0, 0.875], "rotation": 180, "texture": "#3"},
				"east": {"uv": [0, 0, 0.875, 2], "rotation": 270, "texture": "#3"},
				"south": {"uv": [0, 0, 1, 0.875], "rotation": 180, "texture": "#3"},
				"west": {"uv": [0.875, 0, 0, 2], "rotation": 270, "texture": "#3"},
				"up": {"uv": [0, 0, 1, 2], "rotation": 180, "texture": "#3"},
				"down": {"uv": [0, 0, 1, 2], "rotation": 180, "texture": "#3"}
			}
		},
		{
			"from": [10, 0, 2],
			"to": [12, 1.75, 6],
			"rotation": {"angle": 0, "axis": "y", "origin": [10, 0, 5]},
			"faces": {
				"north": {"uv": [1, 0, 0, 0.875], "texture": "#3"},
				"east": {"uv": [0, 0, 0.875, 2], "rotation": 90, "texture": "#3"},
				"south": {"uv": [0, 0, 1, 0.875], "texture": "#3"},
				"west": {"uv": [0, 0, 0.875, 2], "rotation": 90, "texture": "#3"},
				"up": {"uv": [0, 0, 1, 2], "texture": "#3"},
				"down": {"uv": [0, 0, 1, 2], "texture": "#3"}
			}
		}
	],
	"display": {
		"thirdperson_righthand": {
			"rotation": [75, 45, 0],
			"translation": [0, 2.5, 0],
			"scale": [0.375, 0.375, 0.375]
		},
		"thirdperson_lefthand": {
			"rotation": [75, 45, 0],
			"translation": [0, 2.5, 0],
			"scale": [0.375, 0.375, 0.375]
		},
		"firstperson_righthand": {
			"rotation": [-9, 155, -3],
			"translation": [0.5, 4, 0],
			"scale": [0.5, 0.5, 0.5]
		},
		"firstperson_lefthand": {
			"rotation": [-9, 155, -3],
			"translation": [0.5, 4, 0],
			"scale": [0.5, 0.5, 0.5]
		},
		"ground": {
			"translation": [0, 2, 0],
			"scale": [0.5, 0.5, 0.5]
		},
		"gui": {
			"rotation": [30, 225, 0],
			"translation": [0.5, 3.75, 0],
			"scale": [0.95, 0.95, 0.95]
		},
		"head": {
			"translation": [0.5, 14.25, 0]
		},
		"fixed": {
			"translation": [0, 3.5, 0],
			"scale": [1.2, 1.2, 1.2]
		}
	},
	"groups": [
		{
			"name": "group",
			"origin": [3.68686, 2.55, 8.05156],
			"color": 0,
			"children": []
		},
		0,
		1,
		2,
		3,
		4,
		5,
		6,
		7,
		8,
		9
	]
}