{
	"credit": "by YSBB",
	"render_type": "cutout",
	"texture_size": [32, 32],
	"textures": {
		"0": "kaleidoscope:block/doll/doll_19",
		"particle": "block/white_wool"
	},
	"elements": [
		{
			"from": [6, 2, 3],
			"to": [10, 4, 5],
			"rotation": {"angle": 0, "axis": "y", "origin": [6, 2, 3]},
			"faces": {
				"north": {"uv": [9.5, 8, 11.5, 9], "texture": "#0"},
				"east": {"uv": [12, 8, 13, 9], "texture": "#0"},
				"south": {"uv": [9.5, 8, 11.5, 9], "texture": "#0"},
				"west": {"uv": [13, 8, 14, 9], "texture": "#0"},
				"up": {"uv": [12, 9, 14, 8], "texture": "#0"},
				"down": {"uv": [12, 8, 14, 9], "texture": "#0"}
			}
		},
		{
			"from": [5.5, 2, 5],
			"to": [10.5, 4, 10],
			"rotation": {"angle": 0, "axis": "y", "origin": [6.5, 2, 6]},
			"faces": {
				"north": {"uv": [12, 6, 14.5, 7], "texture": "#0"},
				"east": {"uv": [9, 7.5, 10, 5.5], "rotation": 90, "texture": "#0"},
				"south": {"uv": [12.5, 6, 15, 7], "texture": "#0"},
				"west": {"uv": [9, 5.5, 10, 7.5], "rotation": 90, "texture": "#0"},
				"up": {"uv": [9, 7.5, 11.5, 5.5], "texture": "#0"},
				"down": {"uv": [9, 5.5, 11.5, 7.5], "texture": "#0"}
			}
		},
		{
			"from": [6, 2, 10],
			"to": [10, 4, 12],
			"rotation": {"angle": 0, "axis": "y", "origin": [7, 2, 11]},
			"faces": {
				"north": {"uv": [13, 6, 15, 7], "texture": "#0"},
				"east": {"uv": [13, 6, 13.5, 7], "texture": "#0"},
				"south": {"uv": [13, 6, 15, 7], "texture": "#0"},
				"west": {"uv": [13, 6, 13.5, 7], "texture": "#0"},
				"up": {"uv": [13, 6, 15, 6.5], "texture": "#0"},
				"down": {"uv": [13, 6, 15, 6.5], "texture": "#0"}
			}
		},
		{
			"from": [7, 3, 12],
			"to": [9, 4, 15],
			"rotation": {"angle": -22.5, "axis": "x", "origin": [8, 3.5, 13.5]},
			"faces": {
				"north": {"uv": [10, 3.5, 11, 4], "texture": "#0"},
				"east": {"uv": [10.5, 3.5, 11, 5], "rotation": 90, "texture": "#0"},
				"south": {"uv": [10, 3.5, 11, 4], "texture": "#0"},
				"west": {"uv": [10, 5, 10.5, 3.5], "rotation": 90, "texture": "#0"},
				"up": {"uv": [10, 3.5, 11, 5], "texture": "#0"},
				"down": {"uv": [10, 5, 11, 3.5], "texture": "#0"}
			}
		},
		{
			"from": [0.5, 3, 5],
			"to": [5.5, 4, 9],
			"rotation": {"angle": 0, "axis": "y", "origin": [3.5, 2, 5]},
			"faces": {
				"north": {"uv": [12, 7.5, 14.5, 7], "texture": "#0"},
				"east": {"uv": [13.5, 6.5, 12, 6], "texture": "#0"},
				"south": {"uv": [14.5, 6.5, 12, 6], "texture": "#0"},
				"west": {"uv": [13.5, 6.5, 12, 6], "texture": "#0"},
				"up": {"uv": [14.5, 7.5, 12, 6], "texture": "#0"},
				"down": {"uv": [14.5, 6, 12, 7.5], "texture": "#0"}
			}
		},
		{
			"from": [10.5, 3, 5],
			"to": [15.5, 4, 9],
			"rotation": {"angle": 0, "axis": "y", "origin": [13.5, 2, 5]},
			"faces": {
				"north": {"uv": [14.5, 7.5, 12, 7], "texture": "#0"},
				"east": {"uv": [13.5, 6.5, 12, 6], "texture": "#0"},
				"south": {"uv": [14.5, 6.5, 12, 6], "texture": "#0"},
				"west": {"uv": [13.5, 6.5, 12, 6], "texture": "#0"},
				"up": {"uv": [12, 7.5, 14.5, 6], "texture": "#0"},
				"down": {"uv": [12, 6, 14.5, 7.5], "texture": "#0"}
			}
		}
	],
	"display": {
		"thirdperson_righthand": {
			"rotation": [75, 45, 0],
			"translation": [0, 2.5, 0],
			"scale": [0.375, 0.375, 0.375]
		},
		"thirdperson_lefthand": {
			"rotation": [75, 45, 0],
			"translation": [0, 2.5, 0],
			"scale": [0.375, 0.375, 0.375]
		},
		"firstperson_righthand": {
			"rotation": [-9, 155, -3],
			"translation": [0.5, 4, 0],
			"scale": [0.5, 0.5, 0.5]
		},
		"firstperson_lefthand": {
			"rotation": [-9, 155, -3],
			"translation": [0.5, 4, 0],
			"scale": [0.5, 0.5, 0.5]
		},
		"ground": {
			"translation": [0, 2, 0],
			"scale": [0.5, 0.5, 0.5]
		},
		"gui": {
			"rotation": [30, 225, 0],
			"translation": [-0.75, 3.5, 0],
			"scale": [1.1, 1.1, 1.1]
		},
		"head": {
			"translation": [0, 19, 0]
		},
		"fixed": {
			"translation": [0, 3.5, 0],
			"scale": [1.2, 1.2, 1.2]
		}
	},
	"groups": [
		{
			"name": "left_wing",
			"origin": [7.5, 5, 9],
			"color": 0,
			"children": [
				{
					"name": "left_wing",
					"origin": [3.5, 2.5, 5.5],
					"color": 0,
					"children": []
				},
				{
					"name": "left_wing",
					"origin": [3.5, 2.5, 5.5],
					"color": 0,
					"children": []
				}
			]
		},
		{
			"name": "right_wing",
			"origin": [8.5, 5, 9],
			"color": 0,
			"children": []
		},
		0,
		1,
		2,
		3,
		4,
		5
	]
}