{
	"credit": "by YSBB Made with Blockbench",
	"render_type": "cutout",
	"texture_size": [32, 32],
	"textures": {
		"0": "kaleidoscope:block/doll/doll_66",
		"particle": "block/white_wool"
	},
	"elements": [
		{
			"from": [3, 4, 3],
			"to": [13, 12, 12],
			"rotation": {"angle": 0, "axis": "y", "origin": [2, 4, 4]},
			"faces": {
				"north": {"uv": [0, 5, 5, 9], "texture": "#0"},
				"east": {"uv": [0, 0, 4.5, 4], "texture": "#0"},
				"south": {"uv": [0, 0, 5, 4], "texture": "#0"},
				"west": {"uv": [0, 0, 4.5, 4], "texture": "#0"},
				"up": {"uv": [0, 0, 5, 4.5], "texture": "#0"},
				"down": {"uv": [0, 0, 5, 4.5], "texture": "#0"}
			}
		},
		{
			"from": [4, 0, 6],
			"to": [7, 4, 9],
			"rotation": {"angle": 0, "axis": "y", "origin": [4, 0, 6]},
			"faces": {
				"north": {"uv": [6, 3.5, 7.5, 5.5], "texture": "#0"},
				"east": {"uv": [6, 3.5, 7.5, 5.5], "texture": "#0"},
				"south": {"uv": [6, 3.5, 7.5, 5.5], "texture": "#0"},
				"west": {"uv": [7.5, 3.5, 6, 5.5], "texture": "#0"},
				"up": {"uv": [6, 3.5, 7.5, 5], "texture": "#0"},
				"down": {"uv": [6, 5.5, 7.5, 7], "texture": "#0"}
			}
		},
		{
			"from": [9, 0, 6],
			"to": [12, 4, 9],
			"rotation": {"angle": 0, "axis": "y", "origin": [9, 0, 6]},
			"faces": {
				"north": {"uv": [6, 3.5, 7.5, 5.5], "texture": "#0"},
				"east": {"uv": [7.5, 3.5, 6, 5.5], "texture": "#0"},
				"south": {"uv": [6, 3.5, 7.5, 5.5], "texture": "#0"},
				"west": {"uv": [6, 3.5, 7.5, 5.5], "texture": "#0"},
				"up": {"uv": [6, 3.5, 7.5, 5], "texture": "#0"},
				"down": {"uv": [6, 5.5, 7.5, 7], "texture": "#0"}
			}
		},
		{
			"from": [2, 6, 5],
			"to": [2, 11, 10],
			"rotation": {"angle": -22.5, "axis": "z", "origin": [2, 8.5, 7.5]},
			"faces": {
				"east": {"uv": [9.5, 2, 12, 4.5], "rotation": 270, "texture": "#0"},
				"west": {"uv": [9.5, 2, 12, 4.5], "rotation": 90, "texture": "#0"}
			}
		},
		{
			"from": [14, 6, 5],
			"to": [14, 11, 10],
			"rotation": {"angle": 22.5, "axis": "z", "origin": [14, 8.5, 7.5]},
			"faces": {
				"east": {"uv": [12, 2, 9.5, 4.5], "rotation": 270, "texture": "#0"},
				"west": {"uv": [9.5, 2, 12, 4.5], "rotation": 90, "texture": "#0"}
			}
		}
	],
	"display": {
		"thirdperson_righthand": {
			"rotation": [75, 45, 0],
			"translation": [0, 2.5, 0],
			"scale": [0.375, 0.375, 0.375]
		},
		"thirdperson_lefthand": {
			"rotation": [75, 45, 0],
			"translation": [0, 2.5, 0],
			"scale": [0.375, 0.375, 0.375]
		},
		"firstperson_righthand": {
			"rotation": [-9, 155, -3],
			"translation": [0.5, 4, 0],
			"scale": [0.5, 0.5, 0.5]
		},
		"firstperson_lefthand": {
			"rotation": [-9, 155, -3],
			"translation": [0.5, 4, 0],
			"scale": [0.5, 0.5, 0.5]
		},
		"ground": {
			"translation": [0, 2, 0],
			"scale": [0.5, 0.5, 0.5]
		},
		"gui": {
			"rotation": [30, 225, 0],
			"translation": [-0.25, 1, 0],
			"scale": [0.9, 0.9, 0.9]
		},
		"head": {
			"translation": [0, 14.5, 0]
		},
		"fixed": {
			"translation": [0, 2, 0],
			"scale": [1.2, 1.2, 1.2]
		}
	},
	"groups": [
		{
			"name": "right_wing",
			"origin": [8.5, 5, 9],
			"color": 0,
			"children": []
		},
		{
			"name": "group",
			"origin": [14.5, 2.75, 6],
			"color": 0,
			"children": []
		},
		0,
		1,
		2,
		3,
		4
	]
}