{
	"credit": "by YSBB",
	"render_type": "cutout",
	"texture_size": [32, 32],
	"textures": {
		"0": "kaleidoscope:block/doll/doll_17",
		"particle": "block/white_wool"
	},
	"elements": [
		{
			"from": [5, 3, 0],
			"to": [12, 10, 4],
			"rotation": {"angle": 22.5, "axis": "x", "origin": [7.5, 6, 1.5]},
			"faces": {
				"north": {"uv": [11, 8, 14.5, 11.5], "texture": "#0"},
				"east": {"uv": [2, 7.5, 0, 11], "texture": "#0"},
				"south": {"uv": [1, 0, 3.5, 3], "texture": "#0"},
				"west": {"uv": [4, 0, 6, 3.5], "texture": "#0"},
				"up": {"uv": [0.5, 3.5, 3, 5], "texture": "#0"},
				"down": {"uv": [0.5, 3.5, 4, 5.5], "texture": "#0"}
			}
		},
		{
			"from": [4, 3, 4],
			"to": [13, 9, 13],
			"rotation": {"angle": 0, "axis": "y", "origin": [10, 7, 6]},
			"faces": {
				"north": {"uv": [7.5, 4, 11, 6.5], "texture": "#0"},
				"east": {"uv": [12, 0, 15, 4.5], "rotation": 90, "texture": "#0"},
				"south": {"uv": [7, 5, 11.5, 8], "texture": "#0"},
				"west": {"uv": [8, 16, 11, 11.5], "rotation": 90, "texture": "#0"},
				"up": {"uv": [7, 0, 11.5, 4.5], "texture": "#0"},
				"down": {"uv": [7.5, 3.5, 11, 0], "texture": "#0"}
			}
		},
		{
			"from": [4, 0, 4],
			"to": [7, 3, 7],
			"rotation": {"angle": 0, "axis": "y", "origin": [5, 0, 4]},
			"faces": {
				"north": {"uv": [12, 5.5, 13.5, 7], "texture": "#0"},
				"east": {"uv": [12, 5.5, 13.5, 7], "texture": "#0"},
				"south": {"uv": [12, 5.5, 13.5, 7], "texture": "#0"},
				"west": {"uv": [12, 5.5, 13.5, 7], "texture": "#0"},
				"up": {"uv": [12, 5.5, 13.5, 7], "texture": "#0"},
				"down": {"uv": [12, 5.5, 13.5, 7], "texture": "#0"}
			}
		},
		{
			"from": [12, 7, 2],
			"to": [14, 9, 3],
			"rotation": {"angle": 22.5, "axis": "x", "origin": [10.5, 6, 1.5]},
			"faces": {
				"north": {"uv": [6, 0, 7, 1], "texture": "#0"},
				"east": {"uv": [6, 0, 6.5, 1], "texture": "#0"},
				"south": {"uv": [6, 0, 7, 1], "texture": "#0"},
				"west": {"uv": [6, 0, 6.5, 1], "texture": "#0"},
				"up": {"uv": [6, 0, 7, 0.5], "texture": "#0"},
				"down": {"uv": [6, 0, 7, 0.5], "texture": "#0"}
			}
		},
		{
			"from": [3, 6.46508, 2.68925],
			"to": [5, 8.46508, 3.68925],
			"rotation": {"angle": 22.5, "axis": "x", "origin": [4, 7.46508, 3.18925]},
			"faces": {
				"north": {"uv": [7, 0, 6, 1], "texture": "#0"},
				"east": {"uv": [6, 0, 6.5, 1], "texture": "#0"},
				"south": {"uv": [6, 0, 7, 1], "texture": "#0"},
				"west": {"uv": [6, 0, 6.5, 1], "texture": "#0"},
				"up": {"uv": [6, 0, 7, 0.5], "texture": "#0"},
				"down": {"uv": [6, 0, 7, 0.5], "texture": "#0"}
			}
		},
		{
			"from": [6, 4.5, -3.5],
			"to": [7, 5.5, -1.5],
			"rotation": {"angle": 22.5, "axis": "x", "origin": [1.5, 2, -0.5]},
			"faces": {
				"north": {"uv": [0, 0, 0.5, 0.5], "texture": "#0"},
				"east": {"uv": [0, 0, 1, 0.5], "texture": "#0"},
				"south": {"uv": [0, 0, 0.5, 0.5], "texture": "#0"},
				"west": {"uv": [0, 0, 1, 0.5], "texture": "#0"},
				"up": {"uv": [0, 0, 0.5, 1], "texture": "#0"},
				"down": {"uv": [0, 0, 0.5, 1], "texture": "#0"}
			}
		},
		{
			"from": [10, 4.5, -3.5],
			"to": [11, 5.5, -1.5],
			"rotation": {"angle": 22.5, "axis": "x", "origin": [1.5, 2, -0.5]},
			"faces": {
				"north": {"uv": [0, 0, 0.5, 0.5], "texture": "#0"},
				"east": {"uv": [0, 0, 1, 0.5], "texture": "#0"},
				"south": {"uv": [0, 0, 0.5, 0.5], "texture": "#0"},
				"west": {"uv": [0, 0, 1, 0.5], "texture": "#0"},
				"up": {"uv": [0, 0, 0.5, 1], "texture": "#0"},
				"down": {"uv": [0, 0, 0.5, 1], "texture": "#0"}
			}
		},
		{
			"from": [4, 0, 10],
			"to": [7, 3, 13],
			"rotation": {"angle": 0, "axis": "y", "origin": [5, 0, 11]},
			"faces": {
				"north": {"uv": [12, 5.5, 13.5, 7], "texture": "#0"},
				"east": {"uv": [12, 5.5, 13.5, 7], "texture": "#0"},
				"south": {"uv": [12, 5.5, 13.5, 7], "texture": "#0"},
				"west": {"uv": [12, 5.5, 13.5, 7], "texture": "#0"},
				"up": {"uv": [12, 5.5, 13.5, 7], "texture": "#0"},
				"down": {"uv": [12, 5.5, 13.5, 7], "texture": "#0"}
			}
		},
		{
			"from": [10, 0, 4],
			"to": [13, 3, 7],
			"rotation": {"angle": 0, "axis": "y", "origin": [10, 0, 4]},
			"faces": {
				"north": {"uv": [12, 5.5, 13.5, 7], "texture": "#0"},
				"east": {"uv": [12, 5.5, 13.5, 7], "texture": "#0"},
				"south": {"uv": [12, 5.5, 13.5, 7], "texture": "#0"},
				"west": {"uv": [12, 5.5, 13.5, 7], "texture": "#0"},
				"up": {"uv": [12, 5.5, 13.5, 7], "texture": "#0"},
				"down": {"uv": [12, 5.5, 13.5, 7], "texture": "#0"}
			}
		},
		{
			"from": [10, 0, 10],
			"to": [13, 3, 13],
			"rotation": {"angle": 0, "axis": "y", "origin": [10, 0, 11]},
			"faces": {
				"north": {"uv": [12, 5.5, 13.5, 7], "texture": "#0"},
				"east": {"uv": [12, 5.5, 13.5, 7], "texture": "#0"},
				"south": {"uv": [12, 5.5, 13.5, 7], "texture": "#0"},
				"west": {"uv": [12, 5.5, 13.5, 7], "texture": "#0"},
				"up": {"uv": [12, 5.5, 13.5, 7], "texture": "#0"},
				"down": {"uv": [12, 5.5, 13.5, 7], "texture": "#0"}
			}
		},
		{
			"from": [8, 9, 1],
			"to": [9, 13, 11],
			"rotation": {"angle": 0, "axis": "y", "origin": [7, 10, 6]},
			"faces": {
				"east": {"uv": [5, 5.5, 0, 7.5], "texture": "#0"},
				"west": {"uv": [0, 5.5, 5, 7.5], "texture": "#0"}
			}
		}
	],
	"display": {
		"thirdperson_righthand": {
			"rotation": [75, 45, 0],
			"translation": [0, 2.5, 0],
			"scale": [0.375, 0.375, 0.375]
		},
		"thirdperson_lefthand": {
			"rotation": [75, 45, 0],
			"translation": [0, 2.5, 0],
			"scale": [0.375, 0.375, 0.375]
		},
		"firstperson_righthand": {
			"rotation": [-9, 155, -3],
			"translation": [0.5, 4, 0],
			"scale": [0.5, 0.5, 0.5]
		},
		"firstperson_lefthand": {
			"rotation": [-9, 155, -3],
			"translation": [0.5, 4, 0],
			"scale": [0.5, 0.5, 0.5]
		},
		"ground": {
			"translation": [0, 2, 0],
			"scale": [0.5, 0.5, 0.5]
		},
		"gui": {
			"rotation": [30, 225, 0],
			"translation": [-0.25, 2.25, 0],
			"scale": [0.9, 0.9, 0.9]
		},
		"head": {
			"translation": [-0.5, 14.5, 0.75]
		},
		"fixed": {
			"translation": [0, 3.5, 0],
			"scale": [1.2, 1.2, 1.2]
		}
	},
	"groups": [
		{
			"name": "head",
			"origin": [8, 21, -0.5],
			"color": 0,
			"children": [
				{
					"name": "head_rotation",
					"origin": [8, 21, -0.5],
					"color": 0,
					"children": []
				}
			]
		},
		{
			"name": "left_ear",
			"origin": [2, 23, -3.5],
			"color": 0,
			"children": [
				{
					"name": "left_ear_rotation",
					"origin": [8.5, 21.25, -0.5],
					"color": 0,
					"children": [
						{
							"name": "left_ear_rotation2",
							"origin": [2, 23, -3.5],
							"color": 0,
							"children": []
						}
					]
				}
			]
		},
		{
			"name": "right_ear",
			"origin": [14, 23, -3.5],
			"color": 0,
			"children": [
				{
					"name": "right_ear_rotation",
					"origin": [7.5, 21.25, -0.5],
					"color": 0,
					"children": [
						{
							"name": "right_ear_rotation2",
							"origin": [14, 23, -3.5],
							"color": 0,
							"children": []
						}
					]
				}
			]
		},
		{
			"name": "body",
			"origin": [8, 17, 12.5],
			"color": 0,
			"children": []
		},
		{
			"name": "mane",
			"origin": [8, 31, 5.5],
			"color": 0,
			"children": []
		},
		{
			"name": "front_left_leg",
			"origin": [4, 14, 3.25],
			"color": 0,
			"children": []
		},
		{
			"name": "front_right_leg",
			"origin": [12, 14, 3.5],
			"color": 0,
			"children": []
		},
		{
			"name": "back_left_leg",
			"origin": [3.5, 11, 22],
			"color": 0,
			"children": []
		},
		{
			"name": "back_right_leg",
			"origin": [12.5, 11, 22],
			"color": 0,
			"children": []
		},
		0,
		1,
		2,
		3,
		4,
		5,
		6,
		7,
		8,
		9,
		10
	]
}