{
	"credit": "by YSBB Made with Blockbench",
	"render_type": "cutout",
	"texture_size": [32, 32],
	"textures": {
		"0": "kaleidoscope:block/doll/doll_49",
		"particle": "block/white_wool"
	},
	"elements": [
		{
			"from": [4, 1, 3],
			"to": [12, 9, 12],
			"rotation": {"angle": 0, "axis": "y", "origin": [10, 1, 3]},
			"faces": {
				"north": {"uv": [5.5, 6, 9.5, 10], "texture": "#0"},
				"east": {"uv": [0, 6, 4.5, 10], "texture": "#0"},
				"south": {"uv": [5.5, 6, 9.5, 10], "texture": "#0"},
				"west": {"uv": [0, 6, 4.5, 10], "texture": "#0"},
				"up": {"uv": [0, 10.5, 4, 15], "texture": "#0"},
				"down": {"uv": [12, 0, 16, 4.5], "texture": "#0"}
			}
		},
		{
			"from": [6, 3, 0.1],
			"to": [10, 8, 4.1],
			"rotation": {"angle": 22.5, "axis": "x", "origin": [8, 5.5, 2.1]},
			"faces": {
				"north": {"uv": [11, 12, 13, 14.5], "texture": "#0"},
				"east": {"uv": [15.5, 12, 13.5, 14.5], "texture": "#0"},
				"south": {"uv": [0, 0, 2, 2.5], "texture": "#0"},
				"west": {"uv": [13.5, 12, 15.5, 14.5], "texture": "#0"},
				"up": {"uv": [13.5, 9, 15.5, 11], "texture": "#0"},
				"down": {"uv": [7.5, 16, 9.5, 14], "texture": "#0"}
			}
		},
		{
			"from": [9.75, 0, 4],
			"to": [11.75, 3, 6],
			"rotation": {"angle": 0, "axis": "y", "origin": [10.75, 1.5, 5]},
			"faces": {
				"north": {"uv": [6.5, 10.5, 7.5, 12], "texture": "#0"},
				"east": {"uv": [6.5, 10.5, 7.5, 12], "texture": "#0"},
				"south": {"uv": [6.5, 10.5, 7.5, 12], "texture": "#0"},
				"west": {"uv": [6.5, 10.5, 7.5, 12], "texture": "#0"},
				"up": {"uv": [6.5, 10.5, 7.5, 11.5], "texture": "#0"},
				"down": {"uv": [6.5, 11.5, 7.5, 12.5], "texture": "#0"}
			}
		},
		{
			"from": [4.25, 0, 4],
			"to": [6.25, 3, 6],
			"rotation": {"angle": 0, "axis": "y", "origin": [5.25, 1.5, 5]},
			"faces": {
				"north": {"uv": [6.5, 11, 7.5, 12.5], "texture": "#0"},
				"east": {"uv": [6.5, 11, 7.5, 12.5], "texture": "#0"},
				"south": {"uv": [6.5, 11, 7.5, 12.5], "texture": "#0"},
				"west": {"uv": [6.5, 11, 7.5, 12.5], "texture": "#0"},
				"up": {"uv": [6.5, 11, 7.5, 12], "texture": "#0"},
				"down": {"uv": [6.5, 11.5, 7.5, 12.5], "texture": "#0"}
			}
		},
		{
			"from": [4.25, 0, 9],
			"to": [6.25, 3, 11],
			"rotation": {"angle": 0, "axis": "y", "origin": [5.25, 1.5, 10]},
			"faces": {
				"north": {"uv": [6.5, 11, 7.5, 12.5], "texture": "#0"},
				"east": {"uv": [6.5, 11, 7.5, 12.5], "texture": "#0"},
				"south": {"uv": [6.5, 11, 7.5, 12.5], "texture": "#0"},
				"west": {"uv": [6.5, 11, 7.5, 12.5], "texture": "#0"},
				"up": {"uv": [6.5, 11, 7.5, 12], "texture": "#0"},
				"down": {"uv": [6.5, 11.5, 7.5, 12.5], "texture": "#0"}
			}
		},
		{
			"from": [9.75, 0, 9],
			"to": [11.75, 3, 11],
			"rotation": {"angle": 0, "axis": "y", "origin": [10.75, 1.5, 10]},
			"faces": {
				"north": {"uv": [6.5, 10.5, 7.5, 12], "texture": "#0"},
				"east": {"uv": [6.5, 10.5, 7.5, 12], "texture": "#0"},
				"south": {"uv": [6.5, 10.5, 7.5, 12], "texture": "#0"},
				"west": {"uv": [6.5, 10.5, 7.5, 12], "texture": "#0"},
				"up": {"uv": [6.5, 10.5, 7.5, 11.5], "texture": "#0"},
				"down": {"uv": [6.5, 11.5, 7.5, 12.5], "texture": "#0"}
			}
		},
		{
			"from": [6.6, 8, 1.25],
			"to": [7.6, 11, 2.25],
			"rotation": {"angle": 0, "axis": "y", "origin": [6.6, 8, 1.25]},
			"faces": {
				"north": {"uv": [10, 14, 10.5, 15.5], "texture": "#0"},
				"east": {"uv": [10, 14, 10.5, 15.5], "texture": "#0"},
				"south": {"uv": [10, 14, 10.5, 15.5], "texture": "#0"},
				"west": {"uv": [10, 14, 10.5, 15.5], "texture": "#0"},
				"up": {"uv": [10, 14, 10.5, 14.5], "texture": "#0"},
				"down": {"uv": [10, 14, 10.5, 14.5], "texture": "#0"}
			}
		},
		{
			"from": [8.6, 8, 1.25],
			"to": [9.6, 11, 2.25],
			"rotation": {"angle": 0, "axis": "y", "origin": [8.6, 8, 1.25]},
			"faces": {
				"north": {"uv": [10, 14, 10.5, 15.5], "texture": "#0"},
				"east": {"uv": [10, 14, 10.5, 15.5], "texture": "#0"},
				"south": {"uv": [10, 14, 10.5, 15.5], "texture": "#0"},
				"west": {"uv": [10, 14, 10.5, 15.5], "texture": "#0"},
				"up": {"uv": [10, 14, 10.5, 14.5], "texture": "#0"},
				"down": {"uv": [10, 14, 10.5, 14.5], "texture": "#0"}
			}
		},
		{
			"from": [5, 7, 2.5],
			"to": [11, 8, 3],
			"rotation": {"angle": 0, "axis": "y", "origin": [5, 6, 1]},
			"faces": {
				"north": {"uv": [11.5, 6.5, 14.5, 7], "texture": "#0"},
				"east": {"uv": [11.5, 6.5, 12, 7], "texture": "#0"},
				"south": {"uv": [11.5, 6.5, 14.5, 7], "texture": "#0"},
				"west": {"uv": [11.5, 6.5, 12, 7], "texture": "#0"},
				"up": {"uv": [11.5, 6.5, 14.5, 7], "texture": "#0"},
				"down": {"uv": [11.5, 6.5, 14.5, 7], "texture": "#0"}
			}
		}
	],
	"display": {
		"thirdperson_righthand": {
			"rotation": [75, 45, 0],
			"translation": [0, 2.5, 0],
			"scale": [0.375, 0.375, 0.375]
		},
		"thirdperson_lefthand": {
			"rotation": [75, 45, 0],
			"translation": [0, 2.5, 0],
			"scale": [0.375, 0.375, 0.375]
		},
		"firstperson_righthand": {
			"rotation": [-9, 155, -3],
			"translation": [0.5, 4, 0],
			"scale": [0.5, 0.5, 0.5]
		},
		"firstperson_lefthand": {
			"rotation": [-9, 155, -3],
			"translation": [0.5, 4, 0],
			"scale": [0.5, 0.5, 0.5]
		},
		"ground": {
			"translation": [0, 2, 0],
			"scale": [0.5, 0.5, 0.5]
		},
		"gui": {
			"rotation": [30, 225, 0],
			"translation": [-0.25, 2.75, 0]
		},
		"head": {
			"translation": [0, 14.5, 0]
		},
		"fixed": {
			"translation": [0, 3.5, 0],
			"scale": [1.2, 1.2, 1.2]
		}
	},
	"groups": [
		{
			"name": "right_wing",
			"origin": [8.5, 5, 9],
			"color": 0,
			"children": []
		},
		{
			"name": "group",
			"origin": [14.5, 2.75, 6],
			"color": 0,
			"children": []
		},
		0,
		1,
		2,
		3,
		4,
		5,
		6,
		7,
		8
	]
}