{
	"credit": "by YSBB Made with Blockbench",
	"render_type": "cutout",
	"texture_size": [32, 32],
	"textures": {
		"0": "kaleidoscope:block/doll/doll_38",
		"particle": "block/white_wool"
	},
	"elements": [
		{
			"from": [4, 0, 4],
			"to": [11, 6, 12],
			"rotation": {"angle": 0, "axis": "y", "origin": [4, 0, 4]},
			"faces": {
				"north": {"uv": [8.5, 8.5, 12, 11.5], "texture": "#0"},
				"east": {"uv": [13, 11.5, 16, 7.5], "rotation": 90, "texture": "#0"},
				"south": {"uv": [4, 0, 7.5, 3], "texture": "#0"},
				"west": {"uv": [13, 7.5, 16, 11.5], "rotation": 90, "texture": "#0"},
				"up": {"uv": [12.5, 11.5, 16, 7.5], "texture": "#0"},
				"down": {"uv": [8.5, 0, 12, 4], "texture": "#0"}
			}
		},
		{
			"from": [6.5, 4.5, 2],
			"to": [6.5, 5.5, 4],
			"rotation": {"angle": 0, "axis": "y", "origin": [4.5, 4.5, 2]},
			"faces": {
				"east": {"uv": [0, 0, 1, 0.5], "texture": "#0"},
				"west": {"uv": [0, 0, 1, 0.5], "texture": "#0"}
			}
		},
		{
			"from": [8.5, 4.5, 2],
			"to": [8.5, 5.5, 4],
			"rotation": {"angle": 0, "axis": "y", "origin": [6.5, 4.5, 2]},
			"faces": {
				"east": {"uv": [0, 0, 1, 0.5], "texture": "#0"},
				"west": {"uv": [0, 0, 1, 0.5], "texture": "#0"}
			}
		},
		{
			"from": [11, 4.5, 3],
			"to": [18, 4.5, 10],
			"rotation": {"angle": -22.5, "axis": "y", "origin": [14.5, 4.5, 6.5]},
			"faces": {
				"north": {"uv": [0, 0, 3.5, 0], "rotation": 180, "texture": "#0"},
				"east": {"uv": [0, 0, 0, 3.5], "rotation": 90, "texture": "#0"},
				"south": {"uv": [0, 0, 3.5, 0], "texture": "#0"},
				"west": {"uv": [0, 0, 0, 3.5], "rotation": 270, "texture": "#0"},
				"up": {"uv": [7.5, 8.5, 4, 12], "texture": "#0"},
				"down": {"uv": [4, 8.5, 7.5, 12], "rotation": 180, "texture": "#0"}
			}
		},
		{
			"from": [-3, 4.5, 3],
			"to": [4, 4.5, 10],
			"rotation": {"angle": 22.5, "axis": "y", "origin": [0.5, 4.5, 6.5]},
			"faces": {
				"north": {"uv": [0, 0, 3.5, 0], "texture": "#0"},
				"east": {"uv": [0, 0, 0, 3.5], "rotation": 270, "texture": "#0"},
				"south": {"uv": [0, 0, 3.5, 0], "rotation": 180, "texture": "#0"},
				"west": {"uv": [0, 0, 0, 3.5], "rotation": 90, "texture": "#0"},
				"up": {"uv": [7.5, 12, 4, 8.5], "rotation": 180, "texture": "#0"},
				"down": {"uv": [4, 8.5, 7.5, 12], "texture": "#0"}
			}
		}
	],
	"display": {
		"thirdperson_righthand": {
			"rotation": [75, 45, 0],
			"translation": [0, 2.5, 0],
			"scale": [0.5, 0.5, 0.5]
		},
		"thirdperson_lefthand": {
			"rotation": [75, 45, 0],
			"translation": [0, 2.5, 0],
			"scale": [0.5, 0.5, 0.5]
		},
		"firstperson_righthand": {
			"rotation": [-9, 155, -3],
			"translation": [0.5, 5.5, 0],
			"scale": [0.5, 0.5, 0.5]
		},
		"firstperson_lefthand": {
			"rotation": [-9, 155, -3],
			"translation": [0.5, 5.25, 0],
			"scale": [0.5, 0.5, 0.5]
		},
		"ground": {
			"translation": [0, 2, 0],
			"scale": [0.5, 0.5, 0.5]
		},
		"gui": {
			"rotation": [30, 225, 0],
			"translation": [0, 3.75, 0]
		},
		"head": {
			"translation": [0, 20, 0],
			"scale": [0.85, 0.85, 0.85]
		},
		"fixed": {
			"translation": [0, 3.5, 0],
			"scale": [1.2, 1.2, 1.2]
		}
	}
}