{
	"credit": "by YSBB Made with Blockbench",
	"render_type": "cutout",
	"texture_size": [32, 32],
	"textures": {
		"0": "kaleidoscope:block/doll/doll_53",
		"particle": "block/white_wool"
	},
	"elements": [
		{
			"from": [4, 0, 5],
			"to": [12, 6, 14],
			"rotation": {"angle": 0, "axis": "y", "origin": [2, 0, 5]},
			"faces": {
				"north": {"uv": [9, 4.5, 13, 7.5], "texture": "#0"},
				"east": {"uv": [8, 3, 3.5, 6], "texture": "#0"},
				"south": {"uv": [9, 8, 13, 11], "texture": "#0"},
				"west": {"uv": [8, 3, 3.5, 6], "texture": "#0"},
				"up": {"uv": [9, 3, 13, 7.5], "texture": "#0"},
				"down": {"uv": [4, 11.5, 8, 7], "texture": "#0"}
			}
		},
		{
			"from": [5, 1.01, 1],
			"to": [11, 6.01, 6],
			"rotation": {"angle": 0, "axis": "y", "origin": [9, 3, 5]},
			"faces": {
				"north": {"uv": [0, 0, 3, 2.5], "texture": "#0"},
				"east": {"uv": [6, 0, 3.5, 2.5], "texture": "#0"},
				"south": {"uv": [0, 0, 3, 2.5], "texture": "#0"},
				"west": {"uv": [3.5, 0, 6, 2.5], "texture": "#0"},
				"up": {"uv": [0, 3, 3, 5.5], "texture": "#0"},
				"down": {"uv": [0, 5.5, 3, 3], "texture": "#0"}
			}
		},
		{
			"from": [4, 4, 3],
			"to": [5, 7, 4],
			"rotation": {"angle": 0, "axis": "y", "origin": [0, 0, 1]},
			"faces": {
				"north": {"uv": [11.5, 0, 12, 1.5], "texture": "#0"},
				"east": {"uv": [11.5, 0, 12, 1.5], "texture": "#0"},
				"south": {"uv": [11.5, 0, 12, 1.5], "texture": "#0"},
				"west": {"uv": [11.5, 0, 12, 1.5], "texture": "#0"},
				"up": {"uv": [11.5, 0, 12, 0.5], "texture": "#0"},
				"down": {"uv": [11.5, 0, 12, 0.5], "texture": "#0"}
			}
		},
		{
			"from": [11, 4, 3],
			"to": [12, 7, 4],
			"rotation": {"angle": 0, "axis": "y", "origin": [0, 0, 1]},
			"faces": {
				"north": {"uv": [11.5, 0, 12, 1.5], "texture": "#0"},
				"east": {"uv": [11.5, 0, 12, 1.5], "texture": "#0"},
				"south": {"uv": [11.5, 0, 12, 1.5], "texture": "#0"},
				"west": {"uv": [11.5, 0, 12, 1.5], "texture": "#0"},
				"up": {"uv": [11.5, 0, 12, 0.5], "texture": "#0"},
				"down": {"uv": [11.5, 0, 12, 0.5], "texture": "#0"}
			}
		},
		{
			"from": [1, 0, 11],
			"to": [4, 2, 14],
			"faces": {
				"north": {"uv": [14.5, 9.5, 15.5, 8], "rotation": 90, "texture": "#0"},
				"east": {"uv": [14.5, 6.5, 16, 7.5], "texture": "#0"},
				"south": {"uv": [14.5, 8, 15.5, 9.5], "rotation": 90, "texture": "#0"},
				"west": {"uv": [14, 9, 15.5, 10], "texture": "#0"},
				"up": {"uv": [14, 8, 15.5, 9.5], "rotation": 90, "texture": "#0"},
				"down": {"uv": [14.5, 8, 16, 9.5], "rotation": 90, "texture": "#0"}
			}
		},
		{
			"from": [12, 0, 11],
			"to": [15, 2, 14],
			"rotation": {"angle": 0, "axis": "y", "origin": [2.5, 1, 12.5]},
			"faces": {
				"north": {"uv": [14.5, 8, 15.5, 9.5], "rotation": 90, "texture": "#0"},
				"east": {"uv": [14, 9, 15.5, 10], "texture": "#0"},
				"south": {"uv": [14.5, 9.5, 15.5, 8], "rotation": 90, "texture": "#0"},
				"west": {"uv": [14.5, 6.5, 16, 7.5], "texture": "#0"},
				"up": {"uv": [14, 8, 15.5, 9.5], "rotation": 270, "texture": "#0"},
				"down": {"uv": [14.5, 8, 16, 9.5], "rotation": 270, "texture": "#0"}
			}
		},
		{
			"from": [1, 0.01, 3],
			"to": [6, 2.01, 6],
			"rotation": {"angle": -22.5, "axis": "y", "origin": [3.5, 1, 4.5]},
			"faces": {
				"north": {"uv": [14.5, 9.5, 15.5, 7], "rotation": 90, "texture": "#0"},
				"east": {"uv": [14.5, 6.5, 16, 7.5], "texture": "#0"},
				"south": {"uv": [14.5, 7, 15.5, 9.5], "rotation": 90, "texture": "#0"},
				"west": {"uv": [14, 9, 15.5, 10], "texture": "#0"},
				"up": {"uv": [14, 7, 15.5, 9.5], "rotation": 90, "texture": "#0"},
				"down": {"uv": [14.5, 7, 16, 9.5], "rotation": 90, "texture": "#0"}
			}
		},
		{
			"from": [10, 0.01, 3],
			"to": [15, 2.01, 6],
			"rotation": {"angle": 22.5, "axis": "y", "origin": [12.5, 1.01, 4.5]},
			"faces": {
				"north": {"uv": [14.5, 7, 15.5, 9.5], "rotation": 90, "texture": "#0"},
				"east": {"uv": [14, 9, 15.5, 10], "texture": "#0"},
				"south": {"uv": [14.5, 9.5, 15.5, 7], "rotation": 90, "texture": "#0"},
				"west": {"uv": [14.5, 6.5, 16, 7.5], "texture": "#0"},
				"up": {"uv": [14, 7, 15.5, 9.5], "rotation": 270, "texture": "#0"},
				"down": {"uv": [14.5, 7, 16, 9.5], "rotation": 270, "texture": "#0"}
			}
		},
		{
			"from": [6, 0.02, 4],
			"to": [10, 1.02, 6],
			"rotation": {"angle": 0, "axis": "y", "origin": [7, -1, 4]},
			"faces": {
				"north": {"uv": [0, 0, 2, 0.5], "texture": "#0"},
				"east": {"uv": [0, 0, 1, 0.5], "texture": "#0"},
				"south": {"uv": [0, 0, 2, 0.5], "texture": "#0"},
				"west": {"uv": [0, 0, 1, 0.5], "texture": "#0"},
				"up": {"uv": [0, 0, 2, 1], "texture": "#0"},
				"down": {"uv": [0, 0, 2, 1], "texture": "#0"}
			}
		},
		{
			"from": [8, 6, 4],
			"to": [9, 8, 5],
			"rotation": {"angle": 0, "axis": "y", "origin": [7, 6, 4]},
			"faces": {
				"north": {"uv": [11, 15, 11.5, 16], "texture": "#0"},
				"east": {"uv": [11, 15, 11.5, 16], "texture": "#0"},
				"south": {"uv": [11, 15, 11.5, 16], "texture": "#0"},
				"west": {"uv": [11, 15, 11.5, 16], "texture": "#0"},
				"up": {"uv": [11, 15, 11.5, 15.5], "texture": "#0"},
				"down": {"uv": [11, 15, 11.5, 15.5], "texture": "#0"}
			}
		},
		{
			"from": [7, 8, 3],
			"to": [10, 9, 6],
			"rotation": {"angle": 0, "axis": "y", "origin": [7, 8, 4]},
			"faces": {
				"north": {"uv": [10.5, 14.5, 12, 15], "texture": "#0"},
				"east": {"uv": [10.5, 14.5, 12, 15], "texture": "#0"},
				"south": {"uv": [10.5, 14.5, 12, 15], "texture": "#0"},
				"west": {"uv": [10.5, 14.5, 12, 15], "texture": "#0"},
				"up": {"uv": [12.5, 13.5, 14, 15], "texture": "#0"},
				"down": {"uv": [14.5, 13.5, 16, 15], "texture": "#0"}
			}
		},
		{
			"from": [6, 8, 8],
			"to": [9, 9, 11],
			"rotation": {"angle": 0, "axis": "y", "origin": [6, 8, 9]},
			"faces": {
				"north": {"uv": [10.5, 14.5, 12, 15], "texture": "#0"},
				"east": {"uv": [10.5, 14.5, 12, 15], "texture": "#0"},
				"south": {"uv": [10.5, 14.5, 12, 15], "texture": "#0"},
				"west": {"uv": [10.5, 14.5, 12, 15], "texture": "#0"},
				"up": {"uv": [12.5, 13.5, 14, 15], "texture": "#0"},
				"down": {"uv": [14.5, 13.5, 16, 15], "texture": "#0"}
			}
		},
		{
			"from": [7, 6, 9],
			"to": [8, 8, 10],
			"rotation": {"angle": 0, "axis": "y", "origin": [6, 6, 9]},
			"faces": {
				"north": {"uv": [11, 15, 11.5, 16], "texture": "#0"},
				"east": {"uv": [11, 15, 11.5, 16], "texture": "#0"},
				"south": {"uv": [11, 15, 11.5, 16], "texture": "#0"},
				"west": {"uv": [11, 15, 11.5, 16], "texture": "#0"},
				"up": {"uv": [11, 15, 11.5, 15.5], "texture": "#0"},
				"down": {"uv": [11, 15, 11.5, 15.5], "texture": "#0"}
			}
		}
	],
	"display": {
		"thirdperson_righthand": {
			"rotation": [75, 45, 0],
			"translation": [0, 2.5, 0],
			"scale": [0.375, 0.375, 0.375]
		},
		"thirdperson_lefthand": {
			"rotation": [75, 45, 0],
			"translation": [0, 2.5, 0],
			"scale": [0.375, 0.375, 0.375]
		},
		"firstperson_righthand": {
			"rotation": [-9, 155, -3],
			"translation": [0.5, 4, 0],
			"scale": [0.5, 0.5, 0.5]
		},
		"firstperson_lefthand": {
			"rotation": [-9, 155, -3],
			"translation": [0.5, 4, 0],
			"scale": [0.5, 0.5, 0.5]
		},
		"ground": {
			"translation": [0, 2, 0],
			"scale": [0.5, 0.5, 0.5]
		},
		"gui": {
			"rotation": [30, 225, 0],
			"translation": [0.25, 3.5, 0],
			"scale": [0.9, 0.9, 0.9]
		},
		"head": {
			"translation": [0, 14.5, 0]
		},
		"fixed": {
			"translation": [0, 3.5, 0],
			"scale": [1.2, 1.2, 1.2]
		}
	},
	"groups": [
		{
			"name": "right_wing",
			"origin": [8.5, 5, 9],
			"color": 0,
			"children": []
		},
		{
			"name": "group",
			"origin": [14.5, 2.75, 6],
			"color": 0,
			"children": []
		},
		0,
		1,
		2,
		3,
		4,
		5,
		6,
		7,
		8,
		9,
		10,
		11,
		12
	]
}