{
	"credit": "by YSBB",
	"render_type": "cutout",
	"texture_size": [32, 32],
	"textures": {
		"0": "kaleidoscope:block/doll/doll_22",
		"particle": "block/white_wool"
	},
	"elements": [
		{
			"from": [5, 1.96297, 1.99634],
			"to": [12, 8.96297, 5.99634],
			"rotation": {"angle": 0, "axis": "x", "origin": [26.5, 6.98253, 1.33782]},
			"faces": {
				"north": {"uv": [1, 0, 4.5, 3.5], "texture": "#0"},
				"east": {"uv": [7, 0, 5, 3.5], "texture": "#0"},
				"south": {"uv": [1, 0, 3.5, 3], "texture": "#0"},
				"west": {"uv": [5, 0, 7, 3.5], "texture": "#0"},
				"up": {"uv": [5, 0, 7.5, 1.5], "texture": "#0"},
				"down": {"uv": [5, 0, 8.5, 2], "texture": "#0"}
			}
		},
		{
			"from": [4, 3, 6],
			"to": [13, 10, 16],
			"rotation": {"angle": 0, "axis": "y", "origin": [28, 7, 6]},
			"faces": {
				"north": {"uv": [10, 8, 14.5, 11.5], "texture": "#0"},
				"east": {"uv": [10, 3.5, 15, 7], "texture": "#0"},
				"south": {"uv": [0, 12.5, 4.5, 16], "texture": "#0"},
				"west": {"uv": [15, 3.5, 10, 7], "texture": "#0"},
				"up": {"uv": [5, 8.5, 9.5, 13.5], "texture": "#0"},
				"down": {"uv": [10, 13, 14.5, 8], "texture": "#0"}
			}
		},
		{
			"from": [4, 0, 6],
			"to": [7, 3, 9],
			"rotation": {"angle": 0, "axis": "y", "origin": [23, 0, 4]},
			"faces": {
				"north": {"uv": [10, 0.5, 11.5, 2], "texture": "#0"},
				"east": {"uv": [10, 0.5, 11.5, 2], "texture": "#0"},
				"south": {"uv": [10, 0.5, 11.5, 2], "texture": "#0"},
				"west": {"uv": [10, 0.5, 11.5, 2], "texture": "#0"},
				"down": {"uv": [10, 0.5, 11.5, 2], "texture": "#0"}
			}
		},
		{
			"from": [4, 0, 13],
			"to": [7, 3, 16],
			"rotation": {"angle": 0, "axis": "y", "origin": [23, 0, 11]},
			"faces": {
				"north": {"uv": [10, 0.5, 11.5, 2], "texture": "#0"},
				"east": {"uv": [10, 0.5, 11.5, 2], "texture": "#0"},
				"south": {"uv": [10, 0.5, 11.5, 2], "texture": "#0"},
				"west": {"uv": [10, 0.5, 11.5, 2], "texture": "#0"},
				"down": {"uv": [10, 0.5, 11.5, 2], "texture": "#0"}
			}
		},
		{
			"from": [10, 0, 13],
			"to": [13, 3, 16],
			"rotation": {"angle": 0, "axis": "y", "origin": [28, 0, 11]},
			"faces": {
				"north": {"uv": [10, 0.5, 11.5, 2], "texture": "#0"},
				"east": {"uv": [10, 0.5, 11.5, 2], "texture": "#0"},
				"south": {"uv": [10, 0.5, 11.5, 2], "texture": "#0"},
				"west": {"uv": [10, 0.5, 11.5, 2], "texture": "#0"},
				"down": {"uv": [10, 0.5, 11.5, 2], "texture": "#0"}
			}
		},
		{
			"from": [10, 0, 6],
			"to": [13, 3, 9],
			"rotation": {"angle": 0, "axis": "y", "origin": [28, 0, 4]},
			"faces": {
				"north": {"uv": [10, 0.5, 11.5, 2], "texture": "#0"},
				"east": {"uv": [10, 0.5, 11.5, 2], "texture": "#0"},
				"south": {"uv": [10, 0.5, 11.5, 2], "texture": "#0"},
				"west": {"uv": [10, 0.5, 11.5, 2], "texture": "#0"},
				"down": {"uv": [10, 0.5, 11.5, 2], "texture": "#0"}
			}
		},
		{
			"from": [10, 7.00209, 0.17931],
			"to": [11, 9.00209, 2.17931],
			"rotation": {"angle": 0, "axis": "x", "origin": [26.5, 6.98253, 1.33782]},
			"faces": {
				"north": {"uv": [0, 0, 0.5, 1], "texture": "#0"},
				"east": {"uv": [0, 0, 1, 1], "rotation": 90, "texture": "#0"},
				"south": {"uv": [0, 0, 0.5, 1], "texture": "#0"},
				"west": {"uv": [0, 0, 1, 1], "rotation": 90, "texture": "#0"},
				"up": {"uv": [0, 0, 0.5, 1], "texture": "#0"},
				"down": {"uv": [0, 0, 0.5, 1], "texture": "#0"}
			}
		},
		{
			"from": [6, 7.00209, 0.17931],
			"to": [7, 9.00209, 2.17931],
			"rotation": {"angle": 0, "axis": "x", "origin": [26.5, 6.98253, 1.33782]},
			"faces": {
				"north": {"uv": [0, 0, 0.5, 1], "texture": "#0"},
				"east": {"uv": [0, 0, 1, 1], "rotation": 90, "texture": "#0"},
				"south": {"uv": [0, 0, 0.5, 1], "texture": "#0"},
				"west": {"uv": [0, 0, 1, 1], "rotation": 90, "texture": "#0"},
				"up": {"uv": [0, 0, 0.5, 1], "texture": "#0"},
				"down": {"uv": [0, 0, 0.5, 1], "texture": "#0"}
			}
		},
		{
			"from": [7.5, 2, 1],
			"to": [9.5, 4.9, 2],
			"rotation": {"angle": 0, "axis": "y", "origin": [0, -1, 0]},
			"faces": {
				"north": {"uv": [0, 3.5, 1, 4.95], "texture": "#0"},
				"east": {"uv": [0, 3.5, 1, 4.95], "texture": "#0"},
				"south": {"uv": [0, 3.5, 1, 4.95], "texture": "#0"},
				"west": {"uv": [0, 3.5, 1, 4.95], "texture": "#0"},
				"up": {"uv": [1, 3.5, 0, 4.5], "texture": "#0"},
				"down": {"uv": [0, 3.5, 1, 4.5], "texture": "#0"}
			}
		}
	],
	"display": {
		"thirdperson_righthand": {
			"rotation": [75, 45, 0],
			"translation": [0, 2.5, 0],
			"scale": [0.375, 0.375, 0.375]
		},
		"thirdperson_lefthand": {
			"rotation": [75, 45, 0],
			"translation": [0, 2.5, 0],
			"scale": [0.375, 0.375, 0.375]
		},
		"firstperson_righthand": {
			"rotation": [-9, 155, -3],
			"translation": [0.5, 4, 0],
			"scale": [0.5, 0.5, 0.5]
		},
		"firstperson_lefthand": {
			"rotation": [-9, 155, -3],
			"translation": [0.5, 4, 0],
			"scale": [0.5, 0.5, 0.5]
		},
		"ground": {
			"translation": [0, 2, 0],
			"scale": [0.5, 0.5, 0.5]
		},
		"gui": {
			"rotation": [30, 225, 0],
			"translation": [1, 1.5, 0],
			"scale": [0.9, 0.9, 0.9]
		},
		"head": {
			"translation": [-0.25, 14.5, -1.75]
		},
		"fixed": {
			"translation": [0, 3.5, 0],
			"scale": [1.2, 1.2, 1.2]
		}
	},
	"groups": [
		{
			"name": "right_wing",
			"origin": [8.5, 5, 9],
			"color": 0,
			"children": []
		},
		{
			"name": "group",
			"origin": [14.5, 2.75, 6],
			"color": 0,
			"children": []
		},
		0,
		1,
		2,
		3,
		4,
		5,
		6,
		7,
		8
	]
}