{
	"credit": "Made by YSBB with Blockbench",
	"render_type": "cutout",
	"texture_size": [32, 32],
	"textures": {
		"0": "kaleidoscope:block/doll/doll_15",
		"particle": "block/white_wool"
	},
	"elements": [
		{
			"from": [5, 7, 5],
			"to": [11, 12, 11],
			"rotation": {"angle": 0, "axis": "y", "origin": [5, 5, 5]},
			"faces": {
				"north": {"uv": [0, 0.5, 3, 3], "texture": "#0"},
				"east": {"uv": [13.5, 0.5, 10.5, 3], "texture": "#0"},
				"south": {"uv": [7, 0.5, 10, 3], "texture": "#0"},
				"west": {"uv": [3.5, 0.5, 6.5, 3], "texture": "#0"},
				"up": {"uv": [3, 10.5, 0, 7.5], "texture": "#0"},
				"down": {"uv": [10.5, 0, 13.5, 3], "texture": "#0"}
			}
		},
		{
			"from": [5.5, 3, 6],
			"to": [10.5, 8, 10],
			"rotation": {"angle": 0, "axis": "y", "origin": [7.5, 4, 6]},
			"faces": {
				"north": {"uv": [5, 3.5, 7.5, 6], "texture": "#0"},
				"east": {"uv": [14, 3.5, 16, 6], "texture": "#0"},
				"south": {"uv": [10, 3.5, 12.5, 6], "texture": "#0"},
				"west": {"uv": [12, 3.5, 14, 6], "texture": "#0"},
				"down": {"uv": [12, 3.5, 14.5, 5.5], "texture": "#0"}
			}
		},
		{
			"from": [9.75, 3.25, 7],
			"to": [11.75, 7.25, 9],
			"rotation": {"angle": 45, "axis": "z", "origin": [10.75, 5.25, 8]},
			"faces": {
				"north": {"uv": [3.5, 3.5, 4.5, 5.5], "texture": "#0"},
				"east": {"uv": [3.5, 5.5, 4.5, 3.5], "rotation": 180, "texture": "#0"},
				"south": {"uv": [4.5, 5.5, 3.5, 3.5], "rotation": 180, "texture": "#0"},
				"west": {"uv": [3.5, 3.5, 4.5, 5.5], "texture": "#0"},
				"up": {"uv": [3.5, 3.5, 4.5, 4.5], "rotation": 90, "texture": "#0"},
				"down": {"uv": [3.5, 6.5, 4.5, 7.5], "rotation": 90, "texture": "#0"}
			}
		},
		{
			"from": [6, 0, 7],
			"to": [8, 3, 9],
			"rotation": {"angle": 0, "axis": "y", "origin": [4.8, 1, 8]},
			"faces": {
				"north": {"uv": [6.5, 11, 5.5, 9.5], "rotation": 180, "texture": "#0"},
				"east": {"uv": [8, 7, 9, 5.5], "rotation": 180, "texture": "#0"},
				"south": {"uv": [8, 5.5, 9, 7], "texture": "#0"},
				"west": {"uv": [8, 5.5, 9, 7], "texture": "#0"},
				"down": {"uv": [8, 7, 9, 8], "rotation": 180, "texture": "#0"}
			}
		},
		{
			"from": [9, 0, 7],
			"to": [11, 3, 9],
			"rotation": {"angle": 22.5, "axis": "z", "origin": [10, 1.5, 8]},
			"faces": {
				"north": {"uv": [8, 7, 9, 5.5], "rotation": 180, "texture": "#0"},
				"east": {"uv": [8, 7, 9, 5.5], "rotation": 180, "texture": "#0"},
				"south": {"uv": [8, 5.5, 9, 7], "texture": "#0"},
				"west": {"uv": [8, 5.5, 9, 7], "texture": "#0"},
				"down": {"uv": [9, 7, 8, 8], "rotation": 90, "texture": "#0"}
			}
		},
		{
			"from": [2.25, 5.5, 7],
			"to": [6.25, 7.5, 9],
			"rotation": {"angle": -22.5, "axis": "z", "origin": [4.25, 6.5, 8]},
			"faces": {
				"north": {"uv": [4.5, 3.5, 3.5, 5.5], "rotation": 270, "texture": "#0"},
				"east": {"uv": [3.5, 4.5, 4.5, 5.5], "rotation": 180, "texture": "#0"},
				"south": {"uv": [3.5, 5.5, 4.5, 3.5], "rotation": 270, "texture": "#0"},
				"west": {"uv": [3.5, 6.5, 4.5, 7.5], "rotation": 180, "texture": "#0"},
				"up": {"uv": [3.5, 3.5, 4.5, 5.5], "rotation": 90, "texture": "#0"},
				"down": {"uv": [3.5, 5.5, 4.5, 3.5], "rotation": 270, "texture": "#0"}
			}
		},
		{
			"from": [6.5, 6.9, 4.5],
			"to": [9.5, 7.9, 5.5],
			"rotation": {"angle": 0, "axis": "y", "origin": [0, 1, -1]},
			"faces": {
				"north": {"uv": [1, 3.5, 2.5, 4], "texture": "#0"},
				"east": {"uv": [1, 3.5, 1.5, 4], "texture": "#0"},
				"south": {"uv": [1, 3.5, 2.5, 4], "texture": "#0"},
				"west": {"uv": [1, 3.5, 1.5, 4], "texture": "#0"},
				"up": {"uv": [1, 3.5, 2.5, 4], "texture": "#0"},
				"down": {"uv": [1, 3.5, 2.5, 4], "texture": "#0"}
			}
		},
		{
			"from": [4.22231, 7.86627, 7],
			"to": [5.22231, 9.86627, 9],
			"rotation": {"angle": -45, "axis": "z", "origin": [4.72231, 8.86627, 8]},
			"faces": {
				"north": {"uv": [14, 1.5, 14.5, 2.5], "texture": "#0"},
				"east": {"uv": [14, 1.5, 15, 2.5], "texture": "#0"},
				"south": {"uv": [14, 1.5, 14.5, 2.5], "texture": "#0"},
				"west": {"uv": [14, 1.5, 15, 2.5], "texture": "#0"},
				"up": {"uv": [14, 1.5, 14.5, 2.5], "texture": "#0"},
				"down": {"uv": [14, 1.5, 14.5, 2.5], "texture": "#0"}
			}
		},
		{
			"from": [10.82231, 7.86627, 7],
			"to": [11.82231, 9.86627, 9],
			"rotation": {"angle": 45, "axis": "z", "origin": [11.32231, 8.86627, 8]},
			"faces": {
				"north": {"uv": [14, 1.5, 14.5, 2.5], "texture": "#0"},
				"east": {"uv": [14, 1.5, 15, 2.5], "texture": "#0"},
				"south": {"uv": [14, 1.5, 14.5, 2.5], "texture": "#0"},
				"west": {"uv": [14, 1.5, 15, 2.5], "texture": "#0"},
				"up": {"uv": [14, 1.5, 14.5, 2.5], "texture": "#0"},
				"down": {"uv": [14, 1.5, 14.5, 2.5], "texture": "#0"}
			}
		}
	],
	"display": {
		"thirdperson_righthand": {
			"rotation": [60, 0, 0],
			"translation": [-6, 0, 3]
		},
		"thirdperson_lefthand": {
			"rotation": [60, 0, 0],
			"translation": [-6, 0, 3]
		},
		"firstperson_righthand": {
			"rotation": [-9, 155, -3],
			"translation": [0.5, 4, 0],
			"scale": [0.5, 0.5, 0.5]
		},
		"firstperson_lefthand": {
			"rotation": [-9, 155, -3],
			"translation": [0.5, 4, 0],
			"scale": [0.5, 0.5, 0.5]
		},
		"ground": {
			"translation": [0, 2, 0],
			"scale": [0.5, 0.5, 0.5]
		},
		"gui": {
			"rotation": [30, 225, 0],
			"translation": [0.5, 1.5, 0]
		},
		"head": {
			"translation": [0, 14.5, 0]
		},
		"fixed": {
			"translation": [0, 3.5, 0],
			"scale": [1.2, 1.2, 1.2]
		}
	}
}