{
	"credit": "Made by YSBB with Blockbench",
	"render_type": "cutout",
	"texture_size": [32, 32],
	"textures": {
		"0": "kaleidoscope:block/doll/doll_27",
		"particle": "block/white_wool"
	},
	"elements": [
		{
			"from": [5, 4, 6],
			"to": [11, 10, 12],
			"rotation": {"angle": 0, "axis": "y", "origin": [5, 4, 6]},
			"faces": {
				"north": {"uv": [0, 0, 3, 3], "texture": "#0"},
				"east": {"uv": [6.5, 0, 3.5, 3], "texture": "#0"},
				"south": {"uv": [0, 3.5, 3, 6.5], "texture": "#0"},
				"west": {"uv": [3.5, 0, 6.5, 3], "texture": "#0"},
				"up": {"uv": [7, 0, 10, 3], "texture": "#0"},
				"down": {"uv": [10.5, 0, 13.5, 3], "texture": "#0"}
			}
		},
		{
			"from": [6, 0, 7],
			"to": [10, 5, 11],
			"rotation": {"angle": 0, "axis": "y", "origin": [7, 3, 7]},
			"faces": {
				"north": {"uv": [0, 7.5, 2, 10], "texture": "#0"},
				"east": {"uv": [0, 7.5, 2, 10], "texture": "#0"},
				"south": {"uv": [0, 7.5, 2, 10], "texture": "#0"},
				"west": {"uv": [0, 7.5, 2, 10], "texture": "#0"},
				"up": {"uv": [0, 0, 2, 2], "texture": "#0"},
				"down": {"uv": [0, 10.5, 2, 12.5], "texture": "#0"}
			}
		},
		{
			"from": [10, 2, 5],
			"to": [12, 4, 10],
			"rotation": {"angle": 0, "axis": "y", "origin": [10, 2, 8]},
			"faces": {
				"north": {"uv": [2.5, 9, 3.5, 10], "texture": "#0"},
				"east": {"uv": [2.5, 10, 3.5, 7.5], "rotation": 90, "texture": "#0"},
				"south": {"uv": [2.5, 7.5, 3.5, 8.5], "texture": "#0"},
				"west": {"uv": [2.5, 7.5, 3.5, 10], "rotation": 90, "texture": "#0"},
				"up": {"uv": [2.5, 10, 3.5, 7.5], "texture": "#0"},
				"down": {"uv": [2.5, 7.5, 3.5, 10], "texture": "#0"}
			}
		},
		{
			"from": [4.8, 0, 5],
			"to": [6.8, 2, 9],
			"rotation": {"angle": 22.5, "axis": "y", "origin": [5.8, 1, 6]},
			"faces": {
				"north": {"uv": [2.5, 10.5, 3.5, 11.5], "texture": "#0"},
				"east": {"uv": [4, 10, 5, 8], "rotation": 90, "texture": "#0"},
				"west": {"uv": [4, 8, 5, 10], "rotation": 90, "texture": "#0"},
				"up": {"uv": [4, 10, 5, 8], "texture": "#0"},
				"down": {"uv": [4, 8, 5, 10], "texture": "#0"}
			}
		},
		{
			"from": [9.2, 0, 5],
			"to": [11.2, 2, 9],
			"rotation": {"angle": -22.5, "axis": "y", "origin": [10.2, 1, 6]},
			"faces": {
				"north": {"uv": [3.5, 10.5, 2.5, 11.5], "rotation": 270, "texture": "#0"},
				"east": {"uv": [4, 10, 5, 8], "rotation": 90, "texture": "#0"},
				"west": {"uv": [4, 8, 5, 10], "rotation": 90, "texture": "#0"},
				"up": {"uv": [4, 10, 5, 8], "texture": "#0"},
				"down": {"uv": [4, 8, 5, 10], "texture": "#0"}
			}
		},
		{
			"from": [4, 2, 5],
			"to": [6, 4, 10],
			"rotation": {"angle": 0, "axis": "y", "origin": [4, 2, 8]},
			"faces": {
				"north": {"uv": [2.5, 9, 3.5, 10], "texture": "#0"},
				"east": {"uv": [2.5, 10, 3.5, 7.5], "rotation": 90, "texture": "#0"},
				"south": {"uv": [2.5, 7.5, 3.5, 8.5], "texture": "#0"},
				"west": {"uv": [2.5, 7.5, 3.5, 10], "rotation": 90, "texture": "#0"},
				"up": {"uv": [2.5, 10, 3.5, 7.5], "texture": "#0"},
				"down": {"uv": [2.5, 7.5, 3.5, 10], "texture": "#0"}
			}
		}
	],
	"display": {
		"thirdperson_righthand": {
			"rotation": [60, 68, 0],
			"translation": [-5.5, 0, 3]
		},
		"thirdperson_lefthand": {
			"rotation": [60, -68, 0],
			"translation": [-6.5, 0, 3]
		},
		"firstperson_righthand": {
			"rotation": [-9, 155, -3],
			"translation": [0.5, 4, 0],
			"scale": [0.5, 0.5, 0.5]
		},
		"firstperson_lefthand": {
			"rotation": [-9, 155, -3],
			"translation": [0.5, 4, 0],
			"scale": [0.5, 0.5, 0.5]
		},
		"ground": {
			"translation": [0, 2, 0],
			"scale": [0.5, 0.5, 0.5]
		},
		"gui": {
			"rotation": [30, 225, 0],
			"translation": [1, 2.25, 0]
		},
		"head": {
			"translation": [0, 14.5, 0]
		},
		"fixed": {
			"translation": [0, 3.5, 0],
			"scale": [1.2, 1.2, 1.2]
		}
	}
}