{
	"credit": "Made by YSBB with Blockbench",
	"render_type": "cutout",
	"textures": {
		"1": "kaleidoscope:block/doll/doll_5",
		"particle": "block/white_wool"
	},
	"elements": [
		{
			"from": [4.75, 4.75, 4.75],
			"to": [11.25, 11.25, 11.25],
			"rotation": {"angle": 0, "axis": "y", "origin": [6.61732, 8, 7.07612]},
			"faces": {
				"north": {"uv": [0, 0, 6, 6], "texture": "#1"},
				"east": {"uv": [13, 0, 7, 6], "texture": "#1"},
				"south": {"uv": [8, 0, 14, 6], "texture": "#1"},
				"west": {"uv": [7, 0, 13, 6], "texture": "#1"},
				"up": {"uv": [0, 6, 6, 12], "rotation": 270, "texture": "#1"},
				"down": {"uv": [7, 0, 13, 6], "rotation": 90, "texture": "#1"}
			}
		},
		{
			"from": [6, 1, 6],
			"to": [10, 5, 10],
			"rotation": {"angle": 0, "axis": "y", "origin": [1, -4, 1]},
			"faces": {
				"north": {"uv": [12, 12, 16, 16], "texture": "#1"},
				"east": {"uv": [12, 12, 15, 16], "texture": "#1"},
				"south": {"uv": [12, 12, 16, 16], "texture": "#1"},
				"west": {"uv": [12, 12, 15, 16], "texture": "#1"},
				"up": {"uv": [12, 13, 16, 16], "texture": "#1"},
				"down": {"uv": [12, 13, 16, 16], "texture": "#1"}
			}
		},
		{
			"from": [4.5, 0, 4.5],
			"to": [7.5, 2, 7.5],
			"rotation": {"angle": 0, "axis": "y", "origin": [6, 1.5, 7.5]},
			"faces": {
				"north": {"uv": [7, 14, 10, 16], "texture": "#1"},
				"east": {"uv": [6, 8, 11, 10], "texture": "#1"},
				"south": {"uv": [7, 14, 10, 16], "texture": "#1"},
				"west": {"uv": [7, 14, 10, 16], "texture": "#1"},
				"up": {"uv": [7, 9, 10, 14], "rotation": 180, "texture": "#1"},
				"down": {"uv": [7, 11, 10, 16], "rotation": 180, "texture": "#1"}
			}
		},
		{
			"from": [4.5, 0, 8.5],
			"to": [7.5, 2, 11.5],
			"rotation": {"angle": 0, "axis": "y", "origin": [6, 1.5, 11.5]},
			"faces": {
				"north": {"uv": [7, 14, 10, 16], "texture": "#1"},
				"east": {"uv": [6, 8, 11, 10], "texture": "#1"},
				"south": {"uv": [7, 14, 10, 16], "texture": "#1"},
				"west": {"uv": [7, 14, 10, 16], "texture": "#1"},
				"up": {"uv": [7, 9, 10, 14], "rotation": 180, "texture": "#1"},
				"down": {"uv": [7, 11, 10, 16], "rotation": 180, "texture": "#1"}
			}
		},
		{
			"from": [8.5, 0, 4.5],
			"to": [11.5, 2, 7.5],
			"rotation": {"angle": 0, "axis": "y", "origin": [10, 1.5, 7.5]},
			"faces": {
				"north": {"uv": [7, 14, 10, 16], "texture": "#1"},
				"east": {"uv": [6, 8, 11, 10], "texture": "#1"},
				"south": {"uv": [7, 14, 10, 16], "texture": "#1"},
				"west": {"uv": [7, 14, 10, 16], "texture": "#1"},
				"up": {"uv": [7, 9, 10, 14], "rotation": 180, "texture": "#1"},
				"down": {"uv": [7, 11, 10, 16], "rotation": 180, "texture": "#1"}
			}
		},
		{
			"from": [8.5, 0, 8.5],
			"to": [11.5, 2, 11.5],
			"rotation": {"angle": 0, "axis": "y", "origin": [10, 1.5, 11.5]},
			"faces": {
				"north": {"uv": [7, 14, 10, 16], "texture": "#1"},
				"east": {"uv": [6, 8, 11, 10], "texture": "#1"},
				"south": {"uv": [7, 14, 10, 16], "texture": "#1"},
				"west": {"uv": [7, 14, 10, 16], "texture": "#1"},
				"up": {"uv": [7, 9, 10, 14], "rotation": 180, "texture": "#1"},
				"down": {"uv": [7, 11, 10, 16], "rotation": 180, "texture": "#1"}
			}
		}
	],
	"display": {
		"thirdperson_righthand": {
			"rotation": [75, 45, 0],
			"translation": [0, 2.5, 0],
			"scale": [0.375, 0.375, 0.375]
		},
		"thirdperson_lefthand": {
			"rotation": [75, 45, 0],
			"translation": [0, 2.5, 0],
			"scale": [0.375, 0.375, 0.375]
		},
		"firstperson_righthand": {
			"rotation": [-9, 155, -3],
			"translation": [0.5, 4, 0],
			"scale": [0.5, 0.5, 0.5]
		},
		"firstperson_lefthand": {
			"rotation": [-9, 155, -3],
			"translation": [0.5, 4, 0],
			"scale": [0.5, 0.5, 0.5]
		},
		"ground": {
			"translation": [0, 2, 0],
			"scale": [0.5, 0.5, 0.5]
		},
		"gui": {
			"rotation": [30, 225, 0],
			"translation": [0, 2, 0]
		},
		"head": {
			"translation": [0, 14.5, 0]
		},
		"fixed": {
			"translation": [0, 3.5, 0],
			"scale": [1.2, 1.2, 1.2]
		}
	}
}