{
	"credit": "by YSBB Made with Blockbench",
	"render_type": "cutout",
	"texture_size": [32, 32],
	"textures": {
		"2": "kaleidoscope:block/doll/doll_36_1",
		"particle": "block/white_wool"
	},
	"elements": [
		{
			"from": [4, 0, 4],
			"to": [12, 8, 12],
			"rotation": {"angle": 0, "axis": "y", "origin": [8, 4, 8]},
			"faces": {
				"north": {"uv": [5, 2.5, 2.5, 5], "texture": "#2"},
				"east": {"uv": [5, 2.5, 7.5, 5], "texture": "#2"},
				"south": {"uv": [10, 2.5, 7.5, 5], "texture": "#2"},
				"west": {"uv": [0, 2.5, 2.5, 5], "texture": "#2"},
				"up": {"uv": [2.5, 2.5, 5, 0], "rotation": 270, "texture": "#2"},
				"down": {"uv": [5, 0, 7.5, 2.5], "rotation": 90, "texture": "#2"}
			}
		}
	],
	"display": {
		"thirdperson_righthand": {
			"rotation": [75, 45, 0],
			"translation": [0, 2.5, 0],
			"scale": [0.375, 0.375, 0.375]
		},
		"thirdperson_lefthand": {
			"rotation": [75, 45, 0],
			"translation": [0, 2.5, 0],
			"scale": [0.375, 0.375, 0.375]
		},
		"firstperson_righthand": {
			"rotation": [-9, 155, -3],
			"translation": [0.5, 4, 0],
			"scale": [0.5, 0.5, 0.5]
		},
		"firstperson_lefthand": {
			"rotation": [-9, 155, -3],
			"translation": [0.5, 4, 0],
			"scale": [0.5, 0.5, 0.5]
		},
		"ground": {
			"translation": [0, 2, 0],
			"scale": [0.5, 0.5, 0.5]
		},
		"gui": {
			"rotation": [30, 225, 0],
			"translation": [0.5, 3.75, 0]
		},
		"head": {
			"translation": [0, 13.25, 0],
			"scale": [0.85, 0.85, 0.85]
		},
		"fixed": {
			"translation": [0, 3.5, 0],
			"scale": [1.2, 1.2, 1.2]
		}
	}
}