{
	"credit": "Made with Blockbench",
	"render_type": "cutout",
	"textures": {
		"1": "kaleidoscope:block/doll/doll_11",
		"particle": "block/white_wool"
	},
	"elements": [
		{
			"from": [5, 0.8, 5],
			"to": [11, 6.8, 11],
			"rotation": {"angle": 0, "axis": "y", "origin": [7.69505, 6.85, 7.05165]},
			"faces": {
				"north": {"uv": [10, 2, 16, 8], "texture": "#1"},
				"east": {"uv": [10, 0, 15, 5], "texture": "#1"},
				"south": {"uv": [10, 0, 15, 5], "texture": "#1"},
				"west": {"uv": [10, 0, 15, 5], "texture": "#1"},
				"up": {"uv": [10, 0, 15, 5], "texture": "#1"},
				"down": {"uv": [10, 0, 16, 6], "texture": "#1"}
			}
		},
		{
			"from": [4, 4, 4],
			"to": [12, 8, 12],
			"faces": {
				"north": {"uv": [0, 12, 8, 16], "texture": "#1"},
				"east": {"uv": [0, 12, 8, 16], "texture": "#1"},
				"south": {"uv": [0, 12, 8, 16], "texture": "#1"},
				"west": {"uv": [0, 12, 8, 16], "texture": "#1"},
				"up": {"uv": [8, 8, 16, 16], "texture": "#1"}
			}
		},
		{
			"from": [12, 4, 4],
			"to": [4, 8, 12],
			"faces": {
				"north": {"uv": [0, 12, 8, 16], "texture": "#1"},
				"east": {"uv": [0, 12, 8, 16], "texture": "#1"},
				"south": {"uv": [0, 12, 8, 16], "texture": "#1"},
				"west": {"uv": [0, 12, 8, 16], "texture": "#1"},
				"up": {"uv": [8, 8, 16, 16], "texture": "#1"}
			}
		},
		{
			"from": [4, 0.1, 4],
			"to": [12, 3.1, 12],
			"rotation": {"angle": 0, "axis": "x", "origin": [8, 1.6, 7.5]},
			"faces": {
				"north": {"uv": [0, 8, 8, 11], "texture": "#1"},
				"east": {"uv": [0, 8, 8, 11], "texture": "#1"},
				"south": {"uv": [0, 8, 8, 11], "texture": "#1"},
				"west": {"uv": [0, 8, 8, 11], "texture": "#1"},
				"down": {"uv": [8, 8, 16, 16], "rotation": 180, "texture": "#1"}
			}
		},
		{
			"from": [12, 0.1, 4],
			"to": [4, 3.1, 12],
			"rotation": {"angle": 0, "axis": "x", "origin": [8, 1.6, 7.5]},
			"faces": {
				"north": {"uv": [0, 8, 8, 11], "texture": "#1"},
				"east": {"uv": [0, 8, 8, 11], "texture": "#1"},
				"south": {"uv": [0, 8, 8, 11], "texture": "#1"},
				"west": {"uv": [0, 8, 8, 11], "texture": "#1"},
				"down": {"uv": [8, 8, 16, 16], "rotation": 180, "texture": "#1"}
			}
		}
	],
	"display": {
		"thirdperson_righthand": {
			"rotation": [60, 0, 0],
			"translation": [-6, 2, 3]
		},
		"thirdperson_lefthand": {
			"rotation": [60, 0, 0],
			"translation": [-6, 2, 3]
		},
		"firstperson_righthand": {
			"rotation": [-9, 155, -3],
			"translation": [0.5, 4, 0],
			"scale": [0.5, 0.5, 0.5]
		},
		"firstperson_lefthand": {
			"rotation": [-9, 155, -3],
			"translation": [0.5, 4, 0],
			"scale": [0.5, 0.5, 0.5]
		},
		"ground": {
			"translation": [0, 2, 0],
			"scale": [0.5, 0.5, 0.5]
		},
		"gui": {
			"rotation": [30, 225, 0],
			"translation": [0, 3.5, 0],
			"scale": [1.1, 1.1, 1.1]
		},
		"head": {
			"translation": [0, 14.5, 0]
		},
		"fixed": {
			"translation": [0, 3.5, 0],
			"scale": [1.2, 1.2, 1.2]
		}
	}
}