{
	"credit": "by YSBB",
	"render_type": "cutout",
	"texture_size": [32, 32],
	"textures": {
		"0": "kaleidoscope:block/doll/doll_20",
		"particle": "block/white_wool"
	},
	"elements": [
		{
			"from": [4, 0, 6],
			"to": [7, 3, 10],
			"rotation": {"angle": 0, "axis": "y", "origin": [3, 0, 7]},
			"faces": {
				"north": {"uv": [5.5, 5, 7, 6.5], "texture": "#0"},
				"east": {"uv": [5.5, 5, 7.5, 6.5], "texture": "#0"},
				"south": {"uv": [5.5, 5, 7, 6.5], "texture": "#0"},
				"west": {"uv": [5.5, 5, 7.5, 6.5], "texture": "#0"},
				"up": {"uv": [5.5, 5, 7, 7], "texture": "#0"},
				"down": {"uv": [5.5, 6.5, 7, 8.5], "texture": "#0"}
			}
		},
		{
			"from": [9, 0, 6],
			"to": [12, 3, 10],
			"rotation": {"angle": 0, "axis": "y", "origin": [8, 0, 7]},
			"faces": {
				"north": {"uv": [5.5, 5, 7, 6.5], "texture": "#0"},
				"east": {"uv": [5.5, 5, 7.5, 6.5], "texture": "#0"},
				"south": {"uv": [5.5, 5, 7, 6.5], "texture": "#0"},
				"west": {"uv": [5.5, 5, 7.5, 6.5], "texture": "#0"},
				"up": {"uv": [5.5, 5, 7, 7], "texture": "#0"},
				"down": {"uv": [5.5, 6.5, 7, 8.5], "texture": "#0"}
			}
		},
		{
			"from": [4, 3, 5],
			"to": [12, 9, 12],
			"rotation": {"angle": 0, "axis": "y", "origin": [3, 3, 7]},
			"faces": {
				"north": {"uv": [8.5, 4.5, 12.5, 7.5], "texture": "#0"},
				"east": {"uv": [8.5, 0, 12, 3], "texture": "#0"},
				"south": {"uv": [3, 4.5, 7, 7.5], "texture": "#0"},
				"west": {"uv": [9.5, 0, 13, 3], "texture": "#0"},
				"up": {"uv": [4.5, 0, 8.5, 3.5], "texture": "#0"},
				"down": {"uv": [4, 6.5, 8, 10], "texture": "#0"}
			}
		},
		{
			"from": [4, 9, 5.75],
			"to": [12, 15, 11.75],
			"rotation": {"angle": 0, "axis": "y", "origin": [3, 9, 6.75]},
			"faces": {
				"north": {"uv": [0, 0, 4, 3], "texture": "#0"},
				"east": {"uv": [8.5, 0, 11.5, 3], "texture": "#0"},
				"south": {"uv": [8.5, 0, 12.5, 3], "texture": "#0"},
				"west": {"uv": [9.5, 0, 12.5, 3], "texture": "#0"},
				"up": {"uv": [4.5, 0, 8.5, 3], "texture": "#0"},
				"down": {"uv": [3, 6.5, 7, 9.5], "texture": "#0"}
			}
		},
		{
			"from": [4, 9, 5.65],
			"to": [12, 15, 5.65],
			"rotation": {"angle": 0, "axis": "y", "origin": [3, 9, 0.65]},
			"faces": {
				"north": {"uv": [0, 0, 4, 3], "texture": "#0"},
				"east": {"uv": [8.5, 0, 11.5, 3], "texture": "#0"},
				"south": {"uv": [8.5, 0, 12.5, 3], "texture": "#0"},
				"west": {"uv": [9.5, 0, 12.5, 3], "texture": "#0"},
				"up": {"uv": [4.5, 0, 8.5, 3], "texture": "#0"},
				"down": {"uv": [3, 6.5, 7, 9.5], "texture": "#0"}
			}
		},
		{
			"from": [1, 1, 6],
			"to": [4, 10, 10],
			"rotation": {"angle": 0, "axis": "y", "origin": [2, 9, 7]},
			"faces": {
				"north": {"uv": [13.5, 4, 15, 8.5], "texture": "#0"},
				"east": {"uv": [13.5, 4, 15.5, 8.5], "texture": "#0"},
				"south": {"uv": [13.5, 4, 15, 8.5], "texture": "#0"},
				"west": {"uv": [13.5, 4, 15.5, 8.5], "texture": "#0"},
				"up": {"uv": [2, 7.5, 3.5, 9.5], "texture": "#0"},
				"down": {"uv": [7, 0.5, 8.5, 2.5], "texture": "#0"}
			}
		},
		{
			"from": [12, 1, 6],
			"to": [15, 10, 10],
			"rotation": {"angle": 0, "axis": "y", "origin": [13, 9, 7]},
			"faces": {
				"north": {"uv": [13.5, 4, 15, 8.5], "texture": "#0"},
				"east": {"uv": [13.5, 4, 15.5, 8.5], "texture": "#0"},
				"south": {"uv": [13.5, 4, 15, 8.5], "texture": "#0"},
				"west": {"uv": [13.5, 4, 15.5, 8.5], "texture": "#0"},
				"up": {"uv": [4.5, 7, 6, 9], "texture": "#0"},
				"down": {"uv": [7, 0.5, 8.5, 2.5], "texture": "#0"}
			}
		},
		{
			"name": "1111",
			"from": [0, 11, 7],
			"to": [7, 17, 7],
			"rotation": {"angle": 0, "axis": "z", "origin": [3.5, 14, 7]},
			"faces": {
				"north": {"uv": [4, 11.5, 7.5, 14.5], "texture": "#0"},
				"south": {"uv": [7.5, 11.5, 4, 14.5], "texture": "#0"}
			}
		},
		{
			"name": "1111",
			"from": [9, 11, 7],
			"to": [16, 17, 7],
			"rotation": {"angle": 0, "axis": "z", "origin": [14, 11, 7]},
			"faces": {
				"north": {"uv": [7.5, 11.5, 4, 14.5], "texture": "#0"},
				"south": {"uv": [4, 11.5, 7.5, 14.5], "texture": "#0"}
			}
		}
	],
	"display": {
		"thirdperson_righthand": {
			"rotation": [75, 45, 0],
			"translation": [0, 2.5, 0],
			"scale": [0.375, 0.375, 0.375]
		},
		"thirdperson_lefthand": {
			"rotation": [75, 45, 0],
			"translation": [0, 2.5, 0],
			"scale": [0.375, 0.375, 0.375]
		},
		"firstperson_righthand": {
			"rotation": [-9, 155, -3],
			"translation": [0.5, 4, 0],
			"scale": [0.5, 0.5, 0.5]
		},
		"firstperson_lefthand": {
			"rotation": [-9, 155, -3],
			"translation": [0.5, 4, 0],
			"scale": [0.5, 0.5, 0.5]
		},
		"ground": {
			"translation": [0, 2, 0],
			"scale": [0.5, 0.5, 0.5]
		},
		"gui": {
			"rotation": [30, 225, 0],
			"translation": [0, 0.25, 0],
			"scale": [0.9, 0.9, 0.9]
		},
		"head": {
			"translation": [0, 14.5, 0]
		},
		"fixed": {
			"translation": [0, -0.5, 0],
			"scale": [1.2, 1.2, 1.2]
		}
	}
}