{
	"credit": "by YSBB Made with Blockbench",
	"render_type": "cutout",
	"texture_size": [32, 32],
	"textures": {
		"0": "kaleidoscope:block/doll/doll_56",
		"particle": "block/white_wool"
	},
	"elements": [
		{
			"from": [6.25, 8, 4],
			"to": [9.25, 10, 6],
			"rotation": {"angle": 0, "axis": "y", "origin": [7.75, 8, 6.25]},
			"faces": {
				"north": {"uv": [5, 1, 7, 2], "texture": "#0"},
				"east": {"uv": [5, 0, 6, 1], "texture": "#0"},
				"south": {"uv": [5, 0, 7, 1], "texture": "#0"},
				"west": {"uv": [5, 0, 6, 1], "texture": "#0"},
				"up": {"uv": [5, 0, 7, 1], "texture": "#0"},
				"down": {"uv": [5, 0, 7, 1], "texture": "#0"}
			}
		},
		{
			"from": [7.75, 6, 4],
			"to": [7.75, 8, 6],
			"rotation": {"angle": 0, "axis": "y", "origin": [7.75, 8, 6.25]},
			"faces": {
				"east": {"uv": [7.5, 0, 8.5, 1], "texture": "#0"},
				"west": {"uv": [7.5, 0, 8.5, 1], "texture": "#0"}
			}
		},
		{
			"from": [7.78701, 10, 4.94291],
			"to": [7.78701, 15, 10.94291],
			"rotation": {"angle": 0, "axis": "y", "origin": [7.78701, 12.5, 7.94291]},
			"faces": {
				"east": {"uv": [16, 0, 13, 2.5], "texture": "#0"},
				"west": {"uv": [13, 0, 16, 2.5], "texture": "#0"}
			}
		},
		{
			"from": [5.75, 6, 6],
			"to": [9.75, 10, 9],
			"rotation": {"angle": 0, "axis": "y", "origin": [7.75, 8, 6.25]},
			"faces": {
				"north": {"uv": [2.5, 0, 4.5, 2], "texture": "#0"},
				"east": {"uv": [0, 0, 1.5, 2], "texture": "#0"},
				"south": {"uv": [2.5, 0, 4.5, 2], "texture": "#0"},
				"west": {"uv": [1.5, 0, 0, 2], "texture": "#0"},
				"up": {"uv": [2.5, 0, 4.5, 1.5], "texture": "#0"},
				"down": {"uv": [0, 0, 2, 1.5], "texture": "#0"}
			}
		},
		{
			"from": [5, 2, 4],
			"to": [11, 7, 10],
			"rotation": {"angle": 0, "axis": "y", "origin": [7, 3, 5]},
			"faces": {
				"north": {"uv": [3, 3, 6, 5.5], "texture": "#0"},
				"east": {"uv": [0, 3, 3, 5.5], "texture": "#0"},
				"south": {"uv": [6.5, 3, 9.5, 5.5], "texture": "#0"},
				"west": {"uv": [0, 3, 3, 5.5], "texture": "#0"},
				"up": {"uv": [0, 6, 3, 9], "texture": "#0"},
				"down": {"uv": [0, 9, 3, 6], "texture": "#0"}
			}
		},
		{
			"from": [8, 2.42597, 8],
			"to": [8, 4.42597, 11],
			"rotation": {"angle": 0, "axis": "y", "origin": [8, 3.42597, 9.38582]},
			"faces": {
				"east": {"uv": [13, 4.5, 14, 3], "rotation": 270, "texture": "#0"},
				"west": {"uv": [13, 4.5, 14, 3], "rotation": 270, "texture": "#0"}
			}
		},
		{
			"from": [5, 0, 7],
			"to": [11, 2, 7],
			"rotation": {"angle": 0, "axis": "y", "origin": [5, 0, 6]},
			"faces": {
				"north": {"uv": [5.5, 8.5, 8.5, 9.5], "texture": "#0"},
				"south": {"uv": [5.5, 8.5, 8.5, 9.5], "texture": "#0"}
			}
		},
		{
			"from": [5, 0.05, 6],
			"to": [11, 0.05, 8],
			"rotation": {"angle": 0, "axis": "x", "origin": [8, 0, 8]},
			"faces": {
				"up": {"uv": [5.5, 8.5, 8.5, 9.5], "rotation": 180, "texture": "#0"},
				"down": {"uv": [5.5, 8.5, 8.5, 9.5], "texture": "#0"}
			}
		}
	],
	"display": {
		"thirdperson_righthand": {
			"rotation": [75, 45, 0],
			"translation": [0, 2.5, 0],
			"scale": [0.375, 0.375, 0.375]
		},
		"thirdperson_lefthand": {
			"rotation": [75, 45, 0],
			"translation": [0, 2.5, 0],
			"scale": [0.375, 0.375, 0.375]
		},
		"firstperson_righthand": {
			"rotation": [-9, 155, -3],
			"translation": [0.5, 4, 0],
			"scale": [0.5, 0.5, 0.5]
		},
		"firstperson_lefthand": {
			"rotation": [-9, 155, -3],
			"translation": [0.5, 4, 0],
			"scale": [0.5, 0.5, 0.5]
		},
		"ground": {
			"translation": [0, 2, 0],
			"scale": [0.5, 0.5, 0.5]
		},
		"gui": {
			"rotation": [30, 225, 0],
			"translation": [-0.25, 1.5, 0],
			"scale": [0.9, 0.9, 0.9]
		},
		"head": {
			"translation": [0, 14.5, 0.75]
		},
		"fixed": {
			"translation": [0, 2.5, 0],
			"scale": [1.2, 1.2, 1.2]
		}
	},
	"groups": [
		{
			"name": "right_wing",
			"origin": [8.5, 5, 9],
			"color": 0,
			"children": []
		},
		{
			"name": "group",
			"origin": [14.5, 2.75, 6],
			"color": 0,
			"children": []
		},
		0,
		1,
		2,
		3,
		4,
		5,
		6,
		7
	]
}