{
	"credit": "by YSBB Made with Blockbench",
	"render_type": "cutout",
	"texture_size": [64, 64],
	"textures": {
		"0": "kaleidoscope:block/doll/doll_1",
		"particle": "block/glass"
	},
	"elements": [
		{
			"name": "Head",
			"from": [3.5, 6, 6],
			"to": [11.5, 14, 14],
			"rotation": {"angle": 0, "axis": "z", "origin": [7.5, 10, 9.40742]},
			"faces": {
				"north": {"uv": [2, 2, 4, 4], "texture": "#0"},
				"east": {"uv": [0, 2, 2, 4], "texture": "#0"},
				"south": {"uv": [6, 2, 8, 4], "texture": "#0"},
				"west": {"uv": [4, 2, 6, 4], "texture": "#0"},
				"up": {"uv": [4, 2, 2, 0], "texture": "#0"},
				"down": {"uv": [6, 0, 4, 2], "texture": "#0"}
			}
		},
		{
			"name": "Hat Layer",
			"from": [3.4, 5.9, 5.9],
			"to": [11.6, 14.1, 14.1],
			"rotation": {"angle": 0, "axis": "z", "origin": [7.5, 10, 9.40742]},
			"faces": {
				"north": {"uv": [10, 2, 12, 4], "texture": "#0"},
				"east": {"uv": [8, 2, 10, 4], "texture": "#0"},
				"south": {"uv": [14, 2, 16, 4], "texture": "#0"},
				"west": {"uv": [12, 2, 14, 4], "texture": "#0"},
				"up": {"uv": [12, 2, 10, 0], "texture": "#0"},
				"down": {"uv": [14, 0, 12, 2], "texture": "#0"}
			}
		},
		{
			"name": "Body",
			"from": [4.5, 0, 7.90742],
			"to": [10.5, 7, 11.90742],
			"rotation": {"angle": 0, "axis": "y", "origin": [7, 7.9125, 8.32871]},
			"faces": {
				"north": {"uv": [1.25, 4.25, 2.75, 6], "texture": "#0"},
				"east": {"uv": [3, 4.25, 4, 6], "texture": "#0"},
				"south": {"uv": [1.25, 4.25, 2.75, 6], "texture": "#0"},
				"west": {"uv": [3, 4.25, 4, 6], "texture": "#0"},
				"up": {"uv": [2.75, 7, 1.25, 6], "texture": "#0"},
				"down": {"uv": [2.75, 7, 1.25, 8], "texture": "#0"}
			}
		},
		{
			"name": "Right Arm",
			"from": [7.12215, -1.3656, 8.45742],
			"to": [10.12215, 4.6344, 11.45742],
			"rotation": {"angle": 22.5, "axis": "z", "origin": [5.5, 8.1625, 7.57871]},
			"faces": {
				"north": {"uv": [0, 4.5, 0.75, 6], "texture": "#0"},
				"east": {"uv": [0, 4.5, 0.75, 6], "texture": "#0"},
				"south": {"uv": [0, 4.5, 0.75, 6], "texture": "#0"},
				"west": {"uv": [0, 4.5, 0.75, 6], "texture": "#0"},
				"up": {"uv": [0.75, 7, 0, 6.25], "texture": "#0"},
				"down": {"uv": [0.75, 7.25, 0, 8], "texture": "#0"}
			}
		},
		{
			"name": "Right Arm",
			"from": [2.63269, 0.32612, 8.45742],
			"to": [5.63269, 6.32612, 11.45742],
			"rotation": {"angle": -22.5, "axis": "z", "origin": [4.13269, 3.32612, 9.95742]},
			"faces": {
				"north": {"uv": [0, 4.5, 0.75, 6], "texture": "#0"},
				"east": {"uv": [0, 4.5, 0.75, 6], "texture": "#0"},
				"south": {"uv": [0, 4.5, 0.75, 6], "texture": "#0"},
				"west": {"uv": [0, 4.5, 0.75, 6], "texture": "#0"},
				"up": {"uv": [0.75, 7, 0, 6.25], "texture": "#0"},
				"down": {"uv": [0.75, 7.25, 0, 8], "texture": "#0"}
			}
		},
		{
			"name": "Right Leg",
			"from": [8.25, 0, 2],
			"to": [11.25, 3, 7],
			"rotation": {"angle": -22.5, "axis": "y", "origin": [6.75, 7.6625, 6.82871]},
			"faces": {
				"north": {"uv": [0.75, 8.25, 0, 9], "rotation": 180, "texture": "#0"},
				"east": {"uv": [0, 4.75, 0.75, 6], "rotation": 270, "texture": "#0"},
				"south": {"uv": [1.75, 4.5, 1, 3.75], "texture": "#0"},
				"west": {"uv": [0, 4.75, 0.75, 6], "rotation": 90, "texture": "#0"},
				"up": {"uv": [0, 4.75, 0.75, 6], "rotation": 180, "texture": "#0"},
				"down": {"uv": [0, 4.75, 0.75, 6], "texture": "#0"}
			}
		},
		{
			"name": "Left Leg",
			"from": [4, 0, 2.5],
			"to": [7, 3, 7.5],
			"rotation": {"angle": 22.5, "axis": "y", "origin": [7.5, 7.6625, 7.57871]},
			"faces": {
				"north": {"uv": [0.75, 8.25, 0, 9], "rotation": 180, "texture": "#0"},
				"east": {"uv": [0, 4.75, 0.75, 6], "rotation": 270, "texture": "#0"},
				"south": {"uv": [5.5, 8, 4.75, 7.25], "texture": "#0"},
				"west": {"uv": [0, 4.75, 0.75, 6], "rotation": 90, "texture": "#0"},
				"up": {"uv": [0, 4.75, 0.75, 6], "rotation": 180, "texture": "#0"},
				"down": {"uv": [0, 4.75, 0.75, 6], "texture": "#0"}
			}
		}
	],
	"display": {
		"thirdperson_righthand": {
			"rotation": [75, 45, 0],
			"translation": [0, 2.5, 0],
			"scale": [0.375, 0.375, 0.375]
		},
		"thirdperson_lefthand": {
			"rotation": [75, 45, 0],
			"translation": [0, 2.5, 0],
			"scale": [0.375, 0.375, 0.375]
		},
		"firstperson_righthand": {
			"rotation": [-9, 155, -3],
			"translation": [0.5, 4, 0],
			"scale": [0.5, 0.5, 0.5]
		},
		"firstperson_lefthand": {
			"rotation": [-9, 155, -3],
			"translation": [0.5, 4, 0],
			"scale": [0.5, 0.5, 0.5]
		},
		"ground": {
			"translation": [0, 2, 0],
			"scale": [0.5, 0.5, 0.5]
		},
		"gui": {
			"rotation": [30, 225, 0],
			"translation": [0, 0.5, 0],
			"scale": [0.8, 0.8, 0.8]
		},
		"head": {
			"translation": [0, 14.5, 0]
		},
		"fixed": {
			"translation": [0, 1.5, 0],
			"scale": [1.2, 1.2, 1.2]
		}
	},
	"groups": [
		{
			"name": "Head",
			"origin": [8, 24, 8],
			"color": 0,
			"children": [0, 1]
		},
		{
			"name": "Body",
			"origin": [8, 24, 8],
			"color": 0,
			"children": [2]
		},
		{
			"name": "RightArm",
			"origin": [13, 22, 8],
			"color": 0,
			"children": [3, 4]
		},
		{
			"name": "LeftArm",
			"origin": [3, 22, 8],
			"color": 0,
			"children": []
		},
		{
			"name": "RightLeg",
			"origin": [9.9, 12, 8],
			"color": 0,
			"children": [5]
		},
		{
			"name": "LeftLeg",
			"origin": [6.1, 12, 8],
			"color": 0,
			"children": [6]
		}
	]
}