{
	"credit": "by YSBB Made with Blockbench",
	"render_type": "cutout",
	"texture_size": [64, 64],
	"textures": {
		"0": "kaleidoscope:block/doll/doll_61",
		"particle": "block/white_wool"
	},
	"elements": [
		{
			"from": [6, 4, 5],
			"to": [11, 9, 10],
			"rotation": {"angle": 0, "axis": "y", "origin": [9, 4, 5]},
			"faces": {
				"north": {"uv": [2.5, 2.5, 5, 5], "texture": "#0"},
				"east": {"uv": [0, 2.5, 2.5, 5], "texture": "#0"},
				"south": {"uv": [7.5, 2.5, 10, 5], "texture": "#0"},
				"west": {"uv": [5, 2.5, 7.5, 5], "texture": "#0"},
				"up": {"uv": [2.5, 0, 5, 2.5], "texture": "#0"},
				"down": {"uv": [5, 0, 7.5, 2.5], "texture": "#0"}
			}
		},
		{
			"from": [7, 1, 6],
			"to": [10, 4, 9],
			"rotation": {"angle": 0, "axis": "y", "origin": [7, 2, 6]},
			"faces": {
				"north": {"uv": [12.5, 4, 14, 5.5], "texture": "#0"},
				"east": {"uv": [12.5, 4, 14, 5.5], "texture": "#0"},
				"south": {"uv": [12.5, 4, 14, 5.5], "texture": "#0"},
				"west": {"uv": [12.5, 4, 14, 5.5], "texture": "#0"},
				"up": {"uv": [1, 0, 2.5, 1.5], "texture": "#0"},
				"down": {"uv": [11.5, 4, 13, 5.5], "texture": "#0"}
			}
		},
		{
			"from": [7.5, 0, 6.5],
			"to": [9.5, 4, 8.5],
			"rotation": {"angle": 0, "axis": "y", "origin": [7, 2, 6]},
			"faces": {
				"north": {"uv": [5, 3, 5.5, 5], "texture": "#0"},
				"east": {"uv": [5, 3, 5.5, 5], "texture": "#0"},
				"south": {"uv": [5, 3, 5.5, 5], "texture": "#0"},
				"west": {"uv": [5, 3, 5.5, 5], "texture": "#0"},
				"up": {"uv": [1, 0, 1.5, 0.5], "texture": "#0"},
				"down": {"uv": [11.5, 4, 12, 4.5], "texture": "#0"}
			}
		},
		{
			"from": [6.75, 0.75, 5.75],
			"to": [10.25, 4.25, 9.25],
			"rotation": {"angle": 0, "axis": "y", "origin": [7, 2, 6]},
			"faces": {
				"north": {"uv": [12.5, 6, 14, 7.5], "texture": "#0"},
				"east": {"uv": [12.5, 6, 14, 7.5], "texture": "#0"},
				"south": {"uv": [12.5, 6, 14, 7.5], "texture": "#0"},
				"west": {"uv": [12.5, 6, 14, 7.5], "texture": "#0"}
			}
		},
		{
			"from": [2, 1, 8.5],
			"to": [15, 6, 8.5],
			"rotation": {"angle": 0, "axis": "y", "origin": [6, 1, 6.5]},
			"faces": {
				"north": {"uv": [9, 10.5, 15.5, 13], "texture": "#0"},
				"south": {"uv": [9, 10.5, 15.5, 13], "texture": "#0"}
			}
		}
	],
	"display": {
		"thirdperson_righthand": {
			"translation": [0, 3, 1],
			"scale": [0.85, 0.85, 0.85]
		},
		"thirdperson_lefthand": {
			"translation": [0, 3, 1],
			"scale": [0.85, 0.85, 0.85]
		},
		"firstperson_righthand": {
			"rotation": [-9, 155, -3],
			"translation": [0.5, 4, 0],
			"scale": [0.5, 0.5, 0.5]
		},
		"firstperson_lefthand": {
			"rotation": [-9, 155, -3],
			"translation": [0.5, 4, 0],
			"scale": [0.5, 0.5, 0.5]
		},
		"ground": {
			"translation": [0, 2, 0],
			"scale": [0.8, 0.8, 0.8]
		},
		"gui": {
			"rotation": [30, 225, 0],
			"translation": [0, 3.25, 0],
			"scale": [1.1, 1.1, 1.1]
		},
		"head": {
			"translation": [-0.25, 18, 0]
		},
		"fixed": {
			"translation": [0, 3.5, 0],
			"scale": [1.2, 1.2, 1.2]
		}
	},
	"groups": [
		{
			"name": "group",
			"origin": [14.5, 2.75, 6],
			"color": 0,
			"children": []
		},
		0,
		1,
		2,
		{
			"name": "right_wing",
			"origin": [8.5, 5, 9],
			"color": 0,
			"children": []
		},
		3,
		4
	]
}