{
	"credit": "by YSBB Made with Blockbench",
	"render_type": "cutout",
	"texture_size": [32, 32],
	"textures": {
		"0": "kaleidoscope:block/doll/doll_43",
		"particle": "block/white_wool"
	},
	"elements": [
		{
			"from": [4, 0, 2],
			"to": [12, 6, 11],
			"rotation": {"angle": 0, "axis": "y", "origin": [4, 0, 1]},
			"faces": {
				"north": {"uv": [0, 0, 4, 3], "texture": "#0"},
				"east": {"uv": [4.5, 3.5, 0, 6.5], "texture": "#0"},
				"south": {"uv": [0, 0, 4, 3], "texture": "#0"},
				"west": {"uv": [0, 3.5, 4.5, 6.5], "texture": "#0"},
				"up": {"uv": [0, 7, 4, 11.5], "texture": "#0"},
				"down": {"uv": [5, 4.5, 9, 0], "texture": "#0"}
			}
		},
		{
			"from": [7, 0, 0],
			"to": [9, 2, 2],
			"rotation": {"angle": 0, "axis": "y", "origin": [4, -2, -8]},
			"faces": {
				"north": {"uv": [3, 1.5, 4, 2.5], "texture": "#0"},
				"east": {"uv": [3, 1.5, 4, 2.5], "texture": "#0"},
				"south": {"uv": [3, 1.5, 4, 2.5], "texture": "#0"},
				"west": {"uv": [3, 1.5, 4, 2.5], "texture": "#0"},
				"up": {"uv": [3, 1.5, 4, 2.5], "texture": "#0"},
				"down": {"uv": [3, 1.5, 4, 2.5], "texture": "#0"}
			}
		},
		{
			"from": [7, 4.6, 4.9],
			"to": [9, 7.6, 10.9],
			"rotation": {"angle": 22.5, "axis": "x", "origin": [8, 6.65, 6.9]},
			"faces": {
				"north": {"uv": [1.5, 12.5, 2.5, 14], "texture": "#0"},
				"east": {"uv": [1, 12.5, 2.5, 15.5], "rotation": 90, "texture": "#0"},
				"south": {"uv": [9.5, 0.5, 10.5, 2], "texture": "#0"},
				"west": {"uv": [1, 15.5, 2.5, 12.5], "rotation": 90, "texture": "#0"},
				"up": {"uv": [1, 12.5, 2, 15.5], "texture": "#0"},
				"down": {"uv": [9.5, 0.5, 10.5, 3.5], "texture": "#0"}
			}
		},
		{
			"from": [1, 0.1, 5],
			"to": [5, 1.1, 8],
			"rotation": {"angle": 22.5, "axis": "y", "origin": [2.5, 0.6, 6.5]},
			"faces": {
				"north": {"uv": [1, 12.5, 1.5, 14.5], "rotation": 90, "texture": "#0"},
				"east": {"uv": [1, 12.5, 1.5, 14], "rotation": 90, "texture": "#0"},
				"south": {"uv": [1, 12.5, 1.5, 14.5], "rotation": 90, "texture": "#0"},
				"west": {"uv": [1, 12.5, 1.5, 14], "rotation": 90, "texture": "#0"},
				"up": {"uv": [1, 12.5, 2.5, 14.5], "rotation": 90, "texture": "#0"},
				"down": {"uv": [2.5, 12.5, 1, 14.5], "rotation": 90, "texture": "#0"}
			}
		},
		{
			"from": [10.96194, 0.1, 4.80866],
			"to": [14.96194, 1.1, 7.80866],
			"rotation": {"angle": -22.5, "axis": "y", "origin": [12.96194, 0.6, 6.30866]},
			"faces": {
				"north": {"uv": [1.5, 12.5, 1, 14.5], "rotation": 90, "texture": "#0"},
				"east": {"uv": [1.5, 12.5, 1, 14], "rotation": 90, "texture": "#0"},
				"south": {"uv": [1.5, 14.5, 1, 12.5], "rotation": 90, "texture": "#0"},
				"west": {"uv": [1.5, 12.5, 1, 14], "rotation": 90, "texture": "#0"},
				"up": {"uv": [2.5, 12.5, 1, 14.5], "rotation": 270, "texture": "#0"},
				"down": {"uv": [1, 12.5, 2.5, 14.5], "rotation": 270, "texture": "#0"}
			}
		},
		{
			"from": [6, 0, 11],
			"to": [10, 4, 14],
			"rotation": {"angle": 0, "axis": "y", "origin": [4, -2, 12]},
			"faces": {
				"north": {"uv": [9, 6, 11, 8], "texture": "#0"},
				"east": {"uv": [9, 6, 10.5, 8], "texture": "#0"},
				"south": {"uv": [6, 1.5, 8, 3.5], "texture": "#0"},
				"west": {"uv": [9, 6, 10.5, 8], "texture": "#0"},
				"up": {"uv": [9, 6, 11, 7.5], "texture": "#0"},
				"down": {"uv": [9, 6, 11, 7.5], "texture": "#0"}
			}
		},
		{
			"from": [5, 2, 13],
			"to": [11, 3, 17],
			"rotation": {"angle": -22.5, "axis": "x", "origin": [8, 2, 15]},
			"faces": {
				"north": {"uv": [5.5, 1.5, 8.5, 2], "texture": "#0"},
				"east": {"uv": [5.5, 1.5, 7.5, 2], "texture": "#0"},
				"south": {"uv": [5.5, 1.5, 8.5, 2], "texture": "#0"},
				"west": {"uv": [5.5, 1.5, 7.5, 2], "texture": "#0"},
				"up": {"uv": [5.5, 1.5, 8.5, 3.5], "texture": "#0"},
				"down": {"uv": [5.5, 0, 8.5, 2], "texture": "#0"}
			}
		}
	],
	"display": {
		"thirdperson_righthand": {
			"rotation": [75, 45, 0],
			"translation": [0, 2.5, 0],
			"scale": [0.375, 0.375, 0.375]
		},
		"thirdperson_lefthand": {
			"rotation": [75, 45, 0],
			"translation": [0, 2.5, 0],
			"scale": [0.375, 0.375, 0.375]
		},
		"firstperson_righthand": {
			"rotation": [-9, 155, -3],
			"translation": [0.5, 5, 0],
			"scale": [0.5, 0.5, 0.5]
		},
		"firstperson_lefthand": {
			"rotation": [-9, 155, -3],
			"translation": [0.5, 5, 0],
			"scale": [0.5, 0.5, 0.5]
		},
		"ground": {
			"translation": [0, 2, 0],
			"scale": [0.5, 0.5, 0.5]
		},
		"gui": {
			"rotation": [30, 225, 0],
			"translation": [0.5, 4.25, 0]
		},
		"head": {
			"translation": [0, 14.5, 0]
		},
		"fixed": {
			"translation": [0, 3.5, 0],
			"scale": [1.2, 1.2, 1.2]
		}
	},
	"groups": [
		{
			"name": "right_wing",
			"origin": [8.5, 5, 9],
			"color": 0,
			"children": []
		},
		{
			"name": "group",
			"origin": [14.5, 2.75, 6],
			"color": 0,
			"children": []
		},
		0,
		1,
		2,
		3,
		4,
		5,
		6
	]
}